fear_greed_date_utc,fear_greed_market_date,fear_greed_source_timestamp_utc,fear_greed_value,fear_greed_rating,fear_greed_change_1d,fear_greed_change_5d,fear_greed_sma_5d,fear_greed_sma_20d,fear_greed_zscore_20d,fear_greed_day_of_week,spx_date,spx_match_lag_calendar_days,spx_same_trading_day,spx_day_of_week,spx_symbol,spx_open,spx_high,spx_low,spx_close,spx_adj_close,spx_volume,spx_previous_close,spx_daily_return_pct,spx_gap_pct,spx_intraday_return_pct,spx_range_pct,spx_return_1d_pct,spx_return_5d_pct,spx_return_10d_pct,spx_return_20d_pct,spx_return_60d_pct,spx_return_252d_pct,spx_sma_20d,spx_close_vs_sma_20d_pct,spx_sma_50d,spx_close_vs_sma_50d_pct,spx_sma_200d,spx_close_vs_sma_200d_pct,spx_volatility_20d_annualized_pct,spx_drawdown_from_252d_high_pct,spx_data_source,outcome_forward_return_1d_pct,outcome_forward_return_5d_pct,outcome_forward_return_10d_pct,outcome_forward_return_20d_pct,outcome_forward_return_60d_pct,outcome_forward_max_drawdown_5d_pct,outcome_forward_max_gain_5d_pct,outcome_forward_max_drawdown_20d_pct,outcome_forward_max_gain_20d_pct,outcome_forward_max_drawdown_60d_pct,outcome_forward_max_gain_60d_pct
2021-02-01,2021-01-31,2021-02-01T00:00:00Z,43.400000,fear,,,,,,Sunday,2021-01-29,2,False,Friday,^GSPC,3778.050049,3778.050049,3694.120117,3714.239990,3714.239990,6643370000,3787.379883,-1.931148,-0.246340,-1.688968,2.216042,-1.931148,-3.312013,-2.141989,-0.476952,12.204553,13.112810,3791.864514,-2.047133,3715.948013,-0.045965,3349.974354,10.873684,16.761905,-3.660361,Yahoo Finance via yfinance,1.605177,4.646713,5.939037,5.050295,12.720778,0.306392,4.854831,0.306392,6.359038,0.245006,12.921889
2021-02-02,2021-02-01,2021-02-02T00:00:00Z,60.466667,greed,17.066667,,,,,Monday,2021-02-01,0,True,Monday,^GSPC,3731.169922,3784.320068,3725.620117,3773.860107,3773.860107,5436230000,3714.239990,1.605177,0.455811,1.144150,1.580403,1.605177,-2.113940,0.148878,0.473634,12.011902,17.000052,3792.754016,-0.498158,3719.234614,1.468729,3354.845905,12.489820,17.592534,-2.113940,Yahoo Finance via yfinance,1.389822,3.755571,4.206038,2.555207,10.846191,0.476435,3.760338,0.415488,4.678759,-1.338683,11.332420
2021-02-03,2021-02-02,2021-02-03T00:00:00Z,59.200000,greed,-1.266667,,,,,Tuesday,2021-02-02,0,True,Tuesday,^GSPC,3791.840088,3843.090088,3791.840088,3826.310059,3826.310059,5514090000,3773.860107,1.389822,0.476435,0.909057,1.358026,1.389822,-0.605516,0.721263,3.395624,11.118827,17.771756,3799.037024,0.717893,3724.405015,2.736143,3359.604655,13.891676,17.278770,-0.753498,Yahoo Finance via yfinance,0.100877,2.219369,2.744681,-0.172231,10.066099,-0.251682,2.405452,-0.960979,3.243853,-2.691104,10.257133
2021-02-04,2021-02-03,2021-02-04T00:00:00Z,61.066667,greed,1.866667,,,,,Wednesday,2021-02-03,0,True,Wednesday,^GSPC,3840.270020,3847.510010,3816.679932,3830.169922,3830.169922,4864870000,3826.310059,0.100877,0.364841,-0.263005,0.805739,0.100877,2.116896,-0.562851,2.772034,9.107664,16.150577,3804.202515,0.682598,3729.371011,2.702839,3364.639705,13.835960,17.163228,-0.653381,Yahoo Finance via yfinance,1.085332,2.081108,2.187894,-1.610893,9.164084,0.169444,2.645577,-2.789167,3.139809,-2.789167,10.146021
2021-02-05,2021-02-04,2021-02-05T00:00:00Z,68.000000,greed,6.933333,,58.426667,,,Thursday,2021-02-04,0,True,Thursday,^GSPC,3836.659912,3872.419922,3836.659912,3871.739990,3871.739990,4879240000,3830.169922,1.085332,0.169444,0.914339,0.933640,1.085332,2.227400,0.484547,3.297638,10.323586,16.104947,3810.382520,1.610271,3735.655010,3.642868,3370.315604,14.877669,17.428639,0.000000,Yahoo Finance via yfinance,0.389750,1.152967,0.903211,-0.769681,8.288784,0.082390,1.543492,-3.832899,2.032418,-3.832899,8.963407
2021-02-08,2021-02-07,2021-02-08T00:00:00Z,72.866667,greed,4.866667,29.466667,64.320000,,,Sunday,2021-02-05,2,False,Friday,^GSPC,3878.300049,3894.560059,3874.929932,3886.830078,3886.830078,4879470000,3871.739990,0.389750,0.169434,0.219942,0.507010,0.389750,4.646713,1.180801,2.183087,9.472753,16.171118,3814.534521,1.895265,3741.839810,3.874839,3375.753204,15.139640,16.751770,0.000000,Yahoo Finance via yfinance,0.739935,1.234940,-0.265771,-1.684663,7.147986,-0.048629,1.296684,-4.206255,1.636291,-4.206255,8.540371
2021-02-09,2021-02-08,2021-02-09T00:00:00Z,75.400000,extreme greed,2.533333,14.933333,67.306667,,,Monday,2021-02-08,0,True,Monday,^GSPC,3892.590088,3915.770020,3892.590088,3915.590088,3915.590088,4648360000,3886.830078,0.739935,0.148193,0.590866,0.596371,0.739935,3.755571,1.562240,2.376935,10.437369,17.666207,3819.080029,2.527050,3747.443413,4.486970,3381.342155,15.799878,16.831087,0.000000,Yahoo Finance via yfinance,-0.111353,0.434162,-0.873942,-1.025392,6.435805,-0.782772,0.889773,-4.909860,0.889773,-4.909860,7.743142
2021-02-10,2021-02-09,2021-02-10T00:00:00Z,75.266667,extreme greed,-0.133333,16.066667,70.520000,,,Tuesday,2021-02-09,0,True,Tuesday,^GSPC,3910.489990,3918.350098,3902.639893,3911.229980,3911.229980,4568320000,3915.590088,-0.111353,-0.130251,0.018923,0.401222,-0.111353,2.219369,1.600414,2.937666,9.476695,16.680336,3824.661023,2.263441,3753.075015,4.214010,3386.714604,15.487440,16.606666,-0.111353,Yahoo Finance via yfinance,-0.034518,0.513907,0.363056,-0.317545,7.424522,-0.672168,1.002241,-4.803857,1.002241,-4.803857,7.863250
2021-02-11,2021-02-10,2021-02-11T00:00:00Z,76.000000,extreme greed,0.733333,14.933333,73.506667,,,Wednesday,2021-02-10,0,True,Wednesday,^GSPC,3920.780029,3931.500000,3884.939941,3909.879883,3909.879883,4837070000,3911.229980,-0.034518,0.244170,-0.278010,1.190420,-0.034518,2.081108,4.242059,2.859366,10.541951,16.443448,3830.095520,2.083091,3758.505610,4.027512,3391.871604,15.272049,16.615456,-0.145833,Yahoo Finance via yfinance,0.166246,0.104609,-2.059905,0.753481,8.253968,-0.635566,1.037118,-4.770985,1.288790,-4.770985,8.393101
2021-02-12,2021-02-11,2021-02-12T00:00:00Z,77.666667,extreme greed,1.666667,9.666667,75.440000,,,Thursday,2021-02-11,0,True,Thursday,^GSPC,3916.399902,3925.989990,3890.389893,3916.379883,3916.379883,4590960000,3909.879883,0.166246,0.166758,-0.000511,0.910516,0.166246,1.152967,3.406049,2.796437,9.238944,15.888087,3835.422510,2.110781,3764.400610,4.037277,3397.136554,15.284735,16.612903,0.000000,Yahoo Finance via yfinance,0.471103,-0.246910,-2.686920,0.688396,6.946474,-0.800480,0.869427,-4.929037,1.120681,-4.929037,8.213201
2021-02-16,2021-02-15,2021-02-16T00:00:00Z,73.933333,greed,-3.733334,1.066666,75.653333,,,Monday,2021-02-12,3,False,Friday,^GSPC,3911.649902,3937.229980,3905.780029,3934.830078,3934.830078,4135060000,3916.379883,0.471103,-0.120774,0.592593,0.803036,0.471103,1.234940,5.939037,3.669835,8.489876,16.624189,3842.387012,2.405876,3769.848213,4.376353,3402.113154,15.658413,16.533981,0.000000,Yahoo Finance via yfinance,-0.056927,-1.482404,-0.838918,0.866870,5.521713,-1.527896,0.396456,-5.374819,0.895846,-5.374819,7.705796
2021-02-17,2021-02-16,2021-02-17T00:00:00Z,70.200000,greed,-3.733333,-5.200000,74.613333,,,Tuesday,2021-02-16,0,True,Tuesday,^GSPC,3939.610107,3950.429932,3923.850098,3932.590088,3932.590088,5058990000,3934.830078,-0.056927,0.121480,-0.178191,0.675501,-0.056927,0.434162,4.206038,4.361178,8.950197,16.343315,3850.604016,2.129174,3775.119814,4.171266,3407.213955,15.419523,16.217569,-0.056927,Yahoo Finance via yfinance,-0.032040,-1.302449,-1.584199,0.765904,3.317151,-3.229424,0.025938,-5.320921,1.232011,-5.320921,7.767144
2021-02-18,2021-02-17,2021-02-18T00:00:00Z,62.533333,greed,-7.666667,-12.733334,72.066667,,,Wednesday,2021-02-17,0,True,Wednesday,^GSPC,3918.500000,3933.610107,3900.429932,3931.330078,3931.330078,4730650000,3932.590088,-0.032040,-0.358290,0.327423,0.843723,-0.032040,0.513907,2.744681,3.485741,10.189502,16.646640,3857.225024,1.921201,3780.412017,3.992106,3412.717056,15.196485,16.083332,-0.088949,Yahoo Finance via yfinance,-0.441584,-0.150080,-2.838991,1.088437,4.608362,-3.198408,-0.023406,-5.290576,1.336444,-5.290576,7.801684
2021-02-19,2021-02-18,2021-02-19T00:00:00Z,56.240000,greed,-6.293333,-19.760000,68.114667,,,Thursday,2021-02-18,0,True,Thursday,^GSPC,3915.860107,3921.979980,3885.030029,3913.969971,3913.969971,4793650000,3931.330078,-0.441584,-0.393505,-0.048269,0.939884,-0.441584,0.104609,2.187894,1.612728,9.271689,15.587617,3860.331018,1.389491,3784.709014,3.415347,3418.073206,14.508079,15.551683,-0.530140,Yahoo Finance via yfinance,-0.185490,-2.162252,-3.717453,0.038069,6.639809,-2.769052,0.420032,-4.870499,1.785914,-4.870499,8.279830
2021-02-22,2021-02-21,2021-02-22T00:00:00Z,52.480000,neutral,-3.760000,-25.186667,63.077333,,,Sunday,2021-02-19,2,False,Friday,^GSPC,3921.159912,3930.409912,3903.070068,3906.709961,3906.709961,4845320000,3913.969971,-0.185490,0.183699,-0.368512,0.698520,-0.185490,-0.246910,0.903211,1.392134,9.814926,15.815108,3863.013013,1.131162,3789.004014,3.106514,3423.264556,14.122350,15.580566,-0.714646,Yahoo Finance via yfinance,-0.773284,-2.446049,-1.657917,0.163568,6.567677,-2.999197,0.561596,-4.693716,1.975067,-4.693716,8.481051
2021-02-23,2021-02-22,2021-02-23T00:00:00Z,50.560000,neutral,-1.920000,-23.373333,58.402667,,,Monday,2021-02-22,0,True,Monday,^GSPC,3885.550049,3902.919922,3874.709961,3876.500000,3876.500000,5917100000,3906.709961,-0.773284,-0.541630,-0.232916,0.722090,-0.773284,-1.482404,-0.265771,0.911891,8.355063,16.141113,3864.764514,0.303653,3792.489014,2.215194,3428.404956,13.070073,15.819571,-1.482404,Yahoo Finance via yfinance,0.125632,0.653168,-1.422673,1.653298,6.483428,-2.243260,1.345283,-3.950984,2.769770,-3.950984,9.326455
2021-02-24,2021-02-23,2021-02-24T00:00:00Z,63.800000,greed,13.240000,-6.400000,57.122667,,,Tuesday,2021-02-23,0,True,Tuesday,^GSPC,3857.070068,3895.979980,3805.590088,3881.370117,3881.370117,6296610000,3876.500000,0.125632,-0.501224,0.630013,2.331740,0.125632,-1.302449,-0.873942,0.674645,6.765680,20.319361,3866.065015,0.395883,3796.660015,2.231174,3433.405857,13.047227,15.780083,-1.358635,Yahoo Finance via yfinance,1.135161,-0.285468,-0.152786,0.751021,6.036787,-2.365919,1.218121,-4.071501,2.640820,-4.071501,9.189279
2021-02-25,2021-02-24,2021-02-25T00:00:00Z,46.160000,neutral,-17.640000,-16.373333,53.848000,,,Wednesday,2021-02-24,0,True,Wednesday,^GSPC,3873.709961,3928.649902,3859.600098,3925.429932,3925.429932,6012790000,3881.370117,1.135161,-0.197357,1.335153,1.779006,1.135161,-0.150080,0.363056,1.969280,8.148996,25.484861,3869.855505,1.436085,3801.806611,3.251699,3438.384006,14.164966,16.229859,-0.238896,Yahoo Finance via yfinance,-2.447881,-2.692952,-0.678139,-0.924486,5.953238,-3.461784,-0.010442,-5.148222,1.488759,-5.148222,7.963716
2021-02-26,2021-02-25,2021-02-26T00:00:00Z,53.520000,neutral,7.360000,-2.720000,53.304000,,,Thursday,2021-02-25,0,True,Thursday,^GSPC,3915.800049,3925.020020,3814.040039,3829.340088,3829.340088,6547470000,3925.429932,-2.447881,-0.245320,-2.207977,2.827206,-2.447881,-2.162252,-2.059905,2.094772,5.249357,22.877439,3873.784009,-1.147300,3805.124214,0.636402,3442.879757,11.224915,15.971723,-2.680929,Yahoo Finance via yfinance,-0.475021,-1.589572,2.872558,2.093832,8.526790,-2.768101,2.223880,-2.768101,4.035422,-2.768101,10.672856
2021-03-01,2021-02-28,2021-03-01T00:00:00Z,58.520000,greed,5.000000,6.040000,54.512000,62.864000,-0.413595,Sunday,2021-02-26,2,False,Friday,^GSPC,3839.659912,3861.080078,3789.540039,3811.149902,3811.149902,6526070000,3829.340088,-0.475021,0.269494,-0.742514,1.868208,-0.475021,-2.446049,-2.686920,0.627611,5.233004,27.944174,3874.972510,-1.647047,3808.397412,0.072274,3447.584906,10.545498,15.755462,-3.143215,Yahoo Finance via yfinance,2.379076,0.807894,3.468512,4.287161,10.125550,-2.304024,2.711783,-2.304024,4.531971,-2.304024,11.201085
2021-03-02,2021-03-01,2021-03-02T00:00:00Z,50.320000,neutral,-8.200000,-0.240000,54.464000,63.210000,-1.298579,Monday,2021-03-01,0,True,Monday,^GSPC,3842.510010,3914.500000,3842.510010,3901.820068,3901.820068,5114820000,3811.149902,2.379076,0.822852,1.543524,1.888931,2.379076,0.653168,-0.838918,5.050295,6.535792,32.076152,3884.351514,0.449716,3812.541411,2.341710,3452.994006,12.998171,16.043890,-0.838918,Yahoo Finance via yfinance,-0.808085,-2.062370,1.720220,1.775326,7.337853,-4.574275,0.117633,-4.574275,2.102866,-4.574275,8.617003
2021-03-03,2021-03-02,2021-03-03T00:00:00Z,43.840000,fear,-6.480000,-19.960000,50.472000,62.378667,-1.712775,Tuesday,2021-03-02,0,True,Tuesday,^GSPC,3903.639893,3906.409912,3868.570068,3870.290039,3870.290039,5536010000,3901.820068,-0.808085,0.046640,-0.854327,0.969800,-0.808085,-0.285468,-1.584199,2.555207,5.485949,25.242783,3889.173010,-0.485527,3815.923813,1.424720,3458.082957,11.920104,15.624699,-1.640224,Yahoo Finance via yfinance,-1.306622,0.133062,2.387933,2.280450,8.415395,-3.796872,0.864792,-3.796872,2.934666,-3.796872,9.501872
2021-03-04,2021-03-03,2021-03-04T00:00:00Z,37.800000,fear,-6.040000,-8.360000,48.800000,61.308667,-1.937565,Wednesday,2021-03-03,0,True,Wednesday,^GSPC,3863.989990,3874.469971,3818.860107,3819.719971,3819.719971,6173660000,3870.290039,-1.306622,-0.162780,-1.145707,1.436840,-1.306622,-2.692952,-2.838991,-0.172231,4.172667,27.181127,3888.843506,-1.777483,3817.868613,0.048492,3462.863057,10.305256,15.674577,-2.925415,Yahoo Finance via yfinance,-1.341721,2.070573,4.042185,4.009978,9.978740,-2.523219,2.555950,-2.523219,4.573370,-2.523219,10.951590
2021-03-05,2021-03-04,2021-03-05T00:00:00Z,41.520000,fear,3.720000,-12.000000,46.400000,60.331333,-1.456477,Thursday,2021-03-04,0,True,Thursday,^GSPC,3818.530029,3843.669922,3723.340088,3768.469971,3768.469971,7195400000,3819.719971,-1.341721,-0.031153,-1.310977,3.150227,-1.341721,-1.589572,-3.717453,-1.610893,1.874766,20.393781,3885.758508,-3.018421,3819.049814,-1.324409,3466.935857,8.697424,16.367693,-4.227885,Yahoo Finance via yfinance,1.949597,4.534204,3.900522,6.671146,11.560126,-1.015798,5.089600,-1.015798,6.691307,-1.015798,12.460496
2021-03-08,2021-03-07,2021-03-08T00:00:00Z,39.080000,fear,-2.440000,-19.440000,42.512000,58.885333,-1.454989,Sunday,2021-03-05,2,False,Friday,^GSPC,3793.580078,3851.689941,3730.189941,3841.939941,3841.939941,6851070000,3768.469971,1.949597,0.666321,1.274782,3.224120,1.949597,0.807894,-1.657917,-0.769681,4.062340,27.050802,3884.268506,-1.089744,3821.990215,0.521972,3471.530857,10.669906,17.433876,-2.360715,Yahoo Finance via yfinance,-0.535923,2.639295,1.852193,6.141948,9.372872,-0.590586,3.079957,-0.590586,6.285366,-0.590586,10.309898
2021-03-09,2021-03-08,2021-03-09T00:00:00Z,43.360000,fear,4.280000,-6.960000,41.120000,57.410000,-1.031879,Monday,2021-03-08,0,True,Monday,^GSPC,3844.389893,3881.060059,3819.250000,3821.350098,3821.350098,5871710000,3841.939941,-0.535923,0.063769,-0.599310,1.608824,-0.535923,-2.062370,-1.422673,-1.684663,3.216965,28.562391,3880.994507,-1.536833,3824.672017,-0.086855,3475.779557,9.942246,17.445875,-2.883987,Yahoo Finance via yfinance,1.415464,3.862243,3.120363,6.609963,10.121292,0.800236,3.892079,0.800236,6.931579,0.800236,10.904260
2021-03-10,2021-03-09,2021-03-10T00:00:00Z,45.560000,neutral,2.200000,1.720000,41.464000,55.918000,-0.786579,Tuesday,2021-03-09,0,True,Tuesday,^GSPC,3851.929932,3903.760010,3851.929932,3875.439941,3875.439941,5513560000,3821.350098,1.415464,0.800236,0.610344,1.356329,1.415464,0.133062,-0.152786,-1.025392,5.516738,41.101591,3878.986999,-0.091443,3828.380615,1.229223,3480.414207,11.349963,18.021834,-1.509344,Yahoo Finance via yfinance,0.603031,2.251874,0.905190,5.277079,8.190300,0.265519,2.724854,-0.566128,5.439125,-0.566128,9.356360
2021-03-11,2021-03-10,2021-03-11T00:00:00Z,50.480000,neutral,4.920000,12.680000,44.000000,54.678667,-0.338731,Wednesday,2021-03-10,0,True,Wednesday,^GSPC,3891.989990,3917.350098,3885.729980,3898.810059,3898.810059,5847380000,3875.439941,0.603031,0.427050,0.175233,0.815910,0.603031,2.070573,-0.678139,-0.317545,6.289631,35.270609,3878.366003,0.527131,3832.295615,1.735629,3485.131007,11.869828,18.164999,-0.915415,Yahoo Finance via yfinance,1.039549,1.931616,-0.248029,5.087703,8.491824,0.420639,2.181693,-1.162151,5.113865,-1.162151,8.700859
2021-03-12,2021-03-11,2021-03-12T00:00:00Z,53.720000,neutral,3.240000,12.200000,46.440000,53.564667,0.013705,Thursday,2021-03-11,0,True,Thursday,^GSPC,3915.540039,3960.270020,3915.540039,3939.340088,3939.340088,5312880000,3898.810059,1.039549,0.429105,0.607836,1.147273,1.039549,4.534204,2.872558,0.753481,7.530589,43.699168,3879.839014,1.533596,3836.375215,2.683910,3489.868857,12.879316,18.541720,0.000000,Yahoo Finance via yfinance,0.101540,-0.606196,-0.756981,4.809428,7.290052,-0.722963,1.130393,-2.179047,4.826694,-2.179047,7.582487
2021-03-15,2021-03-14,2021-03-15T00:00:00Z,56.520000,greed,2.800000,17.440000,49.928000,52.507333,0.407072,Sunday,2021-03-12,2,False,Friday,^GSPC,3924.520020,3944.989990,3915.209961,3943.340088,3943.340088,4476280000,3939.340088,0.101540,-0.376207,0.479551,0.755965,0.101540,2.639295,3.468512,0.688396,8.111060,58.964632,3881.187024,1.601393,3840.701216,2.672399,3494.404908,12.847257,18.537485,0.000000,Yahoo Finance via yfinance,0.649192,-0.766862,0.791206,4.682582,7.199980,-1.435080,1.027810,-2.278274,4.778175,-2.278274,7.473359
2021-03-16,2021-03-15,2021-03-16T00:00:00Z,54.800000,neutral,-1.720000,11.440000,52.216000,51.550667,0.382091,Monday,2021-03-15,0,True,Monday,^GSPC,3942.959961,3970.080078,3923.540039,3968.939941,3968.939941,4900100000,3943.340088,0.649192,-0.009640,0.658895,1.180219,0.649192,3.862243,1.720220,0.866870,7.424845,46.400245,3882.892517,2.216065,3845.439214,3.211616,3499.100958,13.427420,18.602979,0.000000,Yahoo Finance via yfinance,-0.156968,-0.714293,0.054174,4.350026,6.314277,-2.070829,0.376175,-2.908584,4.511534,-2.908584,6.780150
2021-03-17,2021-03-16,2021-03-17T00:00:00Z,57.866667,greed,3.066667,12.306667,54.677333,50.934000,0.928795,Tuesday,2021-03-16,0,True,Tuesday,^GSPC,3973.590088,3981.040039,3953.439941,3962.709961,3962.709961,4613080000,3968.939941,-0.156968,0.117163,-0.273811,0.695402,-0.156968,2.251874,2.387933,0.765904,7.066415,66.072685,3884.398511,2.016051,3849.572012,2.938975,3503.692958,13.100948,18.613969,-0.156968,Yahoo Finance via yfinance,0.287938,-1.317027,-0.104976,4.086855,6.976797,-1.916869,0.533982,-2.755941,4.768958,-2.755941,7.243282
2021-03-18,2021-03-17,2021-03-18T00:00:00Z,52.333333,neutral,-5.533334,1.853333,55.048000,50.424000,0.274273,Wednesday,2021-03-17,0,True,Wednesday,^GSPC,3949.570068,3983.870117,3935.739990,3974.120117,3974.120117,4561660000,3962.709961,0.287938,-0.331589,0.621588,1.214576,0.287938,1.931616,4.042185,1.088437,6.760013,57.130157,3886.538013,2.253474,3855.041416,3.088908,3508.284908,13.278146,18.631122,0.000000,Yahoo Finance via yfinance,-1.476054,-2.138341,-0.030956,4.939453,6.877493,-2.198477,-0.113233,-3.035140,5.016711,-3.035140,6.935375
2021-03-19,2021-03-18,2021-03-19T00:00:00Z,50.833333,neutral,-1.500000,-2.886667,54.470667,50.153667,0.099550,Thursday,2021-03-18,0,True,Thursday,^GSPC,3953.500000,3969.620117,3910.860107,3915.459961,3915.459961,5118590000,3974.120117,-1.476054,-0.518860,-0.962186,1.478567,-1.476054,-0.606196,3.900522,0.038069,5.554793,63.273416,3886.612512,0.742226,3858.813413,1.467978,3512.458108,11.473499,19.349026,-1.476054,Yahoo Finance via yfinance,-0.060270,-0.151705,2.666613,6.896003,8.675608,-1.582444,1.017763,-1.582444,7.045152,-1.582444,8.686844
2021-03-22,2021-03-21,2021-03-22T00:00:00Z,50.700000,neutral,-0.133333,-5.820000,53.306667,50.064667,0.093335,Sunday,2021-03-19,2,False,Friday,^GSPC,3913.139893,3930.120117,3886.750000,3913.100098,3913.100098,7757420000,3915.459961,-0.060270,-0.059254,-0.001017,1.107663,-0.060270,-0.766862,1.852193,0.163568,5.904869,62.410414,3886.932019,0.673232,3862.112617,1.320197,3516.409258,11.281134,19.337438,-1.535435,Yahoo Finance via yfinance,0.702512,1.570109,4.211745,6.392877,8.522392,-1.523092,1.663383,-1.523092,7.109707,-1.523092,8.792519
2021-03-23,2021-03-22,2021-03-23T00:00:00Z,41.800000,fear,-8.900000,-13.000000,50.706667,49.626667,-1.110017,Monday,2021-03-22,0,True,Monday,^GSPC,3916.479980,3955.310059,3914.159912,3940.590088,3940.590088,4316260000,3913.100098,0.702512,0.086374,0.615607,1.051600,0.702512,-0.714293,3.120363,1.653298,6.870415,70.964295,3890.136523,1.296961,3864.848618,1.959753,3520.550458,11.931078,19.248666,-0.843710,Yahoo Finance via yfinance,-0.763085,0.773996,3.384007,4.931999,7.184460,-2.210077,1.046544,-2.210077,6.362498,-2.210077,8.033570
2021-03-24,2021-03-23,2021-03-24T00:00:00Z,37.666667,fear,-4.133333,-20.200000,46.666667,48.320000,-1.590329,Tuesday,2021-03-23,0,True,Tuesday,^GSPC,3937.600098,3949.129883,3901.570068,3910.520020,3910.520020,4669010000,3940.590088,-0.763085,-0.075877,-0.687731,1.206921,-0.763085,-1.317027,0.905190,0.751021,5.975865,74.779664,3891.594019,0.486330,3866.565420,1.136787,3524.133408,10.964018,19.483313,-1.600357,Yahoo Finance via yfinance,-0.546734,1.228226,4.332670,6.722889,7.961597,-1.458119,1.823544,-1.458119,7.180376,-1.458119,8.864298
2021-03-25,2021-03-24,2021-03-25T00:00:00Z,37.833333,fear,0.166666,-14.500000,43.766667,47.903667,-1.420838,Wednesday,2021-03-24,0,True,Wednesday,^GSPC,3919.929932,3942.080078,3889.070068,3889.139893,3889.139893,4783020000,3910.520020,-0.546734,0.240631,-0.785474,1.355574,-0.546734,-2.138341,-0.248029,-0.924486,5.025029,58.913582,3889.779517,-0.016444,3868.356016,0.537279,3527.417158,10.254606,19.146433,-2.138341,Yahoo Finance via yfinance,0.524027,2.153432,5.348998,6.321194,7.130376,-0.916395,2.706769,-0.916395,7.769589,-0.916395,9.462767
2021-03-26,2021-03-25,2021-03-26T00:00:00Z,37.566667,fear,-0.266666,-13.266666,41.113333,47.106000,-1.303849,Thursday,2021-03-25,0,True,Thursday,^GSPC,3879.340088,3919.540039,3853.500000,3909.520020,3909.520020,4948340000,3889.139893,0.524027,-0.251979,0.777966,1.698063,0.524027,-0.151705,-0.756981,2.093832,4.662466,57.924669,3893.788513,0.404015,3870.522617,1.007549,3530.928859,10.722141,16.970921,-1.625519,Yahoo Finance via yfinance,1.663120,2.822600,5.608867,6.922842,8.064162,0.194400,2.842033,0.194400,7.280942,0.194400,8.892144
2021-03-29,2021-03-28,2021-03-29T00:00:00Z,39.566667,fear,2.000000,-11.133333,38.886667,46.158333,-0.944392,Sunday,2021-03-26,2,False,Friday,^GSPC,3917.120117,3978.189941,3917.120117,3974.540039,3974.540039,5483160000,3909.520020,1.663120,0.194400,1.465871,1.562080,1.663120,1.570109,0.791206,4.287161,6.640658,51.119169,3901.958020,1.860144,3873.816616,2.600108,3534.850859,12.438691,17.677299,0.000000,Yahoo Finance via yfinance,-0.086801,2.600801,3.860829,5.361125,6.841041,-0.787262,2.739434,-0.787262,5.526423,-0.787262,7.110763
2021-03-30,2021-03-29,2021-03-30T00:00:00Z,42.033333,fear,2.466666,0.233333,38.933333,45.744000,-0.532706,Monday,2021-03-29,0,True,Monday,^GSPC,3969.310059,3981.830078,3943.250000,3971.090088,3971.090088,4628180000,3974.540039,-0.086801,-0.131587,0.044845,0.970680,-0.086801,0.773996,0.054174,1.775326,6.405345,56.251702,3905.421521,1.681472,3877.327617,2.418224,3539.695809,12.187326,15.735701,-0.086801,Yahoo Finance via yfinance,-0.315783,2.589965,4.293525,5.429998,6.818021,-0.673366,2.899453,-0.673366,5.618101,-0.673366,7.203817
2021-03-31,2021-03-30,2021-03-31T00:00:00Z,44.566667,fear,2.533334,6.900000,40.313333,45.780333,-0.174449,Tuesday,2021-03-30,0,True,Tuesday,^GSPC,3963.340088,3968.010010,3944.350098,3958.550049,3958.550049,4121510000,3971.090088,-0.315783,-0.195161,-0.120859,0.595804,-0.315783,1.228226,-0.104976,2.280450,5.390740,50.707182,3909.834522,1.245974,3881.133618,1.994686,3544.282009,11.688349,15.456484,-0.402310,Yahoo Finance via yfinance,0.362250,3.066777,4.196236,5.674556,7.779116,0.212955,3.225422,0.212955,6.138099,0.212955,7.900108
2021-04-01,2021-03-31,2021-04-01T00:00:00Z,46.400000,neutral,1.833333,8.566667,42.026667,46.210333,0.028313,Wednesday,2021-03-31,0,True,Wednesday,^GSPC,3967.250000,3994.409912,3966.979980,3972.889893,3972.889893,4578050000,3958.550049,0.362250,0.219776,0.142161,0.692929,0.362250,2.153432,-0.030956,4.009978,7.356545,53.714506,3917.493018,1.414090,3884.613218,2.272470,3548.813508,11.949808,14.524460,-0.041518,Yahoo Finance via yfinance,1.182520,3.128202,4.971948,6.005209,7.747768,0.500647,3.153877,0.500647,6.189195,0.500647,7.884191
2021-04-05,2021-04-04,2021-04-05T00:00:00Z,54.566667,neutral,8.166667,17.000000,45.426667,46.862667,1.124406,Sunday,2021-04-01,3,False,Thursday,^GSPC,3992.780029,4020.629883,3992.780029,4019.870117,4019.870117,4162130000,3972.889893,1.182520,0.500647,0.678477,0.700997,1.182520,2.822600,2.666613,6.671146,7.862115,62.714840,3930.063025,2.285131,3887.973618,3.392423,3553.289159,13.130959,13.709956,0.000000,Yahoo Finance via yfinance,1.443823,2.709781,4.119539,4.012563,6.735037,0.362445,2.726702,0.362445,4.948162,0.362445,6.773105
2021-04-06,2021-04-05,2021-04-06T00:00:00Z,53.500000,neutral,-1.066667,13.933333,48.213333,47.583667,0.876823,Monday,2021-04-05,0,True,Monday,^GSPC,4034.439941,4083.419922,4034.439941,4077.909912,4077.909912,4005030000,4019.870117,1.443823,0.362445,1.077472,1.218447,1.443823,2.600801,4.211745,6.141948,8.798231,61.379954,3941.861524,3.451374,3892.470415,4.764057,3558.111259,14.608836,13.015997,0.000000,Yahoo Finance via yfinance,-0.097353,1.228088,2.092980,2.813947,5.245086,-0.239584,1.320526,-0.239584,3.454463,-0.515706,5.458927
2021-04-07,2021-04-06,2021-04-07T00:00:00Z,52.533333,neutral,-0.966667,10.500000,50.313333,48.042333,0.664642,Tuesday,2021-04-06,0,True,Tuesday,^GSPC,4075.570068,4086.229980,4068.139893,4073.939941,4073.939941,4081270000,4077.909912,-0.097353,-0.057379,-0.039998,0.443612,-0.097353,2.589965,3.384007,6.609963,7.102124,63.700806,3954.491016,3.020589,3897.119814,4.537200,3562.904258,14.343234,12.731672,-0.097353,Yahoo Finance via yfinance,0.147523,1.660552,1.497322,2.226842,5.487564,-0.138193,1.817898,-0.138193,3.555277,-0.418761,5.608581
2021-04-08,2021-04-07,2021-04-08T00:00:00Z,48.100000,neutral,-4.433333,3.533333,51.020000,48.169333,-0.010299,Wednesday,2021-04-07,0,True,Wednesday,^GSPC,4074.290039,4083.129883,4068.310059,4079.949951,4079.949951,4120810000,4073.939941,0.147523,0.008594,0.138918,0.363771,0.147523,3.066777,4.332670,5.277079,6.674284,53.169677,3964.716516,2.906473,3901.611611,4.570889,3567.815308,14.354292,12.067663,0.000000,Yahoo Finance via yfinance,0.422063,1.095852,2.290959,2.148063,5.882180,0.063483,1.758355,0.063483,3.402734,-0.565450,5.899832
2021-04-09,2021-04-08,2021-04-09T00:00:00Z,47.500000,neutral,-0.600000,1.100000,51.240000,48.020333,-0.077536,Thursday,2021-04-08,0,True,Thursday,^GSPC,4089.949951,4098.189941,4082.540039,4097.169922,4097.169922,3907100000,4079.949951,0.422063,0.245101,0.176530,0.383581,0.422063,3.128202,5.348998,5.087703,7.831325,54.063121,3974.634509,3.082935,3906.562607,4.879157,3572.711857,14.679551,12.016463,0.000000,Yahoo Finance via yfinance,0.771993,1.787819,0.922834,2.549325,6.227956,-0.040514,1.862757,-0.040514,2.968143,-0.983363,6.303382
2021-04-12,2021-04-11,2021-04-12T00:00:00Z,43.433333,fear,-4.066667,-11.133334,49.013333,47.506000,-0.612902,Sunday,2021-04-09,2,False,Friday,^GSPC,4096.109863,4129.479980,4095.510010,4128.799805,4128.799805,3640390000,4097.169922,0.771993,-0.025873,0.798073,0.829108,0.771993,2.709781,5.608867,4.809428,8.618613,50.139268,3984.107495,3.631737,3914.123203,5.484666,3577.699406,15.403765,11.819556,0.000000,Yahoo Finance via yfinance,-0.019608,1.372564,1.244190,2.514055,5.201033,-0.338597,1.514005,-0.338597,2.645811,-1.741909,5.513955
2021-04-13,2021-04-12,2021-04-13T00:00:00Z,43.633333,fear,0.200000,-9.866667,47.040000,46.861667,-0.508980,Monday,2021-04-12,0,True,Monday,^GSPC,4124.709961,4131.759766,4114.819824,4127.990234,4127.990234,3588900000,4128.799805,-0.019608,-0.099056,0.079527,0.410287,-0.019608,1.228088,3.860829,4.682582,8.350748,47.966182,3993.340002,3.371870,3920.935410,5.280751,3583.087706,15.207625,11.845870,-0.019608,Yahoo Finance via yfinance,0.329449,0.854400,1.444526,1.464149,5.575102,-0.172484,1.533914,-0.232809,2.665942,-1.722639,5.665945
2021-04-14,2021-04-13,2021-04-14T00:00:00Z,39.966667,fear,-3.666666,-12.566666,44.526667,46.120000,-0.987389,Tuesday,2021-04-13,0,True,Tuesday,^GSPC,4130.100098,4148.000000,4124.430176,4141.589844,4141.589844,3734720000,4127.990234,0.329449,0.051111,0.278195,0.570976,0.329449,1.660552,4.293525,4.350026,9.117275,49.969041,4001.972498,3.488713,3929.482407,5.397847,3588.376855,15.416803,11.750401,0.000000,Yahoo Finance via yfinance,-0.408773,-0.160564,1.089687,0.253773,4.327565,-0.560412,1.200510,-0.725810,2.328821,-2.045349,5.318973
2021-04-15,2021-04-14,2021-04-15T00:00:00Z,47.166667,neutral,7.200000,-0.933333,44.340000,45.585000,0.282572,Wednesday,2021-04-14,0,True,Wednesday,^GSPC,4141.580078,4151.689941,4120.870117,4124.660156,4124.660156,3985350000,4141.589844,-0.408773,-0.000236,-0.408538,0.744154,-0.408773,1.095852,4.196236,4.086855,9.458241,44.925268,4010.070007,2.857560,3936.498408,4.779927,3593.954906,14.766608,11.889501,-0.408773,Yahoo Finance via yfinance,1.109419,1.182152,1.418784,-1.493944,5.937208,-0.152262,1.615888,-1.643294,2.748830,-1.643294,5.986916
2021-04-16,2021-04-15,2021-04-16T00:00:00Z,51.300000,neutral,4.133333,3.800000,45.100000,45.533333,1.041616,Thursday,2021-04-15,0,True,Thursday,^GSPC,4139.759766,4173.490234,4139.759766,4170.419922,4170.419922,4033420000,4124.660156,1.109419,0.366081,0.740626,0.817776,1.109419,1.787819,4.971948,4.939453,9.779385,49.834005,4019.884998,3.744757,3943.380606,5.757479,3599.540806,15.859776,12.317101,0.000000,Yahoo Finance via yfinance,0.360882,-0.849793,0.984320,-1.388827,5.136412,-1.247837,0.500912,-2.722509,1.621422,-2.722509,5.185575
2021-04-19,2021-04-18,2021-04-19T00:00:00Z,45.266667,neutral,-6.033333,1.833334,45.466667,45.255000,0.002163,Sunday,2021-04-16,2,False,Friday,^GSPC,4174.140137,4191.310059,4170.750000,4185.470215,4185.470215,4163820000,4170.419922,0.360882,0.089205,0.271435,0.492997,0.360882,1.372564,4.119539,6.896003,8.661295,49.505104,4033.385510,3.770646,3950.486611,5.948219,3604.966707,16.102881,10.507328,0.000000,Yahoo Finance via yfinance,-0.530656,-0.126636,-0.102743,-0.277630,4.389943,-1.602934,0.207855,-3.072303,1.256008,-3.072303,4.943289
2021-04-20,2021-04-19,2021-04-20T00:00:00Z,42.866667,fear,-2.400000,-0.766666,45.313334,44.863333,-0.379562,Monday,2021-04-19,0,True,Monday,^GSPC,4179.799805,4180.810059,4150.470215,4163.259766,4163.259766,3810290000,4185.470215,-0.530656,-0.135478,-0.395714,0.724885,-0.530656,0.854400,2.092980,6.392877,8.050456,44.831198,4045.893494,2.900874,3956.317007,5.230692,3610.203705,15.319248,10.869089,-0.530656,Yahoo Finance via yfinance,-0.680232,0.585127,0.706187,0.000727,5.069106,-1.077999,0.742932,-2.555206,1.796195,-2.555206,5.534615
2021-04-21,2021-04-20,2021-04-21T00:00:00Z,49.633333,neutral,6.766666,9.666666,47.246667,45.255000,0.824275,Tuesday,2021-04-20,0,True,Tuesday,^GSPC,4159.180176,4159.180176,4118.379883,4134.939941,4134.939941,4342650000,4163.259766,-0.680232,-0.097990,-0.582813,0.980008,-0.680232,-0.160564,1.497322,4.931999,7.639523,46.464957,4055.610986,1.956030,3961.279204,4.383956,3615.228355,14.375623,11.310359,-1.207278,Yahoo Finance via yfinance,0.930606,1.252262,0.718758,-0.171946,5.443606,-0.272072,1.432911,-1.887816,2.493388,-1.887816,6.257412
2021-04-22,2021-04-21,2021-04-22T00:00:00Z,46.700000,neutral,-2.933333,-0.466667,47.153333,45.706667,0.198353,Wednesday,2021-04-21,0,True,Wednesday,^GSPC,4128.419922,4175.020020,4126.350098,4173.419922,4173.419922,3887250000,4134.939941,0.930606,-0.157681,1.090005,1.177041,0.930606,1.182152,2.290959,6.722889,8.249808,52.506060,4068.755981,2.572382,3966.435801,5.218391,3620.196854,15.281574,10.901815,-0.287908,Yahoo Finance via yfinance,-0.921066,0.233867,-0.139695,-1.383512,3.683795,-1.191588,0.673545,-2.792435,1.548373,-2.792435,5.277692
2021-04-23,2021-04-22,2021-04-23T00:00:00Z,47.700000,neutral,1.000000,-3.600000,46.433333,46.200000,0.321491,Thursday,2021-04-22,0,True,Thursday,^GSPC,4170.459961,4179.569824,4123.689941,4134.979980,4134.979980,4245140000,4173.419922,-0.921066,-0.070924,-0.850745,1.338947,-0.921066,-0.849793,0.922834,6.321194,7.412676,47.714254,4081.047986,1.321523,3970.910801,4.131777,3625.145154,14.063846,11.371095,-1.206322,Yahoo Finance via yfinance,1.092870,1.849833,1.611619,0.583803,2.986961,0.091894,2.026607,-1.888766,2.492396,-1.888766,6.256383
2021-04-26,2021-04-25,2021-04-26T00:00:00Z,50.533333,neutral,2.833333,5.266666,47.486667,46.848333,0.859249,Sunday,2021-04-23,2,False,Friday,^GSPC,4138.779785,4194.169922,4138.779785,4180.169922,4180.169922,3569880000,4134.979980,1.092870,0.091894,1.000057,1.339550,1.092870,-0.126636,1.244190,6.922842,11.448313,49.409173,4094.580481,2.090310,3976.316602,5.126687,3630.196304,15.149969,11.688369,-0.126636,Yahoo Finance via yfinance,0.178227,0.023922,1.254259,-0.581557,3.418285,-0.127263,0.923643,-2.949403,1.384396,-2.949403,5.107693
2021-04-27,2021-04-26,2021-04-27T00:00:00Z,54.800000,neutral,4.266667,11.933333,49.873333,47.610000,1.679886,Monday,2021-04-26,0,True,Monday,^GSPC,4185.029785,4194.189941,4182.359863,4187.620117,4187.620117,3748320000,4180.169922,0.178227,0.116260,0.061895,0.283005,0.178227,0.585127,1.444526,5.361125,10.567734,47.620865,4105.234485,2.006844,3981.741406,5.170570,3635.374154,15.190898,10.592336,0.000000,Yahoo Finance via yfinance,-0.021490,0.120356,0.019344,0.225180,4.085132,-0.304947,0.744090,-3.122065,1.204023,-3.122065,4.920696
2021-04-28,2021-04-27,2021-04-28T00:00:00Z,52.400000,neutral,-2.400000,2.766667,50.426667,48.128333,1.018021,Tuesday,2021-04-27,0,True,Tuesday,^GSPC,4188.250000,4193.350098,4176.220215,4186.720215,4186.720215,3710700000,4187.620117,-0.021490,0.015042,-0.036526,0.409060,-0.021490,1.252262,1.089687,5.429998,12.720778,45.448995,4116.015991,1.717783,3986.779209,5.015101,3640.382555,15.007699,10.566188,-0.021490,Yahoo Finance via yfinance,-0.084554,-0.526905,-0.826903,0.033670,4.317455,-1.388447,0.765744,-3.101242,1.225776,-3.101242,4.943248
2021-04-29,2021-04-28,2021-04-29T00:00:00Z,56.166667,greed,3.766667,9.466667,52.320000,48.708333,1.668325,Wednesday,2021-04-28,0,True,Wednesday,^GSPC,4185.140137,4201.529785,4181.779785,4183.180176,4183.180176,3787360000,4186.720215,-0.084554,-0.037740,-0.046831,0.471730,-0.084554,0.233867,1.418784,5.674556,10.846191,46.091882,4127.247498,1.355205,3991.791011,4.794569,3645.522356,14.748444,10.428060,-0.106025,Yahoo Finance via yfinance,0.676281,-0.372691,-2.871981,0.306228,5.464978,-1.304996,0.851018,-3.019241,1.311439,-3.019241,5.546020
2021-04-30,2021-04-29,2021-04-30T00:00:00Z,46.533333,neutral,-9.633334,-1.166667,52.086667,48.715000,-0.488394,Thursday,2021-04-29,0,True,Thursday,^GSPC,4206.140137,4218.779785,4176.810059,4211.470215,4211.470215,4298680000,4183.180176,0.676281,0.548864,0.126721,1.003297,0.676281,1.849833,0.984320,6.005209,10.066099,43.271164,4139.176514,1.746572,3997.393814,5.355399,3650.592107,15.364031,10.520718,0.000000,Yahoo Finance via yfinance,-0.719471,-0.233887,-2.350016,-0.251464,5.006081,-1.967968,-0.049391,-3.670698,0.630892,-3.670698,5.016295
2021-05-03,2021-05-02,2021-05-03T00:00:00Z,47.566667,neutral,1.033334,-2.966666,51.493333,48.365000,-0.187687,Sunday,2021-04-30,2,False,Friday,^GSPC,4198.100098,4198.100098,4174.850098,4181.169922,4181.169922,4300880000,4211.470215,-0.719471,-0.317469,-0.403282,0.552064,-0.719471,0.023922,-0.102743,4.012563,9.164084,43.562936,4147.241504,0.818096,4002.737813,4.457752,3655.365156,14.384466,10.556676,-0.719471,Yahoo Finance via yfinance,0.274809,1.230043,-0.175066,0.548649,5.268622,-1.257545,1.360148,-2.972614,1.360148,-2.972614,5.777332
2021-05-04,2021-05-03,2021-05-04T00:00:00Z,43.466667,fear,-4.100000,-11.333333,49.226667,47.863333,-1.044970,Monday,2021-05-03,0,True,Monday,^GSPC,4191.979980,4209.390137,4188.029785,4192.660156,4192.660156,4070220000,4181.169922,0.274809,0.258541,0.016226,0.510870,0.274809,0.120356,0.706187,2.813947,8.288784,48.113378,4152.979016,0.955486,4008.456816,4.595368,3660.250607,14.545713,9.490041,-0.446639,Yahoo Finance via yfinance,-0.667834,-0.100890,-0.700513,0.223722,4.960573,-1.528154,1.082365,-3.238523,1.082365,-3.238523,5.487443
2021-05-05,2021-05-04,2021-05-05T00:00:00Z,43.033333,fear,-0.433334,-9.366667,47.353333,47.388333,-1.039703,Tuesday,2021-05-04,0,True,Tuesday,^GSPC,4179.040039,4179.040039,4128.589844,4164.660156,4164.660156,4452460000,4192.660156,-0.667834,-0.324856,-0.344095,1.203298,-0.667834,-0.526905,0.718758,2.226842,7.147986,46.501621,4157.515027,0.171861,4014.220020,3.747680,3664.950258,13.634834,9.887447,-1.111490,Yahoo Finance via yfinance,0.070346,-0.301587,-0.884348,1.043542,6.110697,-1.275743,1.761966,-2.587973,1.761966,-2.587973,6.370509
2021-05-06,2021-05-05,2021-05-06T00:00:00Z,43.933333,fear,0.900000,-12.233334,44.906667,47.180000,-0.763107,Wednesday,2021-05-05,0,True,Wednesday,^GSPC,4177.060059,4187.720215,4160.939941,4167.589844,4167.589844,4230920000,4164.660156,0.070346,0.297741,-0.226720,0.643036,0.070346,-0.372691,-0.139695,2.148063,6.435805,45.291166,4161.897021,0.136784,4019.944414,3.672823,3669.529006,13.572882,9.887566,-1.041925,Yahoo Finance via yfinance,0.816546,-2.508639,-1.245556,0.606112,5.462868,-2.656450,1.690430,-2.656450,1.690430,-2.656450,6.295734
2021-05-07,2021-05-06,2021-05-07T00:00:00Z,48.166667,neutral,4.233334,1.633334,45.233333,47.213333,0.223798,Thursday,2021-05-06,0,True,Thursday,^GSPC,4169.140137,4202.700195,4147.330078,4201.620117,4201.620117,4511000000,4167.589844,0.816546,0.037199,0.779057,1.328588,0.816546,-0.233887,1.611619,2.549325,7.424522,47.507047,4167.119531,0.827924,4025.468218,4.375936,3674.250607,14.353118,10.149357,-0.233887,Yahoo Finance via yfinance,0.737334,-2.121089,-1.011515,0.672836,4.415917,-3.444867,0.866807,-3.444867,0.866807,-3.444867,5.434811
2021-05-10,2021-05-09,2021-05-10T00:00:00Z,44.933333,fear,-3.233334,-2.633334,44.706667,47.288333,-0.560374,Sunday,2021-05-07,2,False,Friday,^GSPC,4210.339844,4238.040039,4201.640137,4232.600098,4232.600098,4016080000,4201.620117,0.737334,0.207532,0.528704,0.866330,0.737334,1.230043,1.254259,2.514055,8.253968,46.904584,4172.309546,1.445016,4033.533418,4.935293,3679.033507,15.046522,10.120889,0.000000,Yahoo Finance via yfinance,-1.043565,-1.388036,-1.813075,-0.143649,4.501956,-4.151590,0.089544,-4.151590,0.089544,-4.151590,4.663094
2021-05-11,2021-05-10,2021-05-11T00:00:00Z,42.033333,fear,-2.900000,-1.433334,44.420000,47.208333,-1.206264,Monday,2021-05-10,0,True,Monday,^GSPC,4228.290039,4236.390137,4188.129883,4188.430176,4188.430176,4560700000,4232.600098,-1.043565,-0.101830,-0.942695,1.140203,-1.043565,-0.100890,0.019344,1.464149,6.946474,42.959591,4175.331543,0.313715,4041.079023,3.646332,3683.797358,13.698713,10.936293,-1.043565,Yahoo Finance via yfinance,-0.867391,-0.600228,0.205796,0.927068,5.114804,-3.140802,-0.126546,-3.140802,1.153417,-3.140802,5.766839
2021-05-12,2021-05-11,2021-05-12T00:00:00Z,26.766667,fear,-15.266666,-16.266666,41.166667,46.548333,-3.244243,Tuesday,2021-05-11,0,True,Tuesday,^GSPC,4150.339844,4162.040039,4111.529785,4152.100098,4152.100098,4870710000,4188.430176,-0.867391,-0.909418,0.042412,1.205947,-0.867391,-0.301587,-0.826903,0.253773,5.521713,41.700715,4175.857056,-0.568912,4046.084624,2.620199,3688.479709,12.569417,11.382948,-1.901904,Yahoo Finance via yfinance,-2.144940,-0.584524,0.867748,1.624472,6.671323,-2.293302,0.747327,-2.293302,2.046910,-2.293302,6.692279
2021-05-13,2021-05-12,2021-05-13T00:00:00Z,34.433333,fear,7.666666,-9.500000,39.266667,45.911667,-1.721503,Wednesday,2021-05-12,0,True,Wednesday,^GSPC,4130.549805,4134.729980,4056.879883,4063.040039,4063.040039,4733070000,4152.100098,-2.144940,-0.519022,-1.634401,1.874957,-2.144940,-2.508639,-2.871981,-1.493944,3.317151,41.563415,4172.776050,-2.629808,4049.939624,0.323472,3692.597860,10.032021,13.677469,-4.006050,Yahoo Finance via yfinance,1.217314,1.295585,3.272185,4.335181,9.192131,-0.040121,2.955665,-0.040121,4.595086,-0.040121,9.297959
2021-05-14,2021-05-13,2021-05-14T00:00:00Z,36.000000,fear,1.566667,-12.166667,36.833333,45.146667,-1.327366,Thursday,2021-05-13,0,True,Thursday,^GSPC,4074.989990,4131.580078,4074.989990,4112.500000,4112.500000,4779540000,4063.040039,1.217314,0.294114,0.920493,1.392802,1.217314,-2.121089,-2.350016,-1.388827,4.608362,45.833333,4169.880054,-1.376060,4055.795225,1.398117,3697.068160,11.236791,13.805805,-2.837502,Yahoo Finance via yfinance,1.491796,1.133620,2.149055,3.281214,7.777510,-1.242312,1.717444,-1.242312,3.337149,-1.242312,7.983461
2021-05-17,2021-05-16,2021-05-17T00:00:00Z,36.366667,fear,0.366667,-8.566666,35.120000,44.701667,-1.163356,Sunday,2021-05-14,2,False,Friday,^GSPC,4129.580078,4183.129883,4129.580078,4173.850098,4173.850098,4008880000,4112.500000,1.491796,0.415321,1.072022,1.302123,1.491796,-1.388036,-0.175066,-0.277630,6.639809,46.322528,4169.299048,0.109156,4063.902827,2.705460,3701.645211,12.756622,14.816552,-1.388036,Yahoo Finance via yfinance,-0.253005,-0.431023,0.724984,1.947837,6.298738,-2.693920,0.356269,-2.693920,1.958378,-2.693920,6.501428
2021-05-18,2021-05-17,2021-05-18T00:00:00Z,34.033333,fear,-2.333334,-8.000000,33.520000,44.260000,-1.355276,Monday,2021-05-17,0,True,Monday,^GSPC,4169.919922,4171.919922,4142.689941,4163.290039,4163.290039,4125050000,4173.850098,-0.253005,-0.094162,-0.158993,0.700312,-0.253005,-0.600228,-0.700513,0.000727,6.567677,45.381503,4169.300562,-0.144161,4070.329829,2.283850,3706.230562,12.332192,14.719547,-1.637529,Yahoo Finance via yfinance,-0.851729,0.810892,0.930754,2.000817,6.704316,-2.447106,1.110419,-2.447106,2.254710,-2.447106,6.873168
2021-05-19,2021-05-18,2021-05-19T00:00:00Z,32.333333,fear,-1.700000,5.566666,34.633333,43.395000,-1.403490,Tuesday,2021-05-18,0,True,Tuesday,^GSPC,4165.939941,4169.149902,4125.990234,4127.830078,4127.830078,4398150000,4163.290039,-0.851729,0.063649,-0.914796,1.036672,-0.851729,-0.584524,-0.884348,-0.171946,6.483428,39.741231,4168.945068,-0.986220,4076.459429,1.260178,3710.514111,11.246850,14.837417,-2.475311,Yahoo Finance via yfinance,-0.294341,1.460811,1.945091,2.322531,8.067193,-1.609082,2.073483,-1.609082,3.133125,-1.609082,8.089963
2021-05-20,2021-05-19,2021-05-20T00:00:00Z,32.300000,fear,-0.033333,-2.133333,34.206667,42.675000,-1.263019,Wednesday,2021-05-19,0,True,Wednesday,^GSPC,4098.450195,4116.930176,4061.409912,4115.680176,4115.680176,4247450000,4127.830078,-0.294341,-0.711751,0.420402,1.345023,-0.294341,1.295585,-1.245556,-1.383512,6.036787,40.806183,4166.058081,-1.209246,4081.264233,0.843267,3714.619462,10.796818,14.445492,-2.762366,Yahoo Finance via yfinance,1.055474,1.951319,1.875022,2.579882,8.560428,0.152831,2.374814,0.152831,3.437584,0.152831,8.569421
2021-05-21,2021-05-20,2021-05-21T00:00:00Z,29.433333,fear,-2.866667,-6.566667,32.893333,41.761667,-1.428337,Thursday,2021-05-20,0,True,Thursday,^GSPC,4121.970215,4172.799805,4121.970215,4159.120117,4159.120117,3978880000,4115.680176,1.055474,0.152831,0.901266,1.235023,1.055474,1.133620,-1.011515,0.583803,5.953238,39.961838,4167.265088,-0.195451,4086.470435,1.777810,3718.882512,11.837900,14.596210,-1.736048,Yahoo Finance via yfinance,-0.078388,1.004053,1.701562,0.176241,7.708117,-0.177920,1.305560,-0.177920,2.357230,-0.177920,7.721336
2021-05-24,2021-05-23,2021-05-24T00:00:00Z,29.500000,fear,0.066667,-6.866667,31.520000,40.710000,-1.275860,Sunday,2021-05-21,2,False,Friday,^GSPC,4168.609863,4188.720215,4151.720215,4155.859863,4155.859863,3995250000,4159.120117,-0.078388,0.228167,-0.305857,0.889611,-0.078388,-0.431023,-1.813075,-0.581557,8.526790,40.947796,4166.049585,-0.244590,4090.800830,1.590374,3723.022961,11.625953,14.050249,-1.813075,Yahoo Finance via yfinance,0.991129,1.161011,1.700254,1.658626,7.031522,0.344099,1.503901,0.205494,2.437529,0.205494,7.805843
2021-05-25,2021-05-24,2021-05-25T00:00:00Z,26.666667,fear,-2.833333,-7.366666,30.046667,39.303333,-1.458711,Monday,2021-05-24,0,True,Monday,^GSPC,4170.160156,4209.520020,4170.160156,4197.049805,4197.049805,3684800000,4155.859863,0.991129,0.344099,0.644811,0.947093,0.991129,0.810892,0.205796,0.225180,10.125550,42.010519,4166.521069,0.732715,4095.875024,2.470163,3727.262411,12.604087,14.495765,-0.839916,Yahoo Finance via yfinance,-0.212528,0.118899,0.719790,1.176782,4.841978,-0.346190,0.883247,-0.777925,1.432205,-0.777925,6.747834
2021-05-26,2021-05-25,2021-05-26T00:00:00Z,28.133333,fear,1.466666,-4.200000,29.206667,38.090000,-1.181344,Tuesday,2021-05-25,0,True,Tuesday,^GSPC,4205.939941,4213.419922,4182.520020,4188.129883,4188.129883,4182250000,4197.049805,-0.212528,0.211819,-0.423450,0.736229,-0.212528,1.460811,0.867748,0.033670,7.337853,39.988363,4166.591553,0.516929,4100.258823,2.143061,3731.446660,12.238771,14.518025,-1.050659,Yahoo Finance via yfinance,0.187682,0.477307,0.750214,1.282433,5.197306,-0.095986,1.098109,-0.566601,1.648236,-0.566601,6.975187
2021-05-27,2021-05-26,2021-05-27T00:00:00Z,30.300000,fear,2.166667,-2.000000,28.806667,36.796667,-0.873865,Wednesday,2021-05-26,0,True,Wednesday,^GSPC,4191.589844,4202.609863,4184.109863,4195.990234,4195.990234,4420890000,4188.129883,0.187682,0.082614,0.104981,0.441725,0.187682,1.951319,3.272185,0.306228,8.415395,38.201935,4167.232056,0.690103,4104.924429,2.218453,3735.624261,12.323669,14.527744,-0.864950,Yahoo Finance via yfinance,0.116531,-0.074837,1.029315,1.680176,5.855106,-0.668735,0.908722,-0.752870,1.794321,-0.752870,6.774790
2021-05-28,2021-05-27,2021-05-28T00:00:00Z,31.566667,fear,1.266667,2.133334,29.233333,36.048333,-0.626755,Thursday,2021-05-27,0,True,Thursday,^GSPC,4201.939941,4213.379883,4197.779785,4200.879883,4200.879883,6406310000,4195.990234,0.116531,0.141795,-0.025228,0.371786,0.116531,1.004053,2.149055,-0.251464,9.978740,38.655257,4166.702539,0.820249,4109.459624,2.224630,3739.960211,12.324187,14.326476,-0.749426,Yahoo Finance via yfinance,0.076888,0.690576,1.108341,1.900086,6.633132,-0.784353,0.791268,-0.868389,2.029104,-0.868389,6.879511
2021-06-01,2021-05-31,2021-06-01T00:00:00Z,35.400000,fear,3.833333,5.900000,30.413333,35.440000,-0.006045,Monday,2021-05-28,3,False,Friday,^GSPC,4210.770020,4218.359863,4203.569824,4204.109863,4204.109863,4649250000,4200.879883,0.076888,0.235430,-0.158170,0.352070,0.076888,1.161011,0.724984,0.548649,11.560126,38.097296,4167.849536,0.870001,4115.232622,2.159714,3744.079010,12.286890,14.079214,-0.673114,Yahoo Finance via yfinance,-0.049233,0.533054,1.214051,2.057510,6.710579,-0.860579,0.713831,-0.944551,2.093910,-0.944551,6.867094
2021-06-02,2021-06-01,2021-06-02T00:00:00Z,42.133333,fear,6.733333,15.466666,33.506667,35.373333,1.033984,Tuesday,2021-06-01,0,True,Tuesday,^GSPC,4216.520020,4234.120117,4197.589844,4202.040039,4202.040039,5074670000,4204.109863,-0.049233,0.295191,-0.343411,0.868918,-0.049233,0.118899,0.930754,0.223722,9.372872,37.513460,4168.318530,0.808995,4121.011421,1.966231,3748.222061,12.107553,14.051780,-0.722016,Yahoo Finance via yfinance,0.144693,0.600178,1.060195,2.136100,7.000169,-0.811745,0.825794,-0.895759,2.343623,-0.895759,7.131534
2021-06-03,2021-06-02,2021-06-03T00:00:00Z,40.800000,fear,-1.333333,12.666667,36.040000,35.261667,0.862927,Wednesday,2021-06-02,0,True,Wednesday,^GSPC,4206.819824,4217.370117,4198.270020,4208.120117,4208.120117,5833670000,4202.040039,0.144693,0.113749,0.030909,0.454543,0.144693,0.477307,1.945091,1.043542,10.121292,36.590908,4170.491528,0.902258,4126.362022,1.981360,3752.398411,12.144811,13.822292,-0.578367,Yahoo Finance via yfinance,-0.362870,0.271610,0.370238,2.123986,6.223204,-0.955057,0.688424,-1.038949,2.241145,-1.038949,6.976746
2021-06-04,2021-06-03,2021-06-04T00:00:00Z,41.900000,fear,1.100000,11.600000,38.360000,35.160000,1.071836,Thursday,2021-06-03,0,True,Thursday,^GSPC,4191.430176,4204.390137,4167.930176,4192.850098,4192.850098,5587970000,4208.120117,-0.362870,-0.396613,0.033877,0.866419,-0.362870,-0.074837,1.875022,0.606112,8.190300,34.262712,4171.754541,0.505676,4132.008623,1.472443,3756.452711,11.617274,13.901447,-0.939139,Yahoo Finance via yfinance,0.883410,1.104978,0.691887,3.031109,7.549042,0.314815,1.356837,-0.678541,3.048286,-0.678541,7.643488
2021-06-07,2021-06-06,2021-06-07T00:00:00Z,44.466667,fear,2.566667,12.900000,40.940000,34.975000,1.600704,Sunday,2021-06-04,2,False,Friday,^GSPC,4206.049805,4233.450195,4206.049805,4229.890137,4229.890137,4139790000,4192.850098,0.883410,0.314815,0.566811,0.653503,0.883410,0.690576,1.701562,0.672836,8.491824,35.906630,4173.168042,1.359209,4138.823628,2.200299,3760.653262,12.477536,13.953306,-0.064026,Yahoo Finance via yfinance,-0.079674,0.414900,-1.499801,2.894867,7.066375,-0.507814,0.469282,-1.548273,2.967927,-1.548273,7.268977
2021-06-08,2021-06-07,2021-06-08T00:00:00Z,46.466667,neutral,2.000000,11.066667,43.153333,35.051667,1.879512,Monday,2021-06-07,0,True,Monday,^GSPC,4229.339844,4232.339844,4215.660156,4226.520020,4226.520020,4476920000,4229.890137,-0.079674,-0.013010,-0.066673,0.394329,-0.079674,0.533054,1.700254,-0.143649,7.290052,32.329766,4172.864038,1.285831,4145.163628,1.962682,3764.911611,12.260803,13.708833,-0.143649,Yahoo Finance via yfinance,0.017502,0.677387,-0.040932,2.768708,7.007187,-0.428482,0.687796,-1.469770,3.074395,-1.469770,7.354510
2021-06-09,2021-06-08,2021-06-09T00:00:00Z,48.533333,neutral,2.066666,6.400000,44.433333,35.376667,1.988523,Tuesday,2021-06-08,0,True,Tuesday,^GSPC,4233.810059,4236.740234,4208.410156,4227.259766,4227.259766,4659620000,4226.520020,0.017502,0.172483,-0.154714,0.670293,0.017502,0.600178,0.719790,0.927068,7.199980,30.778152,4174.805518,1.256448,4150.218023,1.856330,3769.120360,12.155075,13.147166,-0.126171,Yahoo Finance via yfinance,-0.182387,0.457272,0.453726,3.095862,7.021808,-0.201538,0.707323,-1.487012,3.184572,-1.487012,7.335724
2021-06-10,2021-06-09,2021-06-10T00:00:00Z,48.900000,neutral,0.366667,8.100000,46.053333,36.483333,1.788286,Wednesday,2021-06-09,0,True,Wednesday,^GSPC,4232.990234,4237.089844,4218.740234,4219.549805,4219.549805,4713260000,4227.259766,-0.182387,0.135560,-0.317516,0.434078,-0.182387,0.271610,0.750214,1.624472,6.314277,31.565734,4178.178003,0.990188,4155.187217,1.548970,3773.232310,11.828519,12.731902,-0.308328,Yahoo Finance via yfinance,0.465224,0.098361,0.528256,2.400020,7.522139,-0.405247,0.891336,-1.307009,3.373111,-1.307009,7.733059
2021-06-11,2021-06-10,2021-06-11T00:00:00Z,51.233333,neutral,2.333333,9.333333,47.920000,37.323333,1.815602,Thursday,2021-06-10,0,True,Thursday,^GSPC,4228.560059,4249.740234,4220.339844,4239.180176,4239.180176,4408210000,4219.549805,0.465224,0.213536,0.251152,0.696766,0.465224,1.104978,1.029315,4.335181,6.976797,32.883833,4186.985010,1.246605,4160.799819,1.883781,3777.271810,12.228624,9.676789,0.000000,Yahoo Finance via yfinance,0.194843,-0.408577,0.644230,3.075350,6.988380,-1.017422,0.424138,-1.764027,3.123715,-1.764027,7.234180
2021-06-14,2021-06-13,2021-06-14T00:00:00Z,54.166667,neutral,2.933334,9.700000,49.860000,38.231667,1.869314,Sunday,2021-06-11,2,False,Friday,^GSPC,4242.899902,4248.379883,4232.250000,4247.439941,4247.439941,3815010000,4239.180176,0.194843,0.087746,0.107003,0.380495,0.194843,0.414900,1.108341,3.281214,6.877493,41.482289,4193.732007,1.280672,4166.290820,1.947755,3781.290909,12.327775,8.922182,0.000000,Yahoo Finance via yfinance,0.181520,-1.906790,0.783066,3.229944,6.417745,-1.955061,0.228849,-1.955061,3.278216,-1.955061,7.025647
2021-06-15,2021-06-14,2021-06-15T00:00:00Z,52.666667,neutral,-1.500000,6.200000,51.100000,39.046667,1.497228,Monday,2021-06-14,0,True,Monday,^GSPC,4248.310059,4255.589844,4234.069824,4255.149902,4255.149902,4151200000,4247.439941,0.181520,0.020486,0.161002,0.506659,0.181520,0.677387,1.214051,1.947837,8.675608,39.911743,4197.796997,1.366262,4170.996416,2.017587,3785.173009,12.416259,7.419865,0.000000,Yahoo Finance via yfinance,-0.201169,-0.713485,0.833342,2.680518,6.084860,-2.132710,0.047243,-2.132710,3.224803,-2.132710,6.831726
2021-06-16,2021-06-15,2021-06-16T00:00:00Z,44.800000,fear,-7.866667,-3.733333,50.353333,39.585000,0.572882,Tuesday,2021-06-15,0,True,Tuesday,^GSPC,4255.279785,4257.160156,4238.350098,4246.589844,4246.589844,4048940000,4255.149902,-0.201169,0.003052,-0.204216,0.442054,-0.201169,0.457272,1.060195,2.000817,8.522392,38.479214,4201.961987,1.062072,4174.370015,1.730077,3788.983208,12.077294,7.389604,-0.201169,Yahoo Finance via yfinance,-0.539012,-0.003530,1.064618,3.007353,5.809130,-1.935434,0.217822,-1.935434,3.463728,-1.935434,7.047072
2021-06-17,2021-06-16,2021-06-17T00:00:00Z,42.033333,fear,-2.766667,-6.866667,48.980000,40.070000,0.219279,Wednesday,2021-06-16,0,True,Wednesday,^GSPC,4248.870117,4251.890137,4202.450195,4223.700195,4223.700195,4538350000,4246.589844,-0.539012,0.053697,-0.592391,1.164227,-0.539012,0.098361,0.370238,2.322531,7.184460,35.169653,4206.755493,0.402797,4177.365220,1.109191,3792.561659,11.368003,6.924056,-0.739098,Yahoo Finance via yfinance,-0.043572,0.429473,1.747278,3.227729,5.560998,-1.403989,0.778936,-1.403989,4.024433,-1.403989,7.627196
2021-06-18,2021-06-17,2021-06-18T00:00:00Z,31.600000,fear,-10.433333,-19.633333,45.053333,40.035000,-0.938594,Thursday,2021-06-17,0,True,Thursday,^GSPC,4220.370117,4232.290039,4196.049805,4221.859863,4221.859863,5312680000,4223.700195,-0.043572,-0.078843,0.035299,0.858021,-0.043572,-0.408577,0.691887,2.579882,7.961597,35.598954,4212.064478,0.232555,4180.203418,0.996517,3796.169408,11.213684,6.782838,-0.782347,Yahoo Finance via yfinance,-1.312447,1.057126,2.323149,2.494168,5.847426,-1.361011,1.170572,-1.361011,4.069778,-1.361011,7.674112
2021-06-21,2021-06-20,2021-06-21T00:00:00Z,32.466667,fear,0.866667,-21.700000,40.713333,40.186667,-0.875025,Sunday,2021-06-18,2,False,Friday,^GSPC,4204.779785,4204.779785,4164.399902,4166.450195,4166.450195,6817010000,4221.859863,-1.312447,-0.404563,-0.911572,0.956448,-1.312447,-1.906790,-1.499801,0.176241,7.130376,33.739819,4212.430981,-1.091550,4181.589023,-0.362035,3799.368409,9.661653,7.643170,-2.084526,Yahoo Finance via yfinance,1.400229,2.742142,4.461583,2.209076,6.638736,0.166802,2.872227,0.166802,5.453803,0.166802,9.106071
2021-06-22,2021-06-21,2021-06-22T00:00:00Z,32.800000,fear,0.333333,-19.866667,36.740000,40.351667,-0.873912,Monday,2021-06-21,0,True,Monday,^GSPC,4173.399902,4226.240234,4173.399902,4224.790039,4224.790039,4128950000,4166.450195,1.400229,0.166802,1.231373,1.268234,1.400229,-0.713485,-0.040932,1.658626,8.064162,36.382978,4215.877490,0.211404,4183.508828,0.986760,3802.588159,11.103014,9.083083,-0.713485,Yahoo Finance via yfinance,0.512449,1.557943,2.810791,2.326033,6.057346,-0.177997,1.594164,-0.177997,3.997598,-0.177997,7.599432
2021-06-23,2021-06-22,2021-06-23T00:00:00Z,33.266667,fear,0.466667,-11.533333,34.433333,40.681667,-0.903588,Tuesday,2021-06-22,0,True,Tuesday,^GSPC,4224.609863,4255.839844,4217.270020,4246.439941,4246.439941,3828390000,4224.790039,0.512449,-0.004265,0.516736,0.912941,0.512449,-0.003530,0.453726,1.176782,6.841041,36.197257,4218.346997,0.665970,4185.877822,1.446820,3806.545059,11.556277,8.594711,-0.204692,Yahoo Finance via yfinance,-0.108328,1.068186,2.630202,2.643391,5.352956,-0.117976,1.273539,-0.313440,3.467381,-0.313440,7.050851
2021-06-24,2021-06-23,2021-06-24T00:00:00Z,36.900000,fear,3.633333,-5.133333,33.406667,41.120000,-0.546605,Wednesday,2021-06-23,0,True,Wednesday,^GSPC,4249.270020,4256.600098,4241.430176,4241.839844,4241.839844,3730350000,4246.439941,-0.108328,0.066646,-0.174858,0.357239,-0.108328,0.429473,0.528256,1.282433,6.818021,35.466207,4221.032495,0.492945,4187.882822,1.288408,3810.619458,11.316280,8.558788,-0.312799,Yahoo Finance via yfinance,0.581125,1.312170,1.861927,2.961925,4.506309,0.356694,1.428397,-0.205335,3.579587,-0.205335,7.166943
2021-06-25,2021-06-24,2021-06-25T00:00:00Z,41.633333,fear,4.733333,10.033333,35.413333,41.686667,-0.007318,Thursday,2021-06-24,0,True,Thursday,^GSPC,4256.970215,4271.279785,4256.970215,4266.490234,4266.490234,3816660000,4241.839844,0.581125,0.356694,0.223634,0.337343,0.581125,1.057126,0.644230,1.680176,7.779116,39.869789,4224.557495,0.992595,4190.719424,1.808062,3815.292709,11.826026,8.745427,0.000000,Yahoo Finance via yfinance,0.333060,1.252779,2.415559,3.405605,2.138520,0.109456,1.269660,-0.781916,3.485065,-0.781916,6.547768
2021-06-28,2021-06-27,2021-06-28T00:00:00Z,41.433333,fear,-0.200000,8.966666,37.206667,42.180000,-0.108366,Sunday,2021-06-25,2,False,Friday,^GSPC,4274.450195,4286.120117,4271.160156,4280.700195,4280.700195,7341450000,4266.490234,0.333060,0.186569,0.146218,0.350639,0.333060,2.742142,0.783066,1.900086,7.747768,38.814310,4228.548511,1.233324,4192.925029,2.093411,3819.701410,12.068974,8.789515,0.000000,Yahoo Finance via yfinance,0.231496,1.673550,2.427867,3.307861,1.716769,-0.140871,1.745742,-1.111274,3.317910,-1.111274,6.194078
2021-06-29,2021-06-28,2021-06-29T00:00:00Z,39.833333,fear,-1.600000,7.033333,38.613333,42.401667,-0.381620,Monday,2021-06-28,0,True,Monday,^GSPC,4284.899902,4292.140137,4274.669922,4290.609863,4290.609863,4147890000,4280.700195,0.231496,0.098108,0.133258,0.408116,0.231496,1.557943,0.833342,2.057510,6.735037,42.590179,4232.873511,1.363999,4195.027822,2.278460,3824.458510,12.188689,8.802270,0.000000,Yahoo Finance via yfinance,0.027734,1.233628,1.831910,2.583551,2.447910,-0.083201,1.534749,-1.339669,3.079285,-1.339669,5.948810
2021-06-30,2021-06-29,2021-06-30T00:00:00Z,38.000000,fear,-1.833333,4.733333,39.560000,42.195000,-0.616745,Tuesday,2021-06-29,0,True,Tuesday,^GSPC,4293.209961,4300.520020,4287.040039,4291.799805,4291.799805,3707150000,4290.609863,0.027734,0.060600,-0.032846,0.314174,0.027734,1.068186,1.064618,2.136100,5.245086,40.565426,4237.361499,1.284722,4197.598623,2.244168,3829.212659,12.080477,8.788805,0.000000,Yahoo Finance via yfinance,0.132816,1.545507,1.922270,2.536007,3.662337,-0.089469,1.632883,-1.367024,3.050706,-1.367024,5.919435
2021-07-01,2021-06-30,2021-07-01T00:00:00Z,38.666667,fear,0.666667,1.766667,39.913333,42.088333,-0.500135,Wednesday,2021-06-30,0,True,Wednesday,^GSPC,4290.649902,4302.430176,4287.959961,4297.500000,4297.500000,4266040000,4291.799805,0.132816,-0.026793,0.159652,0.337160,0.132816,1.312170,1.747278,2.123986,5.487564,38.616063,4241.830493,1.312393,4200.849824,2.300729,3833.782459,12.095562,8.788234,0.000000,Yahoo Finance via yfinance,0.522163,0.542637,1.455027,2.830713,3.676090,-0.189177,1.498078,-1.497850,3.082495,-1.497850,5.778944
2021-07-02,2021-07-01,2021-07-02T00:00:00Z,38.666667,fear,0.000000,-2.966666,39.320000,41.926667,-0.473546,Thursday,2021-07-01,0,True,Thursday,^GSPC,4300.729980,4320.660156,4300.729980,4319.939941,4319.939941,3788230000,4297.500000,0.522163,0.075160,0.446667,0.463762,0.522163,1.252779,2.323149,3.031109,5.882180,38.643578,4248.184985,1.689073,4203.780225,2.763220,3838.376158,12.546029,8.722436,0.000000,Yahoo Finance via yfinance,0.750008,1.148392,0.167137,1.743539,2.851195,-0.707645,1.195854,-2.009520,2.547032,-2.009520,5.229474
2021-07-06,2021-07-05,2021-07-06T00:00:00Z,33.300000,fear,-5.366667,-8.133333,37.693333,41.368333,-1.133781,Monday,2021-07-02,3,False,Friday,^GSPC,4326.600098,4355.430176,4326.600098,4352.339844,4352.339844,3225840000,4319.939941,0.750008,0.154172,0.594919,0.667372,0.750008,1.673550,4.461583,2.894867,6.227956,39.051946,4254.307471,2.304309,4208.127422,3.426998,3843.210408,13.247504,8.585619,0.000000,Yahoo Finance via yfinance,-0.202186,0.741901,-2.156302,0.800037,0.006664,-1.446802,0.789009,-2.738986,1.783647,-2.738986,4.446120
2021-07-07,2021-07-06,2021-07-07T00:00:00Z,33.100000,fear,-0.200000,-6.733333,36.346667,40.700000,-1.049882,Tuesday,2021-07-06,0,True,Tuesday,^GSPC,4356.459961,4356.459961,4314.370117,4343.540039,4343.540039,4309570000,4352.339844,-0.202186,0.094664,-0.296569,0.967062,-0.202186,1.233628,2.810791,2.768708,5.201033,36.601338,4260.158472,1.957241,4211.394824,3.137802,3848.143058,12.873663,8.638833,-0.202186,Yahoo Finance via yfinance,0.335898,0.590991,-0.471504,1.832834,0.366520,-1.247138,1.124200,-2.541939,1.989856,-2.541939,4.657723
2021-07-08,2021-07-07,2021-07-08T00:00:00Z,26.966667,fear,-6.133333,-11.033333,34.140000,39.621667,-1.663480,Wednesday,2021-07-07,0,True,Wednesday,^GSPC,4351.009766,4361.879883,4329.790039,4358.129883,4358.129883,4037380000,4343.540039,0.335898,0.171973,0.163643,0.738795,0.335898,1.545507,2.630202,3.095862,5.575102,38.559186,4266.701977,2.142824,4214.805020,3.400510,3853.336357,13.100168,8.653821,0.000000,Yahoo Finance via yfinance,-0.856103,0.371029,0.012851,1.021775,-1.160815,-1.577736,0.815724,-2.868203,1.648421,-2.868203,4.307357
2021-07-09,2021-07-08,2021-07-09T00:00:00Z,31.000000,fear,4.033333,-7.666667,32.606667,38.726667,-1.028733,Thursday,2021-07-08,0,True,Thursday,^GSPC,4321.069824,4330.879883,4289.370117,4320.819824,4320.819824,4347500000,4358.129883,-0.856103,-0.850366,-0.005786,0.952467,-0.856103,0.542637,1.861927,2.400020,4.327565,36.306047,4271.765478,1.148339,4217.487012,2.450104,3858.535156,11.980833,9.306923,-0.856103,Yahoo Finance via yfinance,1.127795,0.907466,1.079891,2.506012,0.838272,0.198112,1.686262,-2.029475,2.526150,-2.029475,5.208046
2021-07-12,2021-07-11,2021-07-12T00:00:00Z,31.700000,fear,0.700000,-6.966667,31.213333,37.750000,-0.857531,Sunday,2021-07-09,2,False,Friday,^GSPC,4329.379883,4371.600098,4329.379883,4369.549805,4369.549805,3531120000,4320.819824,1.127795,0.198112,0.927845,0.977134,1.127795,1.148392,2.415559,3.075350,5.937208,38.625648,4278.283960,2.133235,4221.214404,3.514046,3863.805055,13.089293,9.910231,0.000000,Yahoo Finance via yfinance,0.345117,-0.970115,0.966695,1.532657,-1.581166,-1.076084,0.552239,-3.122059,1.631061,-3.122059,4.034747
2021-07-13,2021-07-12,2021-07-13T00:00:00Z,31.266667,fear,-0.433333,-2.033333,30.806667,36.605000,-0.884544,Monday,2021-07-12,0,True,Monday,^GSPC,4372.410156,4386.680176,4364.029785,4384.629883,4384.629883,3384460000,4369.549805,0.345117,0.065461,0.279473,0.518369,0.345117,0.741901,2.427867,3.229944,5.136412,37.663258,4285.143457,2.321659,4224.677598,3.786142,3869.543605,13.311293,9.932892,0.000000,Yahoo Finance via yfinance,-0.351681,-2.876860,0.859136,1.088352,-0.887411,-3.455252,0.206410,-3.455252,1.281521,-3.455252,3.676940
2021-07-14,2021-07-13,2021-07-14T00:00:00Z,29.533333,fear,-1.733334,-3.566667,30.093333,35.448333,-1.205670,Tuesday,2021-07-13,0,True,Tuesday,^GSPC,4381.069824,4392.370117,4366.919922,4369.209961,4369.209961,3695430000,4384.629883,-0.351681,-0.081194,-0.270707,0.580441,-0.351681,0.590991,1.831910,2.680518,4.389943,38.475606,4290.846460,1.826295,4228.438398,3.329162,3875.156704,12.749246,10.097195,-0.351681,Yahoo Finance via yfinance,0.116493,-1.056253,0.738120,1.545818,-0.129546,-3.114524,0.560060,-3.114524,1.739445,-3.114524,4.042839
2021-07-15,2021-07-14,2021-07-15T00:00:00Z,27.333333,fear,-2.200000,0.366666,30.166667,34.575000,-1.539422,Wednesday,2021-07-14,0,True,Wednesday,^GSPC,4380.109863,4393.680176,4362.359863,4374.299805,4374.299805,4006370000,4369.209961,0.116493,0.249471,-0.132646,0.716842,0.116493,0.371029,1.922270,3.007353,5.069106,36.802890,4297.231958,1.793430,4232.071191,3.360733,3880.535903,12.724116,10.019893,-0.235597,Yahoo Finance via yfinance,-0.326224,-0.356854,0.602161,1.557057,0.582035,-3.227258,0.018061,-3.227258,1.717764,-3.227258,3.921777
2021-07-16,2021-07-15,2021-07-16T00:00:00Z,26.900000,fear,-0.433333,-4.100000,29.346667,33.818333,-1.485193,Thursday,2021-07-15,0,True,Thursday,^GSPC,4369.020020,4369.020020,4340.700195,4360.029785,4360.029785,3905230000,4374.299805,-0.326224,-0.120700,-0.205772,0.647414,-0.326224,0.907466,1.455027,3.227729,5.443606,35.129355,4304.048437,1.300667,4235.978584,2.928513,3885.578052,12.210583,9.852856,-0.561053,Yahoo Finance via yfinance,-0.753885,0.170875,1.355957,2.311918,0.718116,-2.910528,0.345412,-2.910528,2.333476,-2.910528,4.261905
2021-07-19,2021-07-18,2021-07-19T00:00:00Z,8.983333,extreme fear,-17.916667,-22.716667,24.803333,32.687500,-3.269750,Sunday,2021-07-16,2,False,Friday,^GSPC,4367.430176,4375.089844,4322.529785,4327.160156,4327.160156,3985700000,4360.029785,-0.753885,0.169733,-0.922053,1.205498,-0.753885,-0.970115,0.167137,2.494168,3.683795,34.568990,4309.313452,0.414143,4239.169990,2.075646,3890.536503,11.222711,10.357928,-1.310709,Yahoo Finance via yfinance,-1.586951,1.955783,1.573771,3.254787,0.786423,-2.173025,2.034129,-2.173025,3.263340,-2.173025,5.053891
2021-07-20,2021-07-19,2021-07-20T00:00:00Z,20.066667,extreme fear,11.083334,-11.200000,22.563333,32.067500,-1.542478,Monday,2021-07-19,0,True,Monday,^GSPC,4296.399902,4296.399902,4233.129883,4258.490234,4258.490234,5157660000,4327.160156,-1.586951,-0.710865,-0.882359,1.462160,-1.586951,-2.876860,-2.156302,2.209076,2.986961,32.057266,4313.915454,-1.284801,4240.307393,0.428810,3895.013954,9.331835,10.895184,-2.876860,Yahoo Finance via yfinance,1.516261,3.846658,3.021492,5.194792,2.164139,0.083588,3.856760,0.083588,5.207703,0.083588,6.747928
2021-07-21,2021-07-20,2021-07-21T00:00:00Z,24.200000,extreme fear,4.133333,-5.333333,21.496667,31.637500,-0.932849,Tuesday,2021-07-20,0,True,Tuesday,^GSPC,4265.109863,4336.839844,4262.049805,4323.060059,4323.060059,4438270000,4258.490234,1.516261,0.155445,1.358703,1.756257,1.516261,-1.056253,-0.471504,2.326033,3.418285,32.941963,4318.828955,0.097969,4242.116592,1.908092,3899.725254,10.855503,11.083370,-1.404219,Yahoo Finance via yfinance,0.824182,1.813528,2.315255,2.891933,0.942382,0.186669,2.305541,0.186669,3.636306,-1.020576,5.153526
2021-07-22,2021-07-21,2021-07-22T00:00:00Z,24.333333,extreme fear,0.133333,-3.000000,20.896667,31.190833,-0.843939,Wednesday,2021-07-21,0,True,Wednesday,^GSPC,4331.129883,4359.700195,4331.129883,4358.689941,4358.689941,3810280000,4323.060059,0.824182,0.186669,0.636325,0.660882,0.824182,-0.356854,0.012851,2.643391,4.085132,33.812970,4324.441455,0.791975,4245.521787,2.665589,3904.776604,11.624566,11.284176,-0.591611,Yahoo Finance via yfinance,0.201667,0.962450,1.008794,0.953958,1.825545,-0.197993,1.469250,-0.197993,2.789137,-1.829678,4.293954
2021-07-23,2021-07-22,2021-07-23T00:00:00Z,28.300000,fear,3.966667,1.400000,21.176667,30.760833,-0.306279,Thursday,2021-07-22,0,True,Thursday,^GSPC,4361.270020,4369.870117,4350.060059,4367.479980,4367.479980,3358300000,4358.689941,0.201667,0.059194,0.142389,0.454496,0.201667,0.170875,1.079891,2.961925,4.317455,33.316645,4330.723462,0.848739,4249.829385,2.768360,3909.571003,11.712512,11.249867,-0.391137,Yahoo Finance via yfinance,1.014545,1.183060,1.410885,0.877390,2.378720,0.115164,1.430808,0.005724,2.582262,-2.027257,4.084051
2021-07-26,2021-07-25,2021-07-26T00:00:00Z,30.900000,fear,2.600000,21.916667,25.560000,30.224167,0.088718,Sunday,2021-07-23,2,False,Friday,^GSPC,4381.200195,4415.180176,4381.200195,4411.790039,4411.790039,4540070000,4367.479980,1.014545,0.314145,0.698207,0.778023,1.014545,1.955783,0.966695,3.405605,5.464978,36.349003,4337.988452,1.701286,4256.804385,3.640892,3914.825104,12.694435,11.571562,0.000000,Yahoo Finance via yfinance,0.238220,-0.374684,0.560543,0.677273,1.692509,-0.890348,0.412082,-0.998689,1.551972,-3.011252,3.038677
2021-07-27,2021-07-26,2021-07-27T00:00:00Z,27.166667,fear,-3.733333,7.100000,26.980000,29.510833,-0.327050,Monday,2021-07-26,0,True,Monday,^GSPC,4409.580078,4422.729980,4405.450195,4422.299805,4422.299805,4275630000,4411.790039,0.238220,-0.050092,0.288457,0.391673,0.238220,3.846658,0.859136,3.307861,5.006081,37.525150,4345.068433,1.777449,4263.000381,3.736791,3919.839403,12.818393,11.558739,0.000000,Yahoo Finance via yfinance,-0.471244,-0.794601,0.227264,1.294123,2.200893,-1.125886,0.173448,-1.233969,1.528166,-3.241749,2.793802
2021-07-28,2021-07-27,2021-07-28T00:00:00Z,27.466667,fear,0.300000,3.266667,27.633333,28.892500,-0.211185,Tuesday,2021-07-27,0,True,Tuesday,^GSPC,4416.379883,4416.379883,4372.509766,4401.459961,4401.459961,4241950000,4422.299805,-0.471244,-0.133865,-0.337831,0.992020,-0.471244,1.813528,0.738120,2.583551,5.268622,35.872276,4350.610937,1.168779,4267.552578,3.137803,3924.612552,12.150178,11.772603,-0.471244,Yahoo Finance via yfinance,-0.018626,0.492790,0.801780,1.925952,3.061029,-0.646603,0.647745,-0.766336,2.075450,-2.783622,3.280506
2021-07-29,2021-07-28,2021-07-29T00:00:00Z,29.233333,fear,1.766666,4.900000,28.613333,28.454167,0.121653,Wednesday,2021-07-28,0,True,Wednesday,^GSPC,4402.950195,4415.470215,4387.009766,4400.640137,4400.640137,4215290000,4401.459961,-0.018626,0.033858,-0.052466,0.646614,-0.018626,0.962450,0.602161,2.536007,4.960573,36.732088,4356.052954,1.023568,4272.299580,3.004016,3929.230054,11.997518,11.779105,-0.489783,Yahoo Finance via yfinance,0.420615,0.045903,0.949181,2.171271,3.389044,-0.628094,0.666496,-0.747849,2.296707,-2.765511,3.426770
2021-07-30,2021-07-29,2021-07-30T00:00:00Z,25.766667,fear,-3.466666,-2.533333,28.106667,27.809167,-0.342926,Thursday,2021-07-29,0,True,Thursday,^GSPC,4403.589844,4429.970215,4403.589844,4419.149902,4419.149902,4044600000,4400.640137,0.420615,0.067029,0.353349,0.599467,0.420615,1.183060,1.355957,2.830713,6.110697,35.621647,4362.135449,1.307031,4278.125977,3.296395,3933.654703,12.342090,11.824905,-0.071228,Yahoo Finance via yfinance,-0.540605,0.225161,0.943172,1.150676,2.845570,-1.044316,0.240088,-1.163570,1.868234,-3.172781,3.179798
2021-08-02,2021-08-01,2021-08-02T00:00:00Z,25.100000,fear,-0.666667,-5.800000,26.946667,27.130833,-0.375999,Sunday,2021-07-30,2,False,Friday,^GSPC,4395.120117,4412.250000,4389.649902,4395.259766,4395.259766,3956740000,4419.149902,-0.540605,-0.543765,0.003177,0.511413,-0.540605,-0.374684,1.573771,1.743539,5.462868,35.396239,4365.901440,0.672446,4283.717568,2.603864,3938.071353,11.609450,11.972929,-0.611447,Yahoo Finance via yfinance,-0.184281,0.938744,1.654970,2.596214,3.895565,-0.506449,1.036573,-0.626352,2.686310,-2.646484,4.035264
2021-08-03,2021-08-02,2021-08-03T00:00:00Z,29.533333,fear,4.433333,2.366666,27.420000,26.942500,0.494629,Monday,2021-08-02,0,True,Monday,^GSPC,4406.859863,4422.180176,4384.810059,4387.160156,4387.160156,3724090000,4395.259766,-0.184281,0.263923,-0.447024,0.850237,-0.184281,-0.794601,3.021492,0.800037,4.415917,34.117978,4367.642456,0.446870,4288.278369,2.305862,3942.563804,11.276833,11.746134,-0.794601,Yahoo Finance via yfinance,0.820343,1.030050,2.109561,3.228282,4.276796,-0.322764,1.223107,-0.442887,3.423620,-2.466749,4.817915
2021-08-04,2021-08-03,2021-08-04T00:00:00Z,28.633333,fear,-0.900000,1.166666,27.653333,26.719167,0.378776,Tuesday,2021-08-03,0,True,Tuesday,^GSPC,4392.740234,4423.790039,4373.000000,4423.149902,4423.149902,3965190000,4387.160156,0.820343,0.127191,0.692271,1.157697,0.820343,0.492790,2.315255,1.832834,4.501956,34.254123,4371.622949,1.178669,4293.624170,3.016699,3947.262853,12.056128,12.021244,0.000000,Yahoo Finance via yfinance,-0.463239,0.307475,0.563629,2.250213,2.905854,-0.518181,0.498741,-1.252951,2.582096,-3.260345,3.965045
2021-08-05,2021-08-04,2021-08-05T00:00:00Z,29.633333,fear,1.000000,0.400000,27.733333,26.852500,0.545750,Wednesday,2021-08-04,0,True,Wednesday,^GSPC,4415.950195,4416.169922,4400.229980,4402.660156,4402.660156,4260760000,4423.149902,-0.463239,-0.162773,-0.300955,0.360375,-0.463239,0.045903,1.008794,1.021775,5.114804,33.151273,4373.849463,0.658703,4297.736377,2.441373,3951.857103,11.407372,12.141670,-0.463239,Yahoo Finance via yfinance,0.600545,0.902863,-0.054288,2.758098,4.400970,0.140817,1.062535,-0.793388,3.059507,-2.810124,4.448893
2021-08-06,2021-08-05,2021-08-06T00:00:00Z,31.866667,fear,2.233334,6.100000,28.953333,26.895833,0.967826,Thursday,2021-08-05,0,True,Thursday,^GSPC,4408.859863,4429.759766,4408.859863,4429.100098,4429.100098,3769410000,4402.660156,0.600545,0.140817,0.459081,0.474711,0.600545,0.225161,1.410885,2.506012,6.671323,33.095138,4379.263477,1.138014,4302.555781,2.941143,3956.868004,11.934492,11.789991,0.000000,Yahoo Finance via yfinance,0.167527,0.716398,-0.526073,2.435034,3.980036,-0.098437,0.737620,-1.385611,2.635976,-3.390308,4.041001
2021-08-09,2021-08-08,2021-08-09T00:00:00Z,32.066667,fear,0.200000,6.966667,30.346667,26.914167,0.999563,Sunday,2021-08-06,2,False,Friday,^GSPC,4429.069824,4440.819824,4429.069824,4436.520020,4436.520020,3451870000,4429.100098,0.167527,-0.000684,0.168211,0.265291,0.167527,0.938744,0.560543,1.532657,9.192131,32.466652,4382.611987,1.230043,4307.366377,2.998436,3961.835004,11.981443,11.185525,0.000000,Yahoo Finance via yfinance,-0.093991,0.709565,0.116080,2.229454,3.992992,-0.265519,0.717907,-1.550541,2.464321,-3.551885,4.143334
2021-08-10,2021-08-09,2021-08-10T00:00:00Z,34.833333,fear,2.766666,5.300000,31.406667,27.092500,1.441377,Monday,2021-08-09,0,True,Monday,^GSPC,4437.770020,4439.390137,4424.740234,4432.350098,4432.350098,3449280000,4436.520020,-0.093991,0.028175,-0.122132,0.330212,-0.093991,1.030050,0.227264,1.088352,7.777510,32.258422,4384.997998,1.079866,4311.995781,2.791151,3966.818954,11.735629,11.155232,-0.093991,Yahoo Finance via yfinance,0.099268,1.068505,1.064440,1.978176,4.473920,-0.052349,1.080909,-1.457920,2.560718,-3.461147,4.575446
2021-08-11,2021-08-10,2021-08-11T00:00:00Z,37.933333,fear,3.100000,9.300000,33.266667,27.512500,1.773444,Tuesday,2021-08-10,0,True,Tuesday,^GSPC,4435.790039,4445.209961,4430.029785,4436.750000,4436.750000,3886610000,4432.350098,0.099268,0.077610,0.021641,0.342486,0.099268,0.307475,0.801780,1.545818,6.298738,32.027664,4388.375000,1.102344,4316.648584,2.782284,3971.735254,11.708100,11.050746,0.000000,Yahoo Finance via yfinance,0.127574,0.255369,1.115230,1.742713,5.044680,-0.426437,0.980668,-1.555644,2.459009,-3.556884,5.109820
2021-08-12,2021-08-11,2021-08-12T00:00:00Z,43.133333,fear,5.200000,13.500000,35.966667,28.302500,2.169961,Wednesday,2021-08-11,0,True,Wednesday,^GSPC,4442.180176,4449.439941,4436.419922,4442.410156,4442.410156,3532560000,4436.750000,0.127574,0.122391,0.005177,0.293458,0.127574,0.902863,0.949181,1.557057,6.704316,33.258048,4391.780518,1.152827,4321.455986,2.798922,3976.620355,11.713208,11.051314,0.000000,Yahoo Finance via yfinance,0.414638,-0.948587,1.210599,1.145091,5.349571,-1.008919,0.852006,-1.681073,2.328464,-3.679764,5.415750
2021-08-13,2021-08-12,2021-08-13T00:00:00Z,47.133333,neutral,4.000000,15.266666,39.020000,29.314167,2.224024,Thursday,2021-08-12,0,True,Thursday,^GSPC,4446.080078,4461.770020,4435.959961,4460.830078,4460.830078,3375310000,4442.410156,0.414638,0.082611,0.331753,0.580992,0.414638,0.716398,0.943172,2.311918,8.067193,31.963553,4396.820532,1.455814,4326.510186,3.104578,3981.919656,12.027124,11.003286,0.000000,Yahoo Finance via yfinance,0.160731,-1.233633,0.205565,-0.050439,5.306181,-2.087058,0.435562,-2.087058,1.905924,-4.077495,5.776277
2021-08-16,2021-08-15,2021-08-16T00:00:00Z,44.866667,fear,-2.266666,12.800000,41.580000,31.108333,1.911961,Sunday,2021-08-13,2,False,Friday,^GSPC,4464.839844,4468.370117,4460.819824,4468.000000,4468.000000,3016470000,4460.830078,0.160731,0.089888,0.070779,0.169258,0.160731,0.709565,1.654970,3.254787,8.560428,32.446800,4403.862524,1.456391,4332.013184,3.139114,3987.306256,12.055601,10.511546,0.000000,Yahoo Finance via yfinance,0.262085,-0.589303,0.925920,0.016338,5.230533,-2.244181,0.274390,-2.244181,1.742393,-4.231425,5.606535
2021-08-17,2021-08-16,2021-08-17T00:00:00Z,31.700000,fear,-13.166667,-3.133333,40.953333,31.690000,0.001490,Monday,2021-08-16,0,True,Monday,^GSPC,4461.649902,4480.259766,4437.660156,4479.709961,4479.709961,3370640000,4468.000000,0.262085,-0.142124,0.404784,0.953438,0.262085,1.068505,2.109561,5.194792,7.708117,32.816752,4414.923511,1.467442,4337.009580,3.290294,3993.349656,12.179257,8.232303,0.000000,Yahoo Finance via yfinance,-0.706070,-0.004022,1.095608,-0.818360,4.588244,-2.499715,0.227022,-2.499715,1.476438,-4.481764,5.330480
2021-08-18,2021-08-17,2021-08-18T00:00:00Z,18.200000,extreme fear,-13.500000,-19.733333,37.006667,31.390000,-1.836958,Tuesday,2021-08-17,0,True,Tuesday,^GSPC,4462.120117,4462.120117,4417.830078,4448.080078,4448.080078,3836960000,4479.709961,-0.706070,-0.392656,-0.314650,0.988681,-0.706070,0.255369,0.563629,2.891933,7.031522,31.522568,4421.174512,0.608562,4341.440781,2.456311,3999.039506,11.228711,7.458975,-0.706070,Yahoo Finance via yfinance,-1.074847,0.857671,1.677130,0.733353,4.465519,-1.806400,1.005602,-1.806400,2.198027,-3.802543,6.079475
2021-08-19,2021-08-18,2021-08-19T00:00:00Z,14.883333,extreme fear,-3.316667,-28.250000,31.356667,30.917500,-2.019441,Wednesday,2021-08-18,0,True,Wednesday,^GSPC,4440.939941,4454.319824,4397.589844,4400.270020,4400.270020,3755590000,4448.080078,-1.074847,-0.160522,-0.915795,1.275381,-1.074847,-0.948587,-0.054288,0.953958,4.841978,29.809899,4423.253516,-0.519606,4344.900986,1.274345,4004.691056,9.877890,8.172930,-1.773328,Yahoo Finance via yfinance,0.125669,2.179864,2.813914,1.669897,5.658744,-0.739501,2.305312,-0.739501,3.308435,-2.757333,7.232056
2021-08-20,2021-08-19,2021-08-20T00:00:00Z,23.866667,extreme fear,8.983334,-23.266666,26.703333,30.695833,-0.845453,Thursday,2021-08-19,0,True,Thursday,^GSPC,4382.439941,4418.609863,4367.729980,4405.799805,4405.799805,4398410000,4400.270020,0.125669,-0.405204,0.533033,1.156290,0.125669,-1.233633,-0.526073,0.877390,5.197306,30.548015,4425.169507,-0.437717,4348.625986,1.314756,4010.168855,9.865693,8.158509,-1.649887,Yahoo Finance via yfinance,0.814157,1.457175,2.976767,0.617151,6.288309,0.022697,2.176907,0.022697,3.178771,-2.879383,7.097467
2021-08-23,2021-08-22,2021-08-23T00:00:00Z,30.433333,fear,6.566666,-14.433334,23.816667,30.672500,-0.029609,Sunday,2021-08-20,2,False,Friday,^GSPC,4410.560059,4444.350098,4406.799805,4441.669922,4441.669922,3652610000,4405.799805,0.814157,0.108045,0.705349,0.852292,0.814157,-0.589303,0.116080,0.677273,5.855106,31.196479,4426.663501,0.339001,4352.675781,2.044585,4015.531405,10.612257,7.868497,-0.849163,Yahoo Finance via yfinance,0.852379,1.524206,2.110923,-1.889828,5.428811,0.194074,1.613361,-3.056503,2.345518,-3.663712,6.232568
2021-08-24,2021-08-23,2021-08-24T00:00:00Z,34.400000,fear,3.966667,2.700000,24.356667,31.034167,0.416859,Monday,2021-08-23,0,True,Monday,^GSPC,4450.290039,4489.879883,4450.290039,4479.529785,4479.529785,3576530000,4441.669922,0.852379,0.194074,0.657030,0.891328,0.852379,-0.004022,1.064440,1.294123,6.633132,31.861022,4429.525000,1.128897,4357.317578,2.804758,4020.711854,11.411361,8.365275,-0.004022,Yahoo Finance via yfinance,0.149574,1.099675,0.904113,-2.798058,4.941816,-0.235283,1.290985,-3.875845,1.480520,-4.477922,5.334717
2021-08-25,2021-08-24,2021-08-25T00:00:00Z,36.033333,fear,1.633333,17.833333,27.923333,31.462500,0.564145,Tuesday,2021-08-24,0,True,Tuesday,^GSPC,4484.399902,4492.810059,4482.279785,4486.229980,4486.229980,3979220000,4479.529785,0.149574,0.108719,0.040810,0.235075,0.149574,0.857671,1.115230,1.925952,6.710579,30.745085,4433.763501,1.183340,4361.939180,2.849439,4025.590754,11.442773,8.123594,0.000000,Yahoo Finance via yfinance,0.222012,0.812491,0.620562,-2.019287,4.512474,-0.384281,1.139707,-4.019407,1.328958,-4.620584,5.177399
2021-08-26,2021-08-25,2021-08-26T00:00:00Z,36.833333,fear,0.800000,21.950000,32.313333,31.842500,0.610864,Wednesday,2021-08-25,0,True,Wednesday,^GSPC,4490.450195,4501.709961,4485.660156,4496.189941,4496.189941,3444700000,4486.229980,0.222012,0.094070,0.127821,0.357757,0.222012,2.179864,1.210599,2.171271,7.000169,30.565794,4438.540991,1.298827,4366.931182,2.959945,4030.524504,11.553470,8.123203,0.000000,Yahoo Finance via yfinance,-0.582492,0.620523,-0.064725,-1.049999,4.633926,-0.604950,0.915662,-4.232023,1.104494,-4.831869,4.944410
2021-08-27,2021-08-26,2021-08-27T00:00:00Z,47.466667,neutral,10.633334,23.600000,37.033333,32.927500,1.663201,Thursday,2021-08-26,0,True,Thursday,^GSPC,4493.750000,4495.899902,4468.990234,4470.000000,4470.000000,3263980000,4496.189941,-0.582492,-0.054267,-0.528512,0.598499,-0.582492,1.457175,0.205565,1.150676,6.223204,28.495170,4441.083496,0.651114,4371.857178,2.244877,4035.122004,10.777320,8.388402,-0.582492,Yahoo Finance via yfinance,0.880763,1.497767,-0.255479,-0.324833,5.099775,0.091725,1.696870,-3.670914,1.696870,-4.274274,5.559284
2021-08-30,2021-08-29,2021-08-30T00:00:00Z,47.866667,neutral,0.400000,17.433334,40.520000,34.065833,1.509623,Sunday,2021-08-27,2,False,Friday,^GSPC,4474.100098,4513.330078,4474.100098,4509.370117,4509.370117,3331200000,4470.000000,0.880763,0.091725,0.788315,0.877628,0.880763,1.524206,0.925920,2.596214,7.549042,29.410399,4446.789014,1.407332,4377.607383,3.009926,4039.941205,11.619697,8.557489,0.000000,Yahoo Finance via yfinance,0.430657,0.577909,-0.901238,-1.469390,3.849092,0.097345,0.808982,-4.511937,0.808982,-5.110030,5.199395
2021-08-31,2021-08-30,2021-08-31T00:00:00Z,47.233333,neutral,-0.633334,12.833333,43.086667,34.950833,1.289014,Monday,2021-08-30,0,True,Monday,^GSPC,4513.759766,4537.359863,4513.759766,4528.790039,4528.790039,3168660000,4509.370117,0.430657,0.097345,0.332988,0.523357,0.430657,1.099675,1.095608,3.228282,7.066375,29.098549,4453.870508,1.682122,4384.854180,3.282569,4044.721855,11.967898,8.536684,0.000000,Yahoo Finance via yfinance,-0.134912,-0.193435,-1.893226,-3.889784,3.575131,-0.348659,0.376702,-4.921400,0.376702,-5.516928,4.748289
2021-09-01,2021-08-31,2021-09-01T00:00:00Z,43.133333,fear,-4.100000,7.100000,44.506667,35.675833,0.778921,Tuesday,2021-08-31,0,True,Tuesday,^GSPC,4529.750000,4531.390137,4515.799805,4522.680176,4522.680176,4290710000,4528.790039,-0.134912,0.021197,-0.156075,0.344249,-0.134912,0.812491,1.677130,2.250213,7.007187,29.207987,4458.847021,1.431607,4390.811982,3.003276,4049.650206,11.680761,8.224912,-0.134912,Yahoo Finance via yfinance,0.031169,-0.190382,-0.928210,-3.608927,3.952961,-0.635242,0.512305,-4.792955,0.512305,-5.389287,4.889797
2021-09-02,2021-09-01,2021-09-02T00:00:00Z,44.166667,fear,1.033334,7.333334,45.973333,36.402500,0.805188,Wednesday,2021-09-01,0,True,Wednesday,^GSPC,4528.799805,4537.109863,4522.020020,4524.089844,4524.089844,4057340000,4522.680176,0.031169,0.135310,-0.104000,0.333648,0.031169,0.620523,2.813914,2.758098,7.021808,28.282931,4464.918506,1.325250,4396.364980,2.905238,4054.344906,11.586211,7.948400,-0.103785,Yahoo Finance via yfinance,0.284264,-0.681022,-1.112707,-4.786594,1.558994,-0.707767,0.480986,-4.822621,0.480986,-5.418767,4.857115
2021-09-03,2021-09-02,2021-09-03T00:00:00Z,44.066667,fear,-0.100000,-3.400000,45.293333,37.012500,0.725278,Thursday,2021-09-02,0,True,Thursday,^GSPC,4534.479980,4545.850098,4524.660156,4536.950195,4536.950195,3735990000,4524.089844,0.284264,0.229662,0.054476,0.468380,0.284264,1.497767,2.976767,2.435034,7.522139,26.700721,4470.311011,1.490706,4402.267187,3.059401,4058.895107,11.777961,7.781462,0.000000,Yahoo Finance via yfinance,-0.033503,-1.727374,-2.291406,-3.965443,2.607915,-1.747651,0.099186,-5.475709,0.099186,-5.686865,4.559889
2021-09-07,2021-09-06,2021-09-07T00:00:00Z,41.700000,fear,-2.366667,-6.166667,44.060000,37.494167,0.433285,Monday,2021-09-03,3,False,Friday,^GSPC,4532.419922,4541.450195,4521.299805,4535.430176,4535.430176,3217530000,4536.950195,-0.033503,-0.099853,0.066416,0.444140,-0.033503,0.577909,2.110923,2.229454,6.988380,31.269214,4475.256519,1.344586,4407.645986,2.899148,4063.524608,11.613208,7.798395,-0.033503,Yahoo Finance via yfinance,-0.339557,-1.470648,-3.918045,-5.180770,0.696071,-1.978423,-0.001109,-5.655257,-0.001109,-5.655257,4.594931
2021-09-08,2021-09-07,2021-09-08T00:00:00Z,38.566667,fear,-3.133333,-8.666666,42.326667,37.680833,0.091428,Tuesday,2021-09-07,0,True,Tuesday,^GSPC,4535.379883,4535.379883,4513.000000,4520.029785,4520.029785,3822960000,4535.430176,-0.339557,-0.001109,-0.338452,0.493446,-0.339557,-0.193435,0.904113,1.978176,6.417745,31.896195,4479.640503,0.901619,4412.432578,2.438501,4068.285807,11.104037,7.931775,-0.372947,Yahoo Finance via yfinance,-0.131857,-1.703086,-3.668999,-3.856381,-0.154639,-1.871001,0.218364,-5.333811,0.218364,-5.333811,4.951301
2021-09-09,2021-09-08,2021-09-09T00:00:00Z,33.800000,fear,-4.766667,-9.333333,40.460000,37.474167,-0.377721,Wednesday,2021-09-08,0,True,Wednesday,^GSPC,4518.089844,4521.790039,4493.950195,4514.069824,4514.069824,3750880000,4520.029785,-0.131857,-0.042919,-0.088976,0.615922,-0.131857,-0.190382,0.620562,1.742713,6.084860,35.482787,4483.506494,0.681684,4416.901777,2.199914,4072.946805,10.830562,7.974057,-0.504312,Yahoo Finance via yfinance,-0.460561,-0.739236,-2.623568,-3.334464,1.396307,-1.741441,0.350683,-5.208822,0.350683,-5.208822,5.089869
2021-09-10,2021-09-09,2021-09-10T00:00:00Z,20.600000,extreme fear,-13.200000,-23.566667,35.746667,36.347500,-1.525344,Thursday,2021-09-09,0,True,Thursday,^GSPC,4513.020020,4529.899902,4492.069824,4493.279785,4493.279785,3735390000,4514.069824,-0.460561,-0.023256,-0.437406,0.838048,-0.460561,-0.681022,-0.064725,1.145091,5.809130,32.195726,4486.049976,0.161162,4420.931377,1.636497,4077.625504,10.193537,8.204916,-0.962550,Yahoo Finance via yfinance,-0.772258,-0.434644,-0.985912,-2.081331,1.004843,-1.286807,0.605135,-4.770231,0.605135,-4.770231,5.576112
2021-09-13,2021-09-12,2021-09-13T00:00:00Z,28.266667,fear,7.666667,-15.800000,32.586667,35.404167,-0.703415,Sunday,2021-09-10,2,False,Friday,^GSPC,4506.919922,4520.470215,4457.660156,4458.580078,4458.580078,3623180000,4493.279785,-0.772258,0.303567,-1.072569,1.397867,-0.772258,-1.727374,-0.255479,-0.050439,5.560998,33.522805,4485.937476,-0.609848,4424.152979,0.778163,4082.030454,9.224567,8.593540,-1.727374,Yahoo Finance via yfinance,0.227649,-0.573946,-0.069531,-1.508109,2.985028,-0.691258,0.771774,-4.029088,0.771774,-4.029088,6.397777
2021-09-14,2021-09-13,2021-09-14T00:00:00Z,24.800000,extreme fear,-3.466667,-16.900000,29.206667,34.400833,-0.945510,Monday,2021-09-13,0,True,Monday,^GSPC,4474.810059,4492.990234,4445.700195,4468.729980,4468.729980,3914220000,4458.580078,0.227649,0.364017,-0.135873,1.060652,0.227649,-1.470648,-0.901238,0.016338,5.847426,33.755467,4485.973975,-0.384398,4427.128779,0.939688,4086.197054,9.361588,8.613517,-1.503658,Yahoo Finance via yfinance,-0.574664,-2.483927,-0.573320,-2.406501,4.878792,-3.643537,0.405935,-4.247069,0.405935,-4.247069,6.156114
2021-09-15,2021-09-14,2021-09-15T00:00:00Z,31.200000,fear,6.400000,-7.366667,27.733333,34.375833,-0.312528,Tuesday,2021-09-14,0,True,Tuesday,^GSPC,4479.330078,4485.680176,4435.459961,4443.049805,4443.049805,3670460000,4468.729980,-0.574664,0.237206,-0.809949,1.123814,-0.574664,-1.703086,-1.893226,-0.818360,6.638736,31.313646,4484.140967,-0.916366,4428.942978,0.318515,4090.264054,8.625012,8.789000,-2.069681,Yahoo Finance via yfinance,0.847400,-1.999975,-2.035087,-2.079650,5.810427,-3.086611,0.986267,-3.693631,0.986267,-3.693631,6.769680
2021-09-16,2021-09-15,2021-09-16T00:00:00Z,31.500000,fear,0.300000,-2.300000,27.273333,35.040833,-0.374363,Wednesday,2021-09-15,0,True,Wednesday,^GSPC,4447.490234,4486.870117,4438.370117,4480.700195,4480.700195,4032020000,4443.049805,0.847400,0.099941,0.746712,1.091593,0.847400,-0.739236,-0.928210,0.733353,6.057346,31.738806,4485.771973,-0.113064,4431.686182,1.105990,4094.475804,9.432817,8.954932,-1.239820,Yahoo Finance via yfinance,-0.155114,-1.898365,-2.705832,-2.608976,4.167875,-3.900954,0.115382,-4.502873,0.115382,-4.502873,5.872517
2021-09-17,2021-09-16,2021-09-17T00:00:00Z,17.933333,extreme fear,-13.566667,-2.666667,26.740000,35.193333,-1.889384,Thursday,2021-09-16,0,True,Thursday,^GSPC,4477.089844,4485.870117,4443.799805,4473.750000,4473.750000,3984560000,4480.700195,-0.155114,-0.080576,-0.074599,0.938923,-0.155114,-0.434644,-1.112707,1.669897,5.352956,32.144830,4489.445972,-0.349619,4433.998584,0.896514,4098.736405,9.149493,7.981085,-1.393011,Yahoo Finance via yfinance,-0.911087,-0.553675,-3.715227,-0.793299,5.325957,-3.751659,-0.049846,-4.354514,-0.049846,-4.354514,6.036995
2021-09-20,2021-09-19,2021-09-20T00:00:00Z,11.100000,extreme fear,-6.833333,-17.166667,23.306667,34.555000,-2.269351,Sunday,2021-09-17,2,False,Friday,^GSPC,4469.740234,4471.520020,4427.759766,4432.990234,4432.990234,7289530000,4473.750000,-0.911087,-0.089629,-0.822195,0.978156,-0.911087,-0.573946,-2.291406,0.617151,4.506309,32.051743,4490.805493,-1.287414,4436.241992,-0.073300,4102.589106,8.053478,8.723308,-2.291406,Yahoo Finance via yfinance,-1.697731,0.507327,-1.713295,0.865779,5.323269,-2.866690,0.731102,-3.475088,0.966156,-3.475088,7.011968
2021-09-21,2021-09-20,2021-09-21T00:00:00Z,11.450000,extreme fear,0.350000,-13.350000,20.636667,33.605833,-1.920591,Monday,2021-09-20,0,True,Monday,^GSPC,4402.950195,4402.950195,4305.910156,4357.729980,4357.729980,4898070000,4432.990234,-1.697731,-0.677647,-1.027044,2.189042,-1.697731,-2.483927,-3.918045,-1.889828,2.138520,31.277885,4486.608496,-2.872515,4436.005596,-1.764552,4106.032706,6.129938,10.173211,-3.950235,Yahoo Finance via yfinance,-0.081236,1.959274,-1.314217,2.954061,6.341831,-0.224200,2.470780,-1.808052,3.006612,-1.808052,8.860120
2021-09-22,2021-09-21,2021-09-22T00:00:00Z,20.033333,extreme fear,8.583333,-11.166667,18.403333,32.887500,-1.077950,Tuesday,2021-09-21,0,True,Tuesday,^GSPC,4374.450195,4394.870117,4347.959961,4354.189941,4354.189941,3920920000,4357.729980,-0.081236,0.383691,-0.463150,1.076481,-0.081236,-1.999975,-3.668999,-2.798058,1.716769,32.706804,4480.341504,-2.815668,4435.396797,-1.830881,4109.470056,5.955023,9.542245,-4.028262,Yahoo Finance via yfinance,0.951961,-0.035829,-0.194519,3.799557,8.168228,-0.180513,2.554091,-1.728220,3.817242,-1.728220,8.948625
2021-09-23,2021-09-22,2021-09-23T00:00:00Z,24.500000,extreme fear,4.466667,-7.000000,17.003333,32.310833,-0.648590,Wednesday,2021-09-22,0,True,Wednesday,^GSPC,4367.430176,4416.750000,4367.430176,4395.640137,4395.640137,3939170000,4354.189941,0.951961,0.304080,0.645917,1.132698,0.951961,-1.898365,-2.623568,-2.019287,2.447910,32.575697,4475.812012,-1.791225,4435.925400,-0.908159,4112.952656,6.873103,10.263120,-3.114649,Yahoo Finance via yfinance,1.213472,-0.823092,-0.730049,3.197482,6.211377,-1.121795,1.587022,-2.654908,3.303955,-2.654908,7.921257
2021-09-24,2021-09-23,2021-09-24T00:00:00Z,23.833333,extreme fear,-0.666667,5.900000,18.183333,31.660833,-0.644965,Thursday,2021-09-23,0,True,Thursday,^GSPC,4406.750000,4465.399902,4406.750000,4448.979980,4448.979980,3916350000,4395.640137,1.213472,0.252747,0.958302,1.334274,1.213472,-0.553675,-0.985912,-1.049999,3.662337,37.444858,4473.451514,-0.547039,4437.419004,0.260534,4116.737756,8.070522,11.233209,-1.938972,Yahoo Finance via yfinance,0.146101,-3.179154,-1.106326,2.265683,3.858416,-3.208370,0.317829,-3.822001,2.302999,-3.822001,6.627364
2021-09-27,2021-09-26,2021-09-27T00:00:00Z,24.766667,extreme fear,0.933334,13.666667,20.916667,30.525833,-0.495144,Sunday,2021-09-24,2,False,Friday,^GSPC,4438.040039,4463.120117,4430.270020,4455.479980,4455.479980,3384290000,4448.979980,0.146101,-0.245898,0.392965,0.738374,0.146101,0.507327,-0.069531,-0.324833,3.676090,37.235680,4472.725513,-0.385571,4439.328008,0.363838,4120.503906,8.129493,11.072020,-1.795704,Yahoo Finance via yfinance,-0.277638,-2.209413,-1.439579,2.006965,2.525879,-3.747295,0.040845,-3.962312,2.338467,-3.962312,6.471808
2021-09-28,2021-09-27,2021-09-28T00:00:00Z,12.466667,extreme fear,-12.300000,1.016667,21.120000,28.755833,-1.410713,Monday,2021-09-27,0,True,Monday,^GSPC,4442.120117,4457.299805,4436.189941,4443.109863,4443.109863,4058650000,4455.479980,-0.277638,-0.299852,0.022281,0.473796,-0.277638,1.959274,-0.573320,-1.469390,2.851195,34.702556,4469.412500,-0.588503,4441.647002,0.032935,4124.355355,7.728590,10.583221,-2.068357,Yahoo Finance via yfinance,-2.036411,-3.210587,-1.843752,2.776661,4.639096,-3.694933,-0.530480,-3.694933,2.914856,-3.694933,6.768237
2021-09-29,2021-09-28,2021-09-29T00:00:00Z,12.483333,extreme fear,0.016666,-7.550000,19.610000,27.018333,-1.294280,Tuesday,2021-09-28,0,True,Tuesday,^GSPC,4419.540039,4419.540039,4346.330078,4352.629883,4352.629883,4416550000,4443.109863,-2.036411,-0.530480,-1.513962,1.647719,-2.036411,-0.035829,-2.035087,-3.889784,0.006664,29.867220,4460.604492,-2.420627,4443.529795,-2.045669,4127.778004,5.447286,12.482263,-4.062648,Yahoo Finance via yfinance,0.156918,-0.158747,-0.045489,5.104044,7.901664,-1.692998,0.756782,-1.692998,5.649456,-1.692998,8.987674
2021-09-30,2021-09-29,2021-09-30T00:00:00Z,9.966667,extreme fear,-2.516666,-14.533333,16.703333,25.360000,-1.377608,Wednesday,2021-09-29,0,True,Wednesday,^GSPC,4362.410156,4385.569824,4355.080078,4359.459961,4359.459961,3712660000,4352.629883,0.156918,0.224698,-0.067628,0.700490,0.156918,-0.823092,-2.705832,-3.608927,0.366520,30.700021,4452.443481,-2.088371,4444.257793,-1.908031,4131.258004,5.523789,12.543798,-3.912105,Yahoo Finance via yfinance,-1.190971,0.093815,0.099550,4.409267,8.403107,-1.847018,0.529649,-1.847018,5.483932,-1.847018,8.816920
2021-10-01,2021-09-30,2021-10-01T00:00:00Z,18.333333,extreme fear,8.366666,-5.500000,15.603333,24.068333,-0.554205,Thursday,2021-09-30,0,True,Thursday,^GSPC,4370.669922,4382.549805,4306.240234,4307.540039,4307.540039,4448140000,4359.459961,-1.190971,0.257141,-1.444398,1.750436,-1.190971,-3.179154,-3.715227,-4.786594,-1.160815,28.086234,4441.615991,-3.018630,4443.234795,-3.053963,4134.558254,4.183803,13.011539,-5.056484,Yahoo Finance via yfinance,1.149148,2.140891,3.034672,6.706377,11.227984,-0.663954,2.842230,-0.663954,6.755358,-0.663954,11.234955
2021-10-04,2021-10-03,2021-10-04T00:00:00Z,9.500000,extreme fear,-8.833333,-15.266667,12.550000,22.340000,-1.323913,Sunday,2021-10-01,2,False,Friday,^GSPC,4317.160156,4375.189941,4288.520020,4357.040039,4357.040039,4010370000,4307.540039,1.149148,0.223332,0.923753,2.012051,1.149148,-2.209413,-1.713295,-3.965443,0.838272,28.876005,4432.620483,-1.705096,4443.025996,-1.935302,4137.870354,5.296678,13.812782,-3.965443,Yahoo Finance via yfinance,-1.298590,0.787227,2.624031,5.699737,9.853250,-1.792504,1.673847,-1.792504,5.761711,-1.792504,10.327653
2021-10-05,2021-10-04,2021-10-05T00:00:00Z,18.766667,extreme fear,9.266667,6.300000,13.810000,21.193333,-0.282817,Monday,2021-10-04,0,True,Monday,^GSPC,4348.839844,4355.509766,4278.939941,4300.459961,4300.459961,4307870000,4357.040039,-1.298590,-0.188206,-1.112478,1.757382,-1.298590,-3.210587,-1.314217,-5.180770,-1.581166,28.432516,4420.871972,-2.723716,4440.799394,-3.160229,4140.866804,3.854100,14.332539,-5.212538,Yahoo Finance via yfinance,1.052451,1.412174,4.325119,7.283174,11.454591,-0.231829,3.011544,-0.231829,7.438271,-0.231829,11.779206
2021-10-06,2021-10-05,2021-10-06T00:00:00Z,20.066667,extreme fear,1.300000,7.583334,15.326667,20.268333,-0.026734,Tuesday,2021-10-05,0,True,Tuesday,^GSPC,4309.870117,4369.229980,4309.870117,4345.720215,4345.720215,3902890000,4300.459961,1.052451,0.218817,0.831814,1.380314,1.052451,-0.158747,-0.194519,-3.856381,-0.887411,27.492815,4412.156494,-1.505755,4439.267803,-2.107275,4143.983005,4.868196,15.065310,-4.214946,Yahoo Finance via yfinance,0.410279,0.113438,4.001861,6.556558,9.964051,-1.270905,1.938689,-1.270905,6.660109,-1.270905,10.658992
2021-10-07,2021-10-06,2021-10-07T00:00:00Z,24.600000,extreme fear,4.533333,14.633333,18.253333,19.808333,0.691399,Wednesday,2021-10-06,0,True,Wednesday,^GSPC,4319.569824,4365.569824,4290.490234,4363.549805,4363.549805,4009630000,4345.720215,0.410279,-0.601750,1.018157,1.727667,0.410279,0.093815,-0.730049,-3.334464,-0.129546,29.830074,4404.630493,-0.932670,4438.509600,-1.688851,4147.253705,5.215406,15.216239,-3.821959,Yahoo Finance via yfinance,0.829828,0.005729,3.956415,6.806844,9.227129,-0.770700,1.522165,-0.770700,6.873077,-0.770700,10.206836
2021-10-08,2021-10-07,2021-10-08T00:00:00Z,25.266667,fear,0.666667,6.933334,19.640000,20.041667,0.742589,Thursday,2021-10-07,0,True,Thursday,^GSPC,4383.729980,4429.970215,4383.729980,4399.759766,4399.759766,3843740000,4363.549805,0.829828,0.462472,0.365665,1.059693,0.829828,2.140891,-1.106326,-2.081331,0.582035,28.669017,4399.954492,-0.004426,4438.491992,-0.872644,4150.777904,5.998439,15.569166,-3.023847,Yahoo Finance via yfinance,-0.191372,0.875048,3.409732,6.370809,9.018681,-1.587356,0.908464,-1.587356,6.437630,-1.587356,9.299835
2021-10-11,2021-10-10,2021-10-11T00:00:00Z,25.900000,fear,0.633333,16.400000,22.920000,19.923333,0.865012,Sunday,2021-10-08,2,False,Friday,^GSPC,4406.509766,4412.020020,4386.220215,4391.339844,4391.339844,3280160000,4399.759766,-0.191372,0.153417,-0.344262,0.586391,-0.191372,0.787227,-1.439579,-1.508109,0.718116,27.402272,4396.592480,-0.119471,4437.935791,-1.049946,4154.298303,5.705935,15.372051,-3.209432,Yahoo Finance via yfinance,-0.686576,1.822457,3.496884,6.972586,9.158940,-1.398660,1.923786,-1.398660,7.450122,-1.398660,9.730066
2021-10-12,2021-10-11,2021-10-12T00:00:00Z,22.700000,extreme fear,-3.200000,3.933333,23.706667,19.818333,0.420865,Monday,2021-10-11,0,True,Monday,^GSPC,4385.439941,4415.879883,4360.589844,4361.189941,4361.189941,3281970000,4391.339844,-0.686576,-0.134353,-0.552966,1.259070,-0.686576,1.412174,-1.843752,-2.406501,0.786423,25.424633,4391.215478,-0.683764,4437.254394,-1.714223,4157.654203,4.895447,15.478273,-3.873974,Yahoo Finance via yfinance,-0.241678,2.872382,4.707202,7.807737,7.782054,-0.717007,2.924891,-0.717007,8.192949,-0.717007,10.488655
2021-10-13,2021-10-12,2021-10-13T00:00:00Z,24.100000,extreme fear,1.400000,4.033333,24.513333,19.463333,0.725048,Tuesday,2021-10-12,0,True,Tuesday,^GSPC,4368.310059,4374.890137,4342.089844,4350.649902,4350.649902,3558450000,4361.189941,-0.241678,0.163261,-0.404279,0.752095,-0.241678,0.113438,-0.045489,-2.079650,2.164139,23.100711,4386.595483,-0.819441,4436.524189,-1.935621,4160.892152,4.560506,15.392635,-4.106289,Yahoo Finance via yfinance,0.302251,3.884017,5.151877,7.690807,7.939042,-0.476480,3.901716,-0.476480,8.455061,-0.476480,10.756329
2021-10-14,2021-10-13,2021-10-14T00:00:00Z,31.833333,fear,7.733333,7.233333,25.960000,19.480000,1.921695,Wednesday,2021-10-13,0,True,Wednesday,^GSPC,4358.009766,4372.870117,4329.919922,4363.799805,4363.799805,3620070000,4350.649902,0.302251,0.169167,0.132860,0.987213,0.302251,0.005729,0.099550,-2.608976,0.942382,24.256460,4380.750464,-0.386935,4435.337187,-1.612896,4164.034351,4.797402,15.065517,-3.816449,Yahoo Finance via yfinance,1.706310,3.950459,4.305431,6.483115,7.177918,0.525922,4.057709,0.525922,8.128242,0.525922,10.422575
2021-10-15,2021-10-14,2021-10-15T00:00:00Z,43.633333,fear,11.800000,18.366666,29.633333,20.765000,2.730091,Thursday,2021-10-14,0,True,Thursday,^GSPC,4386.750000,4439.729980,4386.750000,4438.259766,4438.259766,3598280000,4363.799805,1.706310,0.525922,1.174212,1.214079,1.706310,0.875048,3.034672,-0.793299,1.825545,27.219252,4378.975952,1.353828,4436.049180,0.049832,4167.590449,6.494624,16.409718,-2.175259,Yahoo Finance via yfinance,0.746021,2.512697,3.563562,4.754347,5.227956,0.207524,2.550103,0.207524,6.314192,0.207524,8.570034
2021-10-18,2021-10-17,2021-10-18T00:00:00Z,46.566667,neutral,2.933334,20.666667,33.766667,22.538333,2.440014,Sunday,2021-10-15,2,False,Friday,^GSPC,4447.689941,4475.819824,4447.689941,4471.370117,4471.370117,3819380000,4438.259766,0.746021,0.212475,0.532415,0.633804,0.746021,1.822457,2.624031,0.865779,2.378720,28.364443,4380.894946,2.065221,4436.894580,0.777020,4171.287100,7.194015,16.289766,-1.445466,Yahoo Finance via yfinance,0.337477,1.644458,2.997063,4.729646,5.405495,-0.534510,1.974782,-0.534510,5.526939,-0.534510,7.766076
2021-10-19,2021-10-18,2021-10-19T00:00:00Z,53.400000,neutral,6.833333,30.700000,39.906667,24.635833,2.466489,Monday,2021-10-18,0,True,Monday,^GSPC,4463.720215,4488.750000,4447.470215,4486.459961,4486.459961,3662010000,4471.370117,0.337477,-0.171086,0.509435,0.923202,0.337477,2.872382,4.325119,2.954061,1.692509,28.780269,4387.331445,2.259426,4437.893379,1.094361,4174.939049,7.461688,14.943014,-1.112867,Yahoo Finance via yfinance,0.739334,1.783589,2.835420,4.376275,5.346980,0.221783,1.920449,0.221783,5.172007,0.193029,7.403614
2021-10-20,2021-10-19,2021-10-20T00:00:00Z,56.566667,greed,3.166667,32.466667,46.400000,26.462500,2.213082,Tuesday,2021-10-19,0,True,Tuesday,^GSPC,4497.339844,4520.399902,4496.410156,4519.629883,4519.629883,3459130000,4486.459961,0.739334,0.242505,0.495627,0.534714,0.739334,3.884017,4.001861,3.799557,2.200893,31.886066,4395.603442,2.821602,4439.638975,1.801744,4179.033949,8.150112,15.058118,-0.381761,Yahoo Finance via yfinance,0.366403,1.220457,2.456396,4.010727,3.084321,0.096692,1.745716,0.096692,4.400142,-0.542296,6.615370
2021-10-21,2021-10-20,2021-10-21T00:00:00Z,60.200000,greed,3.633333,28.366667,52.073333,28.247500,2.056593,Wednesday,2021-10-20,0,True,Wednesday,^GSPC,4524.419922,4540.870117,4524.399902,4536.189941,4536.189941,3670760000,4519.629883,0.366403,0.105983,0.260144,0.364415,0.366403,3.950459,3.956415,3.197482,3.061029,31.746491,4402.630933,3.033618,4441.627773,2.128998,4183.080598,8.441371,14.806961,-0.016757,Yahoo Finance via yfinance,0.299587,0.341481,2.741946,3.361411,2.792215,-0.268726,1.374278,-0.268726,4.019013,-0.905381,6.226154
2021-10-22,2021-10-21,2021-10-22T00:00:00Z,59.500000,greed,-0.700000,15.866667,55.246667,30.030833,1.735224,Thursday,2021-10-21,0,True,Thursday,^GSPC,4532.240234,4551.439941,4526.890137,4549.779785,4549.779785,3822330000,4536.189941,0.299587,-0.087071,0.386995,0.541199,0.299587,2.512697,3.409732,2.265683,3.389044,32.431968,4407.670923,3.224126,4443.775166,2.385463,4187.088798,8.662128,14.292336,0.000000,Yahoo Finance via yfinance,-0.107255,1.025108,2.863441,3.401489,0.600690,-0.566616,1.071480,-0.566616,3.708316,-1.201370,5.908865
2021-10-25,2021-10-24,2021-10-25T00:00:00Z,62.966667,greed,3.466667,16.400000,58.526667,31.940833,1.682083,Sunday,2021-10-22,2,False,Friday,^GSPC,4546.120117,4559.669922,4524.000000,4544.899902,4544.899902,3758220000,4549.779785,-0.107255,-0.080436,-0.026841,0.783992,-0.107255,1.644458,3.496884,2.006965,2.845570,31.603100,4412.141919,3.008924,4445.456562,2.236966,4190.794347,8.449605,14.313525,-0.107255,Yahoo Finance via yfinance,0.474820,1.330722,3.358267,3.367732,-0.267116,-0.165901,1.390133,-0.165901,3.819668,-1.095289,6.022580
2021-10-26,2021-10-25,2021-10-26T00:00:00Z,63.033333,greed,0.066666,9.633333,60.453333,34.469167,1.496335,Monday,2021-10-25,0,True,Monday,^GSPC,4553.689941,4572.620117,4537.359863,4566.479980,4566.479980,3899400000,4544.899902,0.474820,0.193404,0.280872,0.775820,0.474820,1.783589,4.707202,2.776661,3.895565,31.773916,4418.310425,3.353534,4447.426162,2.676915,4194.503347,8.868193,14.297133,0.000000,Yahoo Finance via yfinance,0.181980,1.033399,2.961148,2.550322,-1.834017,-0.324535,1.179461,-0.324535,3.883738,-1.938688,5.521543
2021-10-27,2021-10-26,2021-10-27T00:00:00Z,58.333333,greed,-4.700000,1.766666,60.806667,36.761667,1.131585,Tuesday,2021-10-26,0,True,Tuesday,^GSPC,4578.689941,4598.529785,4569.169922,4574.790039,4574.790039,3879740000,4566.479980,0.181980,0.267382,-0.085175,0.642943,0.181980,1.220457,5.151877,5.104044,4.276796,34.514273,4429.418433,3.281957,4449.327764,2.819803,4198.379247,8.965621,11.759696,0.000000,Yahoo Finance via yfinance,-0.505157,1.221037,2.414536,2.533672,-3.865753,-0.505594,1.319402,-0.505594,3.695034,-3.922589,5.329864
2021-10-28,2021-10-27,2021-10-28T00:00:00Z,64.400000,greed,6.066667,4.200000,61.646667,39.483333,1.316840,Wednesday,2021-10-27,0,True,Wednesday,^GSPC,4580.220215,4584.569824,4551.660156,4551.680176,4551.680176,4226050000,4574.790039,-0.505157,0.118698,-0.623115,0.719370,-0.505157,0.341481,4.305431,4.409267,2.905854,34.240927,4439.029443,2.537733,4451.399766,2.252784,4202.131698,8.318361,12.061520,-0.505157,Yahoo Finance via yfinance,0.982928,2.392296,2.087796,3.290648,-3.109847,0.245177,2.455792,0.245177,4.221516,-7.229420,5.864646
2021-10-29,2021-10-28,2021-10-29T00:00:00Z,65.433333,greed,1.033333,5.933333,62.833333,41.838333,1.236567,Thursday,2021-10-28,0,True,Thursday,^GSPC,4562.839844,4597.549805,4562.839844,4596.419922,4596.419922,4132950000,4551.680176,0.982928,0.245177,0.735947,0.762575,0.982928,1.025108,3.563562,6.706377,4.400970,40.519038,4453.473437,3.209775,4455.322764,3.166935,4206.064597,9.280773,11.123647,0.000000,Yahoo Finance via yfinance,0.194933,1.819680,1.149810,-0.039157,-5.220796,-0.627229,1.883642,-0.627229,3.207065,-8.132412,4.834201
2021-11-01,2021-10-31,2021-11-01T00:00:00Z,66.133333,greed,0.700000,3.166666,63.466666,44.670000,1.178537,Sunday,2021-10-29,2,False,Friday,^GSPC,4572.870117,4608.080078,4567.589844,4605.379883,4605.379883,4510200000,4596.419922,0.194933,-0.512351,0.710927,0.880908,0.194933,1.330722,2.997063,5.699737,3.980036,39.130716,4465.890430,3.123441,4459.314365,3.275515,4210.113796,9.388489,10.696190,0.000000,Yahoo Finance via yfinance,0.180008,2.000919,1.682168,1.083301,-5.546767,-0.224082,2.456260,-0.433183,3.006271,-8.311144,4.630242
2021-11-02,2021-11-01,2021-11-02T00:00:00Z,68.266667,greed,2.133334,5.233334,64.513333,47.145000,1.182190,Monday,2021-11-01,0,True,Monday,^GSPC,4610.620117,4620.339844,4595.060059,4613.669922,4613.669922,3971540000,4605.379883,0.180008,0.113785,0.066147,0.548919,0.180008,1.033399,2.835420,7.283174,3.992992,41.092551,4481.550928,2.948064,4462.754365,3.381668,4214.340896,9.475480,8.947178,0.000000,Yahoo Finance via yfinance,0.368036,1.908031,1.498371,-1.011557,-6.224116,-0.007154,2.272163,-1.163280,2.821185,-8.475895,4.442238
2021-11-03,2021-11-02,2021-11-03T00:00:00Z,72.200000,greed,3.933333,13.866667,67.286667,49.751667,1.282218,Tuesday,2021-11-02,0,True,Tuesday,^GSPC,4613.339844,4635.149902,4613.339844,4630.649902,4630.649902,3975250000,4613.669922,0.368036,-0.007154,0.375217,0.472727,0.368036,1.221037,2.456396,6.556558,4.473920,39.888646,4495.797412,2.999523,4465.776767,3.691925,4218.499596,9.770069,8.559615,0.000000,Yahoo Finance via yfinance,0.646128,1.179102,1.517066,-2.539813,-4.293130,-0.204290,1.897144,-2.599633,2.444153,-8.811501,4.059262
2021-11-04,2021-11-03,2021-11-04T00:00:00Z,72.433333,greed,0.233333,8.033333,68.893333,52.143333,1.182793,Wednesday,2021-11-03,0,True,Wednesday,^GSPC,4630.649902,4663.459961,4621.189941,4660.569824,4660.569824,4319660000,4630.649902,0.646128,0.000000,0.646128,0.912831,0.646128,2.392296,2.741946,6.806844,5.044680,38.330324,4510.648413,3.323722,4469.263564,4.280487,4222.543195,10.373526,8.633446,0.000000,Yahoo Finance via yfinance,0.418194,-0.297386,0.602933,-1.790977,-3.111637,-0.637475,1.242985,-3.343794,1.786482,-9.396913,3.391223
2021-11-05,2021-11-04,2021-11-05T00:00:00Z,73.600000,greed,1.166667,8.166667,70.526667,54.560000,1.149546,Thursday,2021-11-04,0,True,Thursday,^GSPC,4662.930176,4683.000000,4662.589844,4680.060059,4680.060059,4462300000,4660.569824,0.418194,0.050645,0.367363,0.437933,0.418194,1.819680,2.863441,6.370809,5.349571,35.912348,4524.663428,3.434435,4472.940967,4.630490,4226.678145,10.726672,8.439596,0.000000,Yahoo Finance via yfinance,0.373280,-0.657898,0.523070,-3.026241,-2.852955,-1.051273,0.821356,-3.951657,1.362590,-9.774232,2.960647
2021-11-08,2021-11-07,2021-11-08T00:00:00Z,74.533333,greed,0.933333,8.400000,72.206667,56.991667,1.118698,Sunday,2021-11-05,2,False,Friday,^GSPC,4699.259766,4718.500000,4681.319824,4697.529785,4697.529785,4467180000,4680.060059,0.373280,0.410245,-0.036814,0.794438,0.373280,2.000919,3.358267,6.972586,5.306181,33.815603,4539.972925,3.470436,4477.491562,4.914319,4230.958444,11.027557,8.229530,0.000000,Yahoo Finance via yfinance,0.088779,-0.312498,0.009157,-2.253522,-2.302272,-1.419255,0.370197,-4.308853,0.985631,-10.109774,2.577745
2021-11-09,2021-11-08,2021-11-09T00:00:00Z,77.171429,extreme greed,2.638096,8.904762,73.987619,59.715238,1.241781,Monday,2021-11-08,0,True,Monday,^GSPC,4701.479980,4714.919922,4694.390137,4701.700195,4701.700195,4269710000,4697.529785,0.088779,0.084091,0.004684,0.437034,0.088779,1.908031,2.961148,7.807737,5.230533,33.972949,4556.998437,3.175374,4481.338164,4.917327,4235.190144,11.015091,7.362723,0.000000,Yahoo Finance via yfinance,-0.349878,-0.401991,-0.399010,-0.317974,-4.769769,-1.506696,0.145258,-4.393731,0.896056,-10.189507,2.486758
2021-11-10,2021-11-09,2021-11-10T00:00:00Z,73.085714,greed,-4.085715,0.885714,74.164762,62.164524,0.943645,Tuesday,2021-11-09,0,True,Tuesday,^GSPC,4707.250000,4708.529785,4670.870117,4685.250000,4685.250000,4117080000,4701.700195,-0.349878,0.118038,-0.467364,0.800980,-0.349878,1.179102,2.414536,7.690807,4.588244,31.960287,4573.728442,2.438307,4484.467363,4.477291,4239.368293,10.517645,7.492307,-0.349878,Yahoo Finance via yfinance,-0.822582,0.334025,0.116327,0.340643,-3.942590,-1.160880,0.633908,-4.058052,1.250308,-9.874177,2.846596
2021-11-11,2021-11-10,2021-11-11T00:00:00Z,72.228571,greed,-0.857143,-0.204762,74.123809,64.184286,0.864625,Wednesday,2021-11-10,0,True,Wednesday,^GSPC,4670.259766,4684.850098,4630.859863,4646.709961,4646.709961,4503720000,4685.250000,-0.822582,-0.319945,-0.504250,1.152345,-0.822582,-0.297386,2.087796,6.483115,4.465519,31.058260,4587.873950,1.282424,4486.947959,3.560594,4243.847993,9.492846,8.611864,-1.169582,Yahoo Finance via yfinance,0.055094,0.903004,1.178253,0.446342,-3.504412,0.034435,1.468571,-3.262305,2.090083,-9.126669,3.699610
2021-11-12,2021-11-11,2021-11-12T00:00:00Z,74.000000,greed,1.771429,0.400000,74.203809,65.702619,1.013866,Thursday,2021-11-11,0,True,Thursday,^GSPC,4659.390137,4664.549805,4648.310059,4649.270020,4649.270020,3926870000,4646.709961,0.055094,0.272885,-0.217198,0.349489,0.055094,-0.657898,1.149810,4.754347,5.658744,30.134693,4598.424463,1.105717,4489.451562,3.559866,4248.157444,9.442036,6.900748,-1.115132,Yahoo Finance via yfinance,0.722266,1.188789,-1.175451,1.349674,-2.747313,0.032263,1.412699,-3.315572,2.033869,-9.176707,3.642509
2021-11-15,2021-11-14,2021-11-15T00:00:00Z,71.628571,greed,-2.371429,-2.904762,73.622857,66.955714,0.675181,Sunday,2021-11-12,2,False,Friday,^GSPC,4655.240234,4688.470215,4650.770020,4682.850098,4682.850098,3728600000,4649.270020,0.722266,0.128412,0.593092,0.810884,0.722266,-0.312498,1.682168,4.729646,6.288309,32.395726,4608.998462,1.602336,4492.369560,4.240091,4253.000494,10.106973,6.877820,-0.400921,Yahoo Finance via yfinance,-0.001074,0.322664,-0.588959,-0.296398,-2.042985,-0.215047,0.745271,-4.008883,1.302198,-9.827989,2.899303
2021-11-16,2021-11-15,2021-11-16T00:00:00Z,72.485714,greed,0.857143,-4.685715,72.685714,67.910000,0.733847,Monday,2021-11-15,0,True,Monday,^GSPC,4689.299805,4697.419922,4672.859863,4682.799805,4682.799805,3488410000,4682.850098,-0.001074,0.137730,-0.138613,0.524468,-0.001074,-0.401991,1.498371,4.376275,5.428811,30.616569,4618.815454,1.385298,4495.316953,4.170626,4257.545193,9.988258,6.913994,-0.401991,Yahoo Finance via yfinance,0.386523,0.002993,-2.472875,-1.040189,-3.816514,-0.213975,1.303286,-4.007852,1.303286,-9.827020,2.900408
2021-11-17,2021-11-16,2021-11-17T00:00:00Z,69.200000,greed,-3.285714,-3.885714,71.908571,68.541667,0.116792,Tuesday,2021-11-16,0,True,Tuesday,^GSPC,4679.419922,4714.950195,4679.419922,4700.899902,4700.899902,3972640000,4682.799805,0.386523,-0.072177,0.459031,0.758740,0.386523,0.334025,1.517066,4.010727,4.941816,29.611708,4627.878955,1.577849,4498.934355,4.489186,4261.918142,10.300098,6.668381,-0.017021,Yahoo Finance via yfinance,-0.260163,-0.216973,-3.996253,0.190393,-6.004377,-1.026181,0.913233,-4.377455,0.913233,-10.174218,2.504206
2021-11-18,2021-11-17,2021-11-18T00:00:00Z,70.142857,greed,0.942857,-2.085714,71.491428,69.038809,0.208697,Wednesday,2021-11-17,0,True,Wednesday,^GSPC,4701.500000,4701.500000,4684.410156,4688.669922,4688.669922,3969070000,4700.899902,-0.260163,0.012766,-0.272893,0.363544,-0.260163,0.903004,0.602933,3.361411,4.512474,29.896964,4635.502954,1.146951,4502.426357,4.136516,4266.210642,9.902448,6.827087,-0.277140,Yahoo Finance via yfinance,0.338478,0.272786,-2.379562,-0.426560,-6.121139,-0.768017,1.176456,-4.128032,1.176456,-9.939915,2.771579
2021-11-19,2021-11-18,2021-11-19T00:00:00Z,62.771429,greed,-7.371428,-11.228571,69.245714,69.202381,-1.280150,Thursday,2021-11-18,0,True,Thursday,^GSPC,4700.720215,4708.799805,4672.779785,4704.540039,4704.540039,4226410000,4688.669922,0.338478,0.257009,0.081260,0.768235,0.338478,1.188789,0.523070,3.401489,4.633926,31.861460,4643.240967,1.320179,4506.651562,4.391031,4270.374642,10.166916,6.838542,0.000000,Yahoo Finance via yfinance,-0.139867,-2.336465,-3.530842,-1.783382,-4.962658,-2.531807,0.835152,-4.451443,0.835152,-10.243720,2.424893
2021-11-22,2021-11-21,2021-11-22T00:00:00Z,60.000000,greed,-2.771429,-11.628571,66.920000,69.054047,-1.722665,Sunday,2021-11-19,2,False,Friday,^GSPC,4708.439941,4717.750000,4694.220215,4697.959961,4697.959961,4253180000,4704.540039,-0.139867,0.082897,-0.222579,0.500151,-0.139867,0.322664,0.009157,3.367732,5.099775,31.159417,4650.893970,1.011977,4511.439160,4.134397,4274.430292,9.908447,6.856923,-0.139867,Yahoo Finance via yfinance,-0.319714,-0.908691,-2.262472,-2.765880,-4.745681,-2.395290,0.976384,-4.317615,0.976384,-10.118005,2.568352
2021-11-23,2021-11-22,2021-11-23T00:00:00Z,60.371429,greed,0.371429,-12.114285,64.497143,68.920952,-1.569708,Monday,2021-11-22,0,True,Monday,^GSPC,4712.000000,4743.830078,4682.169922,4682.939941,4682.939941,4441100000,4697.959961,-0.319714,0.298854,-0.616725,1.312488,-0.319714,0.002993,-0.399010,2.550322,3.849092,31.634216,4656.716968,0.563121,4515.723359,3.702986,4278.267041,9.458804,6.962491,-0.459133,Yahoo Finance via yfinance,0.165713,-2.475794,0.081360,-0.719846,-6.463465,-2.625273,0.425591,-4.010725,1.047425,-9.829719,2.897329
2021-11-24,2021-11-23,2021-11-24T00:00:00Z,56.942857,greed,-3.428572,-12.257143,62.045714,68.851428,-2.128179,Tuesday,2021-11-23,0,True,Tuesday,^GSPC,4678.479980,4699.390137,4652.660156,4690.700195,4690.700195,4277590000,4682.939941,0.165713,-0.095238,0.261201,0.997877,0.165713,-0.216973,0.116327,2.533672,3.575131,31.113405,4662.512476,0.604561,4520.676367,3.761026,4282.164392,9.540404,6.961024,-0.294181,Yahoo Finance via yfinance,0.229385,-3.787498,0.224055,0.124925,-7.287400,-3.846551,0.259448,-4.169528,0.880253,-9.978896,2.727097
2021-11-26,2021-11-25,2021-11-26T00:00:00Z,31.257143,fear,-25.685714,-38.885714,54.268572,67.194286,-3.562436,Thursday,2021-11-24,1,False,Wednesday,^GSPC,4675.779785,4702.870117,4659.890137,4701.459961,4701.459961,3418430000,4690.700195,0.229385,-0.318085,0.549217,0.916281,0.229385,0.272786,1.178253,3.290648,3.952961,29.324067,4670.001465,0.673629,4525.091562,3.897565,4286.122292,9.690290,6.553963,-0.065470,Yahoo Finance via yfinance,-2.272482,-2.645133,-0.723387,0.517500,-8.437809,-4.184444,-0.606402,-4.388846,0.835491,-10.184918,2.491995
2021-11-29,2021-11-28,2021-11-29T00:00:00Z,38.114286,fear,6.857143,-24.657143,49.337143,65.828333,-2.308349,Sunday,2021-11-26,2,False,Friday,^GSPC,4664.629883,4664.629883,4585.430176,4594.620117,4594.620117,3517700000,4701.459961,-2.272482,-0.783375,-1.500864,1.684577,-2.272482,-2.336465,-1.175451,-0.039157,1.558994,26.585766,4669.911475,-1.612265,4527.508965,1.482298,4289.513494,7.112849,10.279400,-2.336465,Yahoo Finance via yfinance,1.320020,-1.222951,2.555160,4.278261,-8.033746,-2.165576,1.704822,-2.165576,4.284796,-8.120592,4.875267
2021-11-30,2021-11-29,2021-11-30T00:00:00Z,24.771429,extreme fear,-13.342857,-35.228571,42.291429,63.760238,-2.580080,Monday,2021-11-29,0,True,Monday,^GSPC,4628.750000,4672.950195,4625.259766,4655.270020,4655.270020,4336410000,4594.620117,1.320020,0.742823,0.572941,1.037962,1.320020,-0.908691,-0.588959,1.083301,2.607915,27.950029,4672.405981,-0.366748,4531.954561,2.721022,4293.115693,8.435699,11.288555,-1.047287,Yahoo Finance via yfinance,-1.896131,-1.366196,0.294294,2.815735,-7.874298,-3.440185,-0.050052,-3.440185,3.259746,-11.613078,3.508929
2021-12-01,2021-11-30,2021-12-01T00:00:00Z,25.357143,fear,0.585714,-35.014286,35.288572,61.614762,-2.093114,Tuesday,2021-11-30,0,True,Tuesday,^GSPC,4640.250000,4646.020020,4560.000000,4567.000000,4567.000000,6625990000,4655.270020,-1.896131,-0.322646,-1.578579,1.847799,-1.896131,-2.475794,-2.472875,-1.011557,0.696071,26.103444,4670.072485,-2.207085,4536.139961,0.680315,4296.287743,6.301074,13.226090,-2.923560,Yahoo Finance via yfinance,-1.181519,2.622071,1.469013,4.949859,-3.992776,-1.573897,2.781696,-1.573897,5.255529,-9.904754,5.509527
2021-12-02,2021-12-01,2021-12-02T00:00:00Z,22.928571,extreme fear,-2.428572,-34.014286,28.485714,59.151190,-1.891973,Wednesday,2021-12-01,0,True,Wednesday,^GSPC,4602.819824,4652.939941,4510.270020,4513.040039,4513.040039,5366730000,4567.000000,-1.181519,0.784318,-1.950539,3.123931,-1.181519,-3.787498,-3.996253,-2.539813,-0.154639,23.224620,4664.191992,-3.240689,4539.316963,-0.578874,4299.196293,4.974040,13.715079,-4.070536,Yahoo Finance via yfinance,1.419444,4.169472,4.360920,5.887161,-3.082182,-0.397070,4.254782,-0.397070,6.556338,-8.827534,6.771047
2021-12-03,2021-12-02,2021-12-03T00:00:00Z,20.157143,extreme fear,-2.771428,-11.100000,26.265714,56.537381,-1.754210,Thursday,2021-12-02,0,True,Thursday,^GSPC,4504.729980,4595.459961,4504.729980,4577.100098,4577.100098,5077180000,4513.040039,1.419444,-0.184134,1.606536,2.010396,1.419444,-2.645133,-2.379562,-1.790977,1.396307,24.750276,4660.018506,-1.779358,4542.946162,0.751801,4302.511943,6.382043,14.541535,-2.708871,Yahoo Finance via yfinance,-0.844856,1.973959,2.000608,4.131002,-5.917291,-1.791090,2.795656,-1.791090,5.064999,-10.103563,5.276704
2021-12-06,2021-12-05,2021-12-06T00:00:00Z,21.257143,extreme fear,1.100000,-16.857143,22.894286,53.920238,-1.501730,Sunday,2021-12-03,2,False,Friday,^GSPC,4589.490234,4608.029785,4495.120117,4538.430176,4538.430176,5240070000,4577.100098,-0.844856,0.270698,-1.112543,2.466839,-0.844856,-1.222951,-3.530842,-3.026241,1.004843,23.773569,4652.937012,-2.460958,4544.735166,-0.138732,4305.670544,5.405886,14.651075,-3.530842,Yahoo Finance via yfinance,1.173087,3.824887,1.811418,5.687647,-3.346755,0.045822,3.859036,-0.161511,5.960211,-9.337596,6.173719
2021-12-07,2021-12-06,2021-12-07T00:00:00Z,37.885714,fear,16.628571,13.114285,25.517143,52.087857,-0.661667,Monday,2021-12-06,0,True,Monday,^GSPC,4548.370117,4612.600098,4540.509766,4591.669922,4591.669922,4770800000,4538.430176,1.173087,0.219017,0.951985,1.588442,1.173087,-1.366196,-2.262472,-2.253522,2.985028,24.128706,4647.644019,-1.204354,4547.458965,0.972212,4309.246394,6.553896,15.290671,-2.399174,Yahoo Finance via yfinance,2.070708,1.683490,-0.515061,4.396442,-4.969427,0.877683,2.654805,-1.319124,4.942650,-10.388813,4.942650
2021-12-08,2021-12-07,2021-12-08T00:00:00Z,41.314286,fear,3.428572,15.957143,28.708571,50.295000,-0.432927,Tuesday,2021-12-07,0,True,Tuesday,^GSPC,4631.970215,4694.040039,4631.970215,4686.750000,4686.750000,4492400000,4591.669922,2.070708,0.877683,1.182645,1.351792,2.070708,2.622071,0.081360,-0.317974,4.878792,26.944768,4646.896509,0.857637,4552.331768,2.952734,4313.273293,8.658777,17.138283,-0.378146,Yahoo Finance via yfinance,0.308529,-1.123596,-0.800555,0.295089,-7.635993,-1.711847,0.572248,-3.321063,2.813679,-12.206755,2.813679
2021-12-09,2021-12-08,2021-12-09T00:00:00Z,36.857143,fear,-4.457143,13.928572,31.494286,48.483571,-0.574866,Wednesday,2021-12-08,0,True,Wednesday,^GSPC,4690.859863,4705.060059,4674.520020,4701.209961,4701.209961,4234600000,4686.750000,0.308529,0.087691,0.220644,0.651625,0.308529,4.169472,0.224055,0.340643,5.810427,26.982510,4647.694507,1.151441,4559.303369,3.112462,4317.152194,8.896091,17.124644,-0.070784,Yahoo Finance via yfinance,-0.718108,0.183785,-0.098909,-0.109762,-10.638115,-2.014161,0.262908,-3.618427,2.497445,-12.476789,2.497445
2021-12-10,2021-12-09,2021-12-10T00:00:00Z,42.000000,fear,5.142857,21.842857,35.862857,46.972143,-0.255346,Thursday,2021-12-09,0,True,Thursday,^GSPC,4691.000000,4695.259766,4665.979980,4667.450195,4667.450195,3903840000,4701.209961,-0.718108,-0.217177,-0.502021,0.622814,-0.718108,1.973959,-0.723387,0.446342,4.167875,27.080829,4648.731519,0.402662,4565.463174,2.233881,4321.342744,8.009257,17.060154,-0.788384,Yahoo Finance via yfinance,0.954907,0.026133,1.249930,0.205242,-10.642856,-1.305427,1.382769,-2.921297,3.238812,-11.843732,3.238812
2021-12-13,2021-12-12,2021-12-13T00:00:00Z,35.400000,fear,-6.600000,14.142857,38.691429,45.042143,-0.519986,Sunday,2021-12-10,2,False,Friday,^GSPC,4687.640137,4713.569824,4670.240234,4712.020020,4712.020020,3870110000,4667.450195,0.954907,0.432569,0.520089,0.928335,0.954907,3.824887,2.555160,1.349674,5.325957,28.459418,4651.869019,1.293050,4573.552773,3.027564,4325.847095,8.927105,17.375353,0.000000,Yahoo Finance via yfinance,-0.913617,-1.939293,1.680169,-0.885607,-9.213461,-2.372651,0.423814,-3.839541,2.262301,-12.677580,2.262301
2021-12-14,2021-12-13,2021-12-14T00:00:00Z,31.542857,fear,-3.857143,-6.342857,37.422857,43.037857,-0.650770,Monday,2021-12-13,0,True,Monday,^GSPC,4710.299805,4710.299805,4667.600098,4668.970215,4668.970215,4397230000,4712.020020,-0.913617,-0.036507,-0.877430,0.906187,-0.913617,1.683490,0.294294,-0.296398,5.323269,27.447011,4651.175024,0.382596,4579.791377,1.947225,4329.682845,7.836310,17.533886,-0.913617,Yahoo Finance via yfinance,-0.747068,-2.162151,2.514042,0.944525,-8.769604,-2.952902,1.349763,-2.952902,3.205201,-11.872432,3.205201
2021-12-15,2021-12-14,2021-12-15T00:00:00Z,37.800000,fear,6.257143,-3.514286,36.720000,41.303571,-0.215368,Tuesday,2021-12-14,0,True,Tuesday,^GSPC,4642.990234,4660.470215,4606.520020,4634.089844,4634.089844,4485430000,4668.970215,-0.747068,-0.556439,-0.191695,1.155505,-0.747068,-1.123596,1.469013,-1.040189,6.341831,27.048734,4648.739526,-0.315132,4586.463975,1.038401,4333.501844,6.936376,17.728271,-1.653859,Yahoo Finance via yfinance,1.634846,0.326712,3.430452,1.990903,-9.274308,-2.222437,2.112613,-2.222437,3.982018,-11.209104,3.982018
2021-12-16,2021-12-15,2021-12-16T00:00:00Z,33.571429,fear,-4.228571,-3.285714,36.062857,39.522143,-0.398051,Wednesday,2021-12-15,0,True,Wednesday,^GSPC,4636.459961,4712.600098,4611.220215,4709.850098,4709.850098,4910130000,4634.089844,1.634846,0.051145,1.582892,2.187698,1.634846,0.183785,4.360920,0.190393,8.168228,27.478603,4649.187036,1.304810,4593.746572,2.527426,4337.952495,8.573114,18.661719,-0.046051,Yahoo Finance via yfinance,-0.874342,-0.282175,1.462464,-1.079022,-11.396121,-3.795238,0.470082,-3.795238,2.309416,-12.637349,2.309416
2021-12-17,2021-12-16,2021-12-17T00:00:00Z,32.514286,fear,-1.057143,-9.485714,34.165714,37.640714,-0.389754,Thursday,2021-12-16,0,True,Thursday,^GSPC,4719.129883,4731.990234,4651.890137,4668.669922,4668.669922,4829500000,4709.850098,-0.874342,0.197029,-1.069264,1.700693,-0.874342,0.026133,2.000608,-0.426560,6.211377,26.140383,4648.187036,0.440664,4599.848975,1.496157,4342.453495,7.512261,18.908019,-0.919990,Yahoo Finance via yfinance,-1.028768,1.223477,2.088609,-0.124657,-8.700973,-2.946660,1.543701,-2.946660,3.211840,-11.866764,3.211840
2021-12-20,2021-12-19,2021-12-20T00:00:00Z,29.428571,fear,-3.085715,-5.971429,32.971429,35.973572,-0.552395,Sunday,2021-12-17,2,False,Friday,^GSPC,4652.500000,4666.700195,4600.220215,4620.640137,4620.640137,7987090000,4668.669922,-1.028768,-0.346350,-0.684790,1.423960,-1.028768,-1.939293,1.811418,-1.783382,3.858416,24.128005,4643.992041,-0.502841,4604.266582,0.355617,4346.346996,6.310889,19.190119,-1.939293,Yahoo Finance via yfinance,-1.138806,3.691043,3.807263,-0.942083,-5.687097,-1.937828,3.697542,-1.937828,4.284687,-10.950652,4.284687
2021-12-21,2021-12-20,2021-12-21T00:00:00Z,34.028571,fear,4.600000,2.485714,33.468571,34.675000,-0.062080,Monday,2021-12-20,0,True,Monday,^GSPC,4587.899902,4587.899902,4531.100098,4568.020020,4568.020020,4635700000,4620.640137,-1.138806,-0.708565,-0.433311,1.229263,-1.138806,-2.162151,-0.515061,-2.765880,2.525879,23.146811,4637.495044,-1.498115,4607.800186,-0.863322,4350.080345,5.010015,19.553542,-3.056014,Yahoo Finance via yfinance,1.777793,4.779534,4.936931,-0.771894,-3.422710,0.331438,5.232026,-0.827926,5.485968,-9.924872,5.485968
2021-12-22,2021-12-21,2021-12-22T00:00:00Z,39.542857,fear,5.514286,1.742857,33.817143,33.633571,0.687969,Tuesday,2021-12-21,0,True,Tuesday,^GSPC,4594.959961,4651.140137,4583.160156,4649.229980,4649.229980,4072430000,4568.020020,1.777793,0.589751,1.181077,1.488172,1.777793,0.326712,-0.800555,-0.719846,4.639096,25.827625,4635.809546,0.289495,4613.560986,0.773134,4353.949296,6.781905,20.673248,-1.332550,Yahoo Finance via yfinance,1.018020,3.093632,1.104486,-3.581238,-4.003026,-0.079587,3.393896,-3.684046,3.643402,-11.498250,3.643402
2021-12-23,2021-12-22,2021-12-23T00:00:00Z,50.485714,neutral,10.942857,16.914285,37.200000,33.310714,2.216908,Wednesday,2021-12-22,0,True,Wednesday,^GSPC,4650.359863,4697.669922,4645.529785,4696.560059,4696.560059,3319610000,4649.229980,1.018020,0.024303,0.993476,1.121479,1.018020,-0.282175,-0.098909,0.124925,7.901664,27.372630,4636.102539,1.304059,4620.479189,1.646601,4357.938046,7.770235,20.998027,-0.328096,Yahoo Finance via yfinance,0.622370,1.749577,-0.010864,-6.358273,-5.011751,0.157560,2.392605,-6.413635,2.598925,-12.390136,2.598925
2021-12-27,2021-12-26,2021-12-27T00:00:00Z,56.400000,greed,5.914286,23.885714,41.977143,34.567857,2.351577,Sunday,2021-12-23,3,False,Thursday,^GSPC,4703.959961,4740.740234,4703.959961,4725.790039,4725.790039,2913040000,4696.560059,0.622370,0.157560,0.464079,0.783132,0.622370,1.223477,1.249930,0.517500,8.403107,28.069843,4637.319043,1.907805,4627.718994,2.119209,4361.870295,8.343204,21.097454,0.000000,Yahoo Finance via yfinance,1.383894,0.854675,-1.031791,-6.679521,-4.532156,0.173520,1.759285,-10.647319,1.964329,-12.932021,1.964329
2021-12-28,2021-12-27,2021-12-28T00:00:00Z,62.971429,greed,6.571429,33.542858,48.685714,35.810714,2.416155,Monday,2021-12-27,0,True,Monday,^GSPC,4733.990234,4791.490234,4733.990234,4791.189941,4791.189941,2770290000,4725.790039,1.383894,0.173520,1.208277,1.216728,1.383894,3.691043,1.680169,4.278261,11.227984,29.384613,4647.147534,3.099588,4634.777598,3.374754,4366.109545,9.735908,19.744046,0.000000,Yahoo Finance via yfinance,-0.101015,0.112083,-2.523379,-9.073732,-6.990950,-0.689182,0.370268,-11.866986,0.572513,-14.120501,0.572513
2021-12-29,2021-12-28,2021-12-29T00:00:00Z,64.028571,greed,1.057142,30.000000,54.685714,37.773571,2.090027,Tuesday,2021-12-28,0,True,Tuesday,^GSPC,4795.490234,4807.020020,4780.040039,4786.350098,4786.350098,2707920000,4791.189941,-0.101015,0.089754,-0.190599,0.563116,-0.101015,4.779534,2.514042,2.815735,9.853250,28.136243,4653.701538,2.850388,4641.077197,3.130155,4370.196595,9.522535,19.331158,-0.101015,Yahoo Finance via yfinance,0.140190,0.150218,-1.531026,-9.118011,-5.561439,-0.588761,0.674209,-11.777868,0.674209,-14.033662,0.674209
2021-12-30,2021-12-29,2021-12-30T00:00:00Z,63.971429,greed,-0.057142,24.428572,59.571429,39.704286,1.799347,Wednesday,2021-12-29,0,True,Wednesday,^GSPC,4788.640137,4804.060059,4778.080078,4793.060059,4793.060059,2963310000,4786.350098,0.140190,0.047845,0.092300,0.542793,0.140190,3.093632,3.430452,4.949859,11.454591,28.602323,4665.004541,2.745025,4647.209199,3.138461,4374.348346,9.571979,17.766109,0.000000,Yahoo Finance via yfinance,-0.298976,-1.929456,-1.391803,-9.733871,-5.215875,-1.953243,0.533272,-11.901373,0.533272,-14.154009,0.533272
2021-12-31,2021-12-30,2021-12-31T00:00:00Z,62.542857,greed,-1.428572,12.057143,61.982857,41.685000,1.511595,Thursday,2021-12-30,0,True,Thursday,^GSPC,4794.229980,4808.930176,4775.330078,4778.729980,4778.729980,3124950000,4793.060059,-0.298976,0.024409,-0.323305,0.701016,-0.298976,1.749577,1.462464,5.887161,9.964051,28.046053,4678.289038,2.146959,4652.391201,2.715567,4378.371395,9.144007,17.087647,-0.298976,Yahoo Finance via yfinance,-0.262618,-1.730170,-2.504854,-7.258830,-4.252384,-2.248928,0.834743,-11.637189,0.834743,-13.896581,0.834743
2022-01-03,2022-01-02,2022-01-03T00:00:00Z,65.228571,greed,2.685714,8.828571,63.748571,43.938571,1.545205,Sunday,2021-12-31,2,False,Friday,^GSPC,4775.209961,4786.830078,4765.750000,4766.180176,4766.180176,2677820000,4778.729980,-0.262618,-0.073660,-0.189097,0.441123,-0.262618,0.854675,2.088609,4.131002,9.227129,26.892739,4687.743042,1.673239,4656.991006,2.344629,4382.624996,8.751723,16.653169,-0.560808,Yahoo Finance via yfinance,0.637405,-1.870479,-2.167985,-5.258517,-2.823646,-2.170290,1.100251,-11.404522,1.100251,-13.669862,1.100251
2022-01-04,2022-01-03,2022-01-04T00:00:00Z,64.257143,greed,-0.971428,1.285714,64.005714,46.088571,1.355626,Monday,2022-01-03,0,True,Monday,^GSPC,4778.140137,4796.640137,4758.169922,4796.560059,4796.560059,3831020000,4766.180176,0.637405,0.250934,0.385504,0.807150,0.637405,0.112083,3.807263,5.687647,9.018681,29.613992,4700.649536,2.040367,4661.926611,2.887936,4387.042296,9.334712,16.236435,0.000000,Yahoo Finance via yfinance,-0.062962,-2.632512,-4.575158,-5.212486,-4.046856,-4.468199,0.459914,-11.965657,0.459914,-14.216650,0.459914
2022-01-05,2022-01-04,2022-01-05T00:00:00Z,51.028571,neutral,-13.228572,-13.000000,61.405714,46.745714,0.322000,Tuesday,2022-01-04,0,True,Tuesday,^GSPC,4804.509766,4818.620117,4774.270020,4793.540039,4793.540039,4683170000,4796.560059,-0.062962,0.165738,-0.228321,0.924623,-0.062962,0.150218,4.936931,4.396442,9.158940,28.621411,4710.743042,1.757621,4666.899414,2.713592,4391.307046,9.159756,15.926485,-0.062962,Yahoo Finance via yfinance,-1.939276,-1.678722,-5.440244,-4.259069,-5.489260,-4.408012,0.086787,-11.910194,0.086787,-14.162605,0.086787
2022-01-06,2022-01-05,2022-01-06T00:00:00Z,52.142857,neutral,1.114286,-11.828572,59.040000,47.287143,0.365408,Wednesday,2022-01-05,0,True,Wednesday,^GSPC,4787.990234,4797.700195,4699.439941,4700.580078,4700.580078,4887960000,4793.540039,-1.939276,-0.115777,-1.825613,2.049847,-1.939276,-1.929456,1.104486,0.295089,7.782054,25.411010,4711.434546,-0.230386,4669.581416,0.663842,4395.257346,6.946641,16.106310,-2.001017,Yahoo Finance via yfinance,-0.096377,0.548231,-4.634536,-4.747077,-3.291513,-2.517558,1.026469,-10.168106,1.026469,-12.465061,1.026469
2022-01-07,2022-01-06,2022-01-07T00:00:00Z,49.257143,neutral,-2.885714,-13.285714,56.382857,47.907143,0.103341,Thursday,2022-01-06,0,True,Thursday,^GSPC,4693.390137,4725.009766,4671.259766,4696.049805,4696.049805,4295280000,4700.580078,-0.096377,-0.152959,0.056668,1.143476,-0.096377,-1.730170,-0.010864,-0.109762,7.939042,23.457125,4711.176538,-0.321082,4672.006611,0.514622,4399.291896,6.745584,16.074076,-2.095465,Yahoo Finance via yfinance,-0.405022,-0.788323,-6.348098,-4.163500,-2.415001,-2.423517,1.123929,-10.081445,1.123929,-12.380616,1.123929
2022-01-10,2022-01-09,2022-01-10T00:00:00Z,51.142857,neutral,1.885714,-14.085714,53.565714,48.364286,0.213640,Sunday,2022-01-07,2,False,Friday,^GSPC,4697.660156,4707.950195,4662.740234,4677.029785,4677.029785,4181510000,4696.049805,-0.405022,0.034292,-0.439163,0.962723,-0.405022,-1.870479,-1.031791,0.205242,7.177918,22.285521,4711.655518,-0.734895,4674.513604,0.053828,4403.129445,6.220583,15.926465,-2.492000,Yahoo Finance via yfinance,-0.144103,-0.303177,-5.706611,-4.129964,-3.247994,-2.026704,1.535169,-9.715775,1.535169,-12.024296,1.535169
2022-01-11,2022-01-10,2022-01-11T00:00:00Z,56.114286,greed,4.971429,-8.142857,51.937143,49.400000,0.526975,Monday,2022-01-10,0,True,Monday,^GSPC,4655.339844,4673.020020,4582.240234,4670.290039,4670.290039,4511810000,4677.029785,-0.144103,-0.463755,0.321141,1.940971,-0.144103,-2.632512,-2.523379,-0.885607,5.227956,22.914981,4709.569019,-0.834025,4675.991006,-0.121920,4406.608195,5.983782,15.539333,-2.632512,Yahoo Finance via yfinance,0.915998,-1.995169,-6.719922,-3.185027,-4.049858,-2.175236,1.681695,-9.585484,1.681695,-11.897337,1.681695
2022-01-12,2022-01-11,2022-01-12T00:00:00Z,55.942857,greed,-0.171429,4.914286,52.920000,50.620000,0.440159,Tuesday,2022-01-11,0,True,Tuesday,^GSPC,4669.140137,4714.129883,4638.270020,4713.069824,4713.069824,4101590000,4670.290039,0.915998,-0.024622,0.940852,1.624307,0.915998,-1.678722,-1.531026,0.944525,5.405495,23.989327,4711.773999,0.027502,4678.144805,0.746557,4410.318093,6.864623,15.532105,-1.740627,Yahoo Finance via yfinance,0.281775,-3.825746,-7.704949,-2.671075,-4.516374,-3.880053,0.758747,-10.406163,0.758747,-12.697031,0.758747
2022-01-13,2022-01-12,2022-01-13T00:00:00Z,52.171429,neutral,-3.771428,0.028572,52.925714,51.338571,0.071111,Wednesday,2022-01-12,0,True,Wednesday,^GSPC,4728.589844,4748.830078,4706.709961,4726.350098,4726.350098,4048220000,4713.069824,0.281775,0.329297,-0.047366,0.893688,0.281775,0.548231,-1.391803,1.990903,5.346980,24.056391,4716.387012,0.211244,4680.398408,0.981790,4414.157094,7.072540,15.257390,-1.463757,Yahoo Finance via yfinance,-1.424362,-5.154509,-8.459812,-4.702784,-5.037086,-5.255639,0.376184,-10.657907,0.376184,-12.942338,0.376184
2022-01-14,2022-01-13,2022-01-14T00:00:00Z,55.800000,greed,3.628571,6.542857,54.234286,52.450000,0.305421,Thursday,2022-01-13,0,True,Thursday,^GSPC,4733.560059,4744.129883,4650.290039,4659.029785,4659.029785,4251730000,4726.350098,-1.424362,0.152548,-1.574508,1.985461,-1.424362,-0.788323,-2.504854,-1.079022,3.084321,22.750116,4713.845996,-1.162877,4680.966006,-0.468626,4417.587793,5.465471,15.046586,-2.867269,Yahoo Finance via yfinance,0.081998,-5.603953,-4.876116,-5.159650,-5.290801,-5.659761,0.130931,-9.366965,0.130931,-11.684404,0.130931
2022-01-18,2022-01-17,2022-01-18T00:00:00Z,53.714286,neutral,-2.085714,2.571429,54.748572,53.510000,0.020605,Monday,2022-01-14,3,False,Friday,^GSPC,4637.990234,4665.129883,4614.750000,4662.850098,4662.850098,4338490000,4659.029785,0.081998,-0.451587,0.536005,1.081339,0.081998,-0.303177,-2.167985,-0.124657,2.792215,23.740466,4713.555005,-1.075725,4681.011611,-0.387983,4420.802693,5.475191,14.731274,-2.787622,Yahoo Finance via yfinance,-1.838795,-5.419866,-3.159018,-5.601299,-5.691796,-9.441221,-0.656463,-9.441221,-0.656463,-11.756762,-0.547954
2022-01-19,2022-01-18,2022-01-19T00:00:00Z,44.828571,fear,-8.885715,-11.285715,52.491429,54.280000,-1.120794,Tuesday,2022-01-18,0,True,Tuesday,^GSPC,4632.240234,4632.240234,4568.700195,4577.109863,4577.109863,4748700000,4662.850098,-1.838795,-0.656463,-1.190145,1.362687,-1.838795,-1.995169,-4.575158,-0.942083,0.600690,20.484822,4711.378491,-2.849880,4678.952607,-2.176614,4423.298693,3.477296,15.726951,-4.575158,Yahoo Finance via yfinance,-0.968954,-4.820939,-0.667885,-2.316747,-2.851582,-7.744838,0.752439,-7.744838,0.752439,-10.103755,1.315021
2022-01-20,2022-01-19,2022-01-20T00:00:00Z,39.142857,fear,-5.685714,-16.800000,49.131429,54.535714,-1.962545,Wednesday,2022-01-19,0,True,Wednesday,^GSPC,4588.029785,4611.549805,4530.200195,4532.759766,4532.759766,4465740000,4577.109863,-0.968954,0.238577,-1.204657,1.777314,-0.968954,-3.825746,-5.440244,-0.771894,-0.267116,17.677471,4709.615479,-3.755205,4675.657207,-3.056200,4425.592792,2.421528,15.580811,-5.499781,Yahoo Finance via yfinance,-1.103738,-4.033516,1.249131,-1.274058,-3.092375,-6.842181,1.529975,-6.842181,1.529975,-9.224179,2.306322
2022-01-21,2022-01-20,2022-01-21T00:00:00Z,26.728571,fear,-12.414286,-25.442858,44.042857,53.895000,-2.864368,Thursday,2022-01-20,0,True,Thursday,^GSPC,4547.350098,4602.109863,4477.950195,4482.729980,4482.729980,4640870000,4532.759766,-1.103738,0.321886,-1.421050,2.739163,-1.103738,-5.154509,-4.634536,-3.581238,-1.834017,16.341772,4701.290479,-4.648947,4671.277803,-4.036322,4427.606692,1.244991,14.452812,-6.542816,Yahoo Finance via yfinance,-1.891482,-3.484935,-0.118009,-2.285889,-2.030906,-5.802488,0.263010,-5.802488,2.511418,-8.211070,3.448118
2022-01-24,2022-01-23,2022-01-24T00:00:00Z,23.128571,extreme fear,-3.600000,-32.671429,37.508571,52.527143,-2.509952,Sunday,2022-01-21,2,False,Friday,^GSPC,4471.379883,4494.520020,4395.339844,4397.939941,4397.939941,5589100000,4482.729980,-1.891482,-0.253196,-1.642445,2.212495,-1.891482,-5.603953,-6.348098,-6.358273,-3.865753,14.485860,4686.359473,-6.154447,4665.531602,-5.735502,4429.110542,-0.703767,14.940580,-8.310542,Yahoo Finance via yfinance,0.277174,0.771046,2.332680,-1.115746,1.461366,-3.986408,1.257180,-3.986408,4.487786,-6.441426,5.442545
2022-01-25,2022-01-24,2022-01-25T00:00:00Z,20.885714,extreme fear,-2.242857,-32.828572,30.942857,50.751428,-2.191187,Monday,2022-01-24,0,True,Monday,^GSPC,4356.319824,4417.350098,4222.620117,4410.129883,4410.129883,6928110000,4397.939941,0.277174,-0.946355,1.235218,4.427754,0.277174,-5.419866,-5.706611,-6.679521,-3.109847,14.389571,4670.576465,-5.576326,4660.800000,-5.378264,4430.517192,-0.460156,14.698958,-8.056402,Yahoo Finance via yfinance,-1.217191,2.390404,1.672065,-2.389275,1.118341,-2.789487,2.420796,-3.242989,4.198973,-6.700029,5.151094
2022-01-26,2022-01-25,2022-01-26T00:00:00Z,19.514286,extreme fear,-1.371428,-25.314285,25.880000,48.578571,-1.940634,Tuesday,2022-01-25,0,True,Tuesday,^GSPC,4366.640137,4411.009766,4287.109863,4356.450195,4356.450195,5145050000,4410.129883,-1.217191,-0.986133,-0.233359,2.809439,-1.217191,-4.820939,-6.719922,-9.073732,-5.220796,13.165717,4648.839478,-6.289511,4654.943604,-6.412396,4431.659492,-1.697091,13.501712,-9.175531,Yahoo Finance via yfinance,-0.149664,4.363411,3.789550,-3.005892,0.854135,-1.468862,4.454086,-3.097486,5.482901,-5.550397,6.446754
2022-01-27,2022-01-26,2022-01-27T00:00:00Z,18.600000,extreme fear,-0.914286,-20.542857,21.771428,46.307143,-1.739844,Wednesday,2022-01-26,0,True,Wednesday,^GSPC,4408.430176,4453.229980,4304.799805,4349.930176,4349.930176,5570640000,4356.450195,-0.149664,1.193173,-1.327003,3.407136,-0.149664,-4.033516,-7.704949,-9.118011,-5.546767,15.974324,4627.018481,-5.988485,4648.285205,-6.418604,4432.701194,-1.867282,13.485124,-9.311462,Yahoo Finance via yfinance,-0.538409,5.504679,5.454111,-1.407608,-1.796590,-1.321176,5.641007,-5.408829,5.641007,-5.408829,6.606304
2022-01-28,2022-01-27,2022-01-28T00:00:00Z,23.857143,extreme fear,5.257143,-2.871428,21.197143,44.301429,-1.269177,Thursday,2022-01-27,0,True,Thursday,^GSPC,4380.580078,4428.740234,4309.500000,4326.509766,4326.509766,5214200000,4349.930176,-0.538409,0.704607,-1.234319,2.741199,-0.538409,-3.484935,-8.459812,-9.733871,-6.224116,14.234904,4603.690967,-6.020847,4641.159404,-6.779548,4433.710442,-2.417855,13.289278,-9.799737,Yahoo Finance via yfinance,2.434765,3.488497,4.104239,1.343812,-0.702406,-0.787004,6.212867,-4.896785,6.212867,-4.896785,7.183389
2022-01-31,2022-01-30,2022-01-31T00:00:00Z,29.200000,fear,5.342857,6.071429,22.411429,42.634286,-0.847895,Sunday,2022-01-28,2,False,Friday,^GSPC,4336.189941,4432.720215,4292.459961,4431.850098,4431.850098,5031090000,4326.509766,2.434765,0.223741,2.206088,3.241880,2.434765,0.771046,-4.876116,-7.258830,-4.293130,19.320510,4586.346973,-3.368626,4635.778408,-4.399009,4435.017593,-0.071420,16.908031,-7.603573,Yahoo Finance via yfinance,1.888595,1.549684,-0.298069,-1.306681,-5.791033,-0.402317,3.688301,-7.157286,3.688301,-7.157286,4.635755
2022-02-01,2022-01-31,2022-02-01T00:00:00Z,30.800000,fear,1.600000,9.914286,24.394286,40.912857,-0.669118,Monday,2022-01-31,0,True,Monday,^GSPC,4431.790039,4516.890137,4414.020020,4515.549805,4515.549805,5098610000,4431.850098,1.888595,-0.001355,1.889976,2.321155,1.888595,2.390404,-3.159018,-5.258517,-3.111637,19.653344,4573.815454,-1.273896,4632.316006,-2.520687,4436.667991,1.777952,18.717849,-5.858579,Yahoo Finance via yfinance,0.686300,-0.701569,-2.521949,-4.634874,-7.343288,-1.418428,1.766346,-8.878208,1.766346,-8.878208,2.696239
2022-02-02,2022-02-01,2022-02-02T00:00:00Z,28.800000,fear,-2.000000,9.285714,26.251429,39.140000,-0.723667,Tuesday,2022-02-01,0,True,Tuesday,^GSPC,4519.569824,4550.490234,4483.529785,4546.540039,4546.540039,4816830000,4515.549805,0.686300,0.089026,0.596743,1.482886,0.686300,4.363411,-0.667885,-5.212486,-2.852955,18.823095,4561.314453,-0.323907,4629.156006,-1.784687,4438.584392,2.432209,18.749826,-5.212486,Yahoo Finance via yfinance,0.942252,-0.549869,-1.659948,-3.519160,-5.697520,-2.090382,1.072684,-9.499314,1.072684,-9.499314,1.996238
2022-02-03,2022-02-02,2022-02-03T00:00:00Z,26.057143,fear,-2.742857,7.457143,27.742857,37.891429,-0.828393,Wednesday,2022-02-02,0,True,Wednesday,^GSPC,4566.390137,4595.310059,4544.319824,4589.379883,4589.379883,4481580000,4546.540039,0.942252,0.436598,0.503456,1.121517,0.942252,5.504679,1.249131,-4.259069,-2.302272,19.821835,4551.106445,0.840970,4626.984404,-0.812722,4440.856592,3.344474,19.223942,-4.319349,Yahoo Finance via yfinance,-2.439108,-0.047930,-2.492060,-4.922008,-9.967571,-3.004325,0.014161,-10.344099,0.014161,-10.344099,1.044148
2022-02-04,2022-02-03,2022-02-04T00:00:00Z,27.600000,fear,1.542857,3.742857,28.491429,36.664286,-0.645174,Thursday,2022-02-03,0,True,Thursday,^GSPC,4535.410156,4542.879883,4470.390137,4477.439941,4477.439941,4401970000,4589.379883,-2.439108,-1.175970,-1.278169,1.579511,-2.439108,3.488497,-0.118009,-4.747077,-4.769769,15.644128,4539.949438,-1.376877,4622.874404,-3.145975,4442.376692,0.789290,19.890454,-6.653104,Yahoo Finance via yfinance,0.515693,0.594986,-2.170441,-3.318187,-7.192951,-0.579348,2.514603,-8.102622,2.514603,-9.267124,3.570341
2022-02-07,2022-02-06,2022-02-07T00:00:00Z,27.914286,fear,0.314286,-1.285714,28.234286,35.597143,-0.554651,Sunday,2022-02-04,2,False,Friday,^GSPC,4482.790039,4539.660156,4451.500000,4500.529785,4500.529785,4706290000,4477.439941,0.515693,0.119490,0.395730,1.968986,0.515693,1.549684,2.332680,-4.163500,-3.942590,15.789209,4530.173437,-0.654360,4619.070996,-2.566343,4444.204441,1.267389,20.065093,-6.171720,Yahoo Finance via yfinance,-0.370171,-1.819556,-3.369818,-6.653438,-7.222479,-2.202399,1.988655,-8.574099,1.988655,-9.732627,3.038976
2022-02-08,2022-02-07,2022-02-08T00:00:00Z,28.942857,fear,1.028571,-1.857143,27.862857,34.487143,-0.413036,Monday,2022-02-07,0,True,Monday,^GSPC,4505.750000,4521.859863,4471.470215,4483.870117,4483.870117,4228480000,4500.529785,-0.370171,0.115991,-0.485599,1.119638,-0.370171,-0.701569,1.672065,-4.129964,-3.504412,14.513267,4520.515454,-0.810645,4614.719199,-2.835472,4445.722942,0.858065,20.060862,-6.519046,Yahoo Finance via yfinance,0.840121,-1.833242,-3.994548,-6.984366,-4.096912,-2.654632,2.367590,-8.234409,2.367590,-9.397242,3.421814
2022-02-09,2022-02-08,2022-02-09T00:00:00Z,32.657143,fear,3.714286,3.857143,28.634286,33.314286,-0.052904,Tuesday,2022-02-08,0,True,Tuesday,^GSPC,4480.020020,4531.319824,4465.399902,4521.540039,4521.540039,4459620000,4483.870117,0.840121,-0.085865,0.926782,1.470157,0.840121,-0.549869,3.789550,-3.185027,-2.747313,15.604044,4513.077954,0.187501,4613.257598,-1.988130,4447.392542,1.667213,20.400571,-5.733693,Yahoo Finance via yfinance,1.451721,-1.116217,-6.547328,-5.388875,-8.286334,-3.465638,1.514744,-8.998928,1.514744,-10.152073,2.560184
2022-02-10,2022-02-09,2022-02-10T00:00:00Z,33.600000,fear,0.942857,7.542857,30.142857,32.197143,0.124959,Wednesday,2022-02-09,0,True,Wednesday,^GSPC,4547.000000,4590.029785,4547.000000,4587.180176,4587.180176,4524350000,4521.540039,1.451721,0.563082,0.883663,0.951662,1.451721,-0.047930,5.454111,-2.671075,-2.042985,17.322790,4506.783472,1.783904,4611.895801,-0.535910,4449.394841,3.096721,20.856724,-4.365209,Yahoo Finance via yfinance,-1.811573,-2.445302,-6.506829,-7.142954,-10.111666,-4.846994,0.037926,-10.301106,0.037926,-11.437749,1.092602
2022-02-11,2022-02-10,2022-02-11T00:00:00Z,28.485714,fear,-5.114286,0.885714,30.320000,31.012857,-0.247468,Thursday,2022-02-10,0,True,Thursday,^GSPC,4553.240234,4588.919922,4484.310059,4504.080078,4504.080078,5314860000,4587.180176,-1.811573,-0.739887,-1.079674,2.280483,-1.811573,0.594986,4.104239,-4.702784,-3.816514,15.006210,4495.669971,0.187071,4610.637402,-2.311119,4450.999341,1.192558,21.622085,-6.097703,Yahoo Finance via yfinance,-1.896945,-2.749070,-2.651600,-6.655522,-11.386123,-3.091424,0.493997,-8.646165,0.493997,-11.736028,2.957757
2022-02-14,2022-02-13,2022-02-14T00:00:00Z,25.685714,fear,-2.800000,-2.228572,29.874286,29.507143,-0.453345,Sunday,2022-02-11,2,False,Friday,^GSPC,4506.270020,4526.330078,4401.410156,4418.640137,4418.640137,5251500000,4504.080078,-1.896945,0.048621,-1.944621,2.773484,-1.896945,-1.819556,-0.298069,-5.159650,-6.004377,12.295577,4483.650488,-1.449942,4608.749404,-4.124964,4452.035190,-0.750108,22.029053,-7.878978,Yahoo Finance via yfinance,-0.384060,-1.578993,-1.011628,-5.556693,-9.450647,-2.068961,1.604785,-6.879724,1.604785,-10.421084,4.948574
2022-02-15,2022-02-14,2022-02-15T00:00:00Z,29.971429,fear,4.285715,1.028572,30.080000,28.320000,0.265322,Monday,2022-02-14,0,True,Monday,^GSPC,4412.609863,4426.220215,4364.839844,4401.669922,4401.669922,4600390000,4418.640137,-0.384060,-0.136474,-0.247925,1.389124,-0.384060,-1.833242,-2.521949,-5.601299,-6.121139,11.928012,4470.591480,-1.541665,4605.240801,-4.420418,4453.137690,-1.155764,21.996481,-8.232778,Yahoo Finance via yfinance,1.576672,-2.201668,-2.167590,-3.162884,-10.598023,-3.057023,1.996512,-6.520707,1.996512,-10.742511,5.353193
2022-02-16,2022-02-15,2022-02-16T00:00:00Z,32.085714,fear,2.114285,-0.571429,29.965714,27.682857,0.885607,Tuesday,2022-02-15,0,True,Tuesday,^GSPC,4429.279785,4472.770020,4429.279785,4471.069824,4471.069824,4430830000,4401.669922,1.576672,0.627259,0.943495,0.988039,1.576672,-1.116217,-1.659948,-2.316747,-4.962658,13.729189,4465.289478,0.129451,4603.893594,-2.885031,4454.529739,0.371309,22.124258,-6.785910,Yahoo Finance via yfinance,0.088121,-5.492418,-1.890594,-2.532055,-12.099783,-5.581663,0.413323,-7.971692,0.413323,-13.692466,3.717902
2022-02-17,2022-02-16,2022-02-17T00:00:00Z,32.457143,fear,0.371429,-1.142857,29.737143,27.348571,1.175506,Wednesday,2022-02-16,0,True,Wednesday,^GSPC,4455.750000,4489.549805,4429.680176,4475.009766,4475.009766,4283640000,4471.069824,0.088121,-0.342643,0.432245,1.339045,0.088121,-2.445302,-2.492060,-1.274058,-4.745681,14.334290,4462.401978,0.282534,4601.560391,-2.750168,4456.081487,0.424774,21.895614,-6.703769,Yahoo Finance via yfinance,-2.117314,-4.163333,-2.492051,-1.415412,-10.080869,-8.052717,-0.423456,-8.052717,-0.423456,-13.768454,3.626585
2022-02-18,2022-02-17,2022-02-18T00:00:00Z,29.514286,fear,-2.942857,1.028572,29.942857,27.487857,0.463766,Thursday,2022-02-17,0,True,Thursday,^GSPC,4456.060059,4456.060059,4373.810059,4380.259766,4380.259766,4539420000,4475.009766,-2.117314,-0.423456,-1.701061,1.837985,-2.117314,-2.749070,-2.170441,-2.285889,-6.463465,12.121448,4457.278467,-1.727931,4595.430586,-4.682278,4457.144836,-1.724985,22.815739,-8.679143,Yahoo Finance via yfinance,-0.716616,0.100225,-1.173210,1.891677,-8.498349,-6.063793,0.327385,-6.063793,1.943723,-11.903167,5.868146
2022-02-22,2022-02-21,2022-02-22T00:00:00Z,28.771429,fear,-0.742857,3.085715,30.560000,27.770000,0.235416,Monday,2022-02-18,3,False,Friday,^GSPC,4384.569824,4394.600098,4327.220215,4348.870117,4348.870117,4708060000,4380.259766,-0.716616,0.098397,-0.814212,1.538262,-0.716616,-1.578993,-3.369818,-1.115746,-7.287400,12.185480,4454.824976,-2.378429,4588.383789,-5.220001,4457.881086,-2.445354,21.961260,-9.333563,Yahoo Finance via yfinance,-1.014295,0.576468,-3.398130,2.582511,-5.979025,-5.385772,0.919083,-5.385772,3.055504,-11.267294,6.632290
2022-02-23,2022-02-22,2022-02-23T00:00:00Z,18.814286,extreme fear,-9.957143,-11.157143,28.328572,27.666429,-1.988821,Tuesday,2022-02-22,0,True,Tuesday,^GSPC,4332.740234,4362.120117,4267.109863,4304.759766,4304.759766,5121900000,4348.870117,-1.014295,-0.370898,-0.645791,2.184711,-1.014295,-2.201668,-3.994548,-2.389275,-8.437809,10.908252,4449.556470,-3.254183,4581.129981,-6.032796,4458.241885,-3.442660,22.185750,-10.253187,Yahoo Finance via yfinance,-1.841212,0.034845,-3.114217,4.805148,-8.852523,-4.416271,1.953189,-4.416271,5.046512,-10.358061,7.724938
2022-02-24,2022-02-23,2022-02-24T00:00:00Z,21.228571,extreme fear,2.414285,-10.857143,26.157143,27.752143,-1.517240,Wednesday,2022-02-23,0,True,Wednesday,^GSPC,4324.930176,4341.509766,4221.509766,4225.500000,4225.500000,4797430000,4304.759766,-1.841212,0.468561,-2.299001,2.787612,-1.841212,-5.492418,-6.547328,-3.005892,-8.033746,7.644260,4443.008960,-4.895533,4571.399580,-7.566601,4458.427234,-5.224426,22.702765,-11.905617,Yahoo Finance via yfinance,1.495686,3.811148,1.239614,5.460661,-7.684533,-2.623361,4.164714,-2.623361,7.016921,-8.676604,9.745588
2022-02-25,2022-02-24,2022-02-25T00:00:00Z,28.142857,fear,6.914286,-4.314286,25.294286,28.229286,-0.023227,Thursday,2022-02-24,0,True,Thursday,^GSPC,4155.770020,4294.729980,4114.649902,4288.700195,4288.700195,6752130000,4225.500000,1.495686,-1.650218,3.198689,4.261746,1.495686,-4.163333,-6.506829,-1.407608,-7.874298,11.995803,4439.947461,-3.406510,4563.794180,-6.027747,4459.110234,-3.821615,23.435539,-10.588002,Yahoo Finance via yfinance,2.237268,1.743886,-0.680397,5.396972,-9.031643,-0.213588,2.986443,-3.050576,5.439872,-11.154432,8.128328
2022-02-28,2022-02-27,2022-02-28T00:00:00Z,25.471429,fear,-2.671428,-4.042857,24.485714,28.310000,-0.780285,Sunday,2022-02-25,2,False,Friday,^GSPC,4298.379883,4385.339844,4286.830078,4384.649902,4384.649902,5177060000,4288.700195,2.237268,0.225702,2.007036,2.296961,2.237268,0.100225,-2.651600,1.343812,-3.992776,15.047952,4442.854468,-1.310071,4558.805381,-3.820200,4460.718284,-1.705294,24.720662,-8.587616,Yahoo Finance via yfinance,-0.244260,-1.272161,-4.112982,3.612835,-9.371327,-2.397224,0.732781,-5.172130,3.680565,-13.098647,5.762145
2022-03-01,2022-02-28,2022-03-01T00:00:00Z,22.971429,extreme fear,-2.500000,-5.800000,23.325714,27.998572,-1.316100,Monday,2022-02-28,0,True,Monday,^GSPC,4354.169922,4388.839844,4315.120117,4373.939941,4373.939941,6071370000,4384.649902,-0.244260,-0.695152,0.454048,1.681314,-0.244260,0.576468,-1.011628,-1.306681,-3.082182,12.099991,4439.958960,-1.486929,4552.087178,-3.913529,4462.025483,-1.974116,23.110210,-8.810900,Yahoo Finance via yfinance,-1.547350,-3.951817,-4.591514,4.608661,-9.887195,-3.980161,0.979434,-4.939936,4.611631,-12.885862,6.021113
2022-03-02,2022-03-01,2022-03-02T00:00:00Z,17.828571,extreme fear,-5.142858,-0.985715,23.128571,27.350000,-2.174199,Tuesday,2022-03-01,0,True,Tuesday,^GSPC,4363.140137,4378.450195,4279.540039,4306.259766,4306.259766,5846230000,4373.939941,-1.547350,-0.246912,-1.303657,2.261351,-1.547350,0.034845,-2.167590,-4.634874,-5.917291,11.264523,4429.494458,-2.782139,4544.838975,-5.249454,4462.687532,-3.505237,22.486197,-10.221915,Yahoo Finance via yfinance,1.864269,-3.147965,-1.017346,7.555056,-7.605899,-3.445906,2.566497,-3.445906,7.687415,-11.516716,7.687415
2022-03-03,2022-03-02,2022-03-03T00:00:00Z,21.728571,extreme fear,3.900000,0.500000,23.228571,26.996429,-1.160675,Wednesday,2022-03-02,0,True,Wednesday,^GSPC,4322.560059,4401.479980,4322.560059,4386.540039,4386.540039,5337870000,4306.259766,1.864269,0.378526,1.480141,1.832679,1.864269,3.811148,-1.890594,-3.519160,-3.346755,14.839309,4421.494458,-0.790557,4540.156973,-3.383516,4463.803782,-1.730895,23.487553,-8.548210,Yahoo Finance via yfinance,-0.525467,-2.477127,-0.653822,4.922106,-7.493376,-5.212991,0.689376,-5.212991,5.716573,-13.136093,5.716573
2022-03-04,2022-03-03,2022-03-04T00:00:00Z,18.171429,extreme fear,-3.557142,-9.971428,21.234286,26.602143,-1.703681,Thursday,2022-03-03,0,True,Thursday,^GSPC,4401.310059,4416.779785,4345.560059,4363.490234,4363.490234,5039890000,4386.540039,-0.525467,0.336712,-0.859286,1.623597,-0.525467,1.743886,-2.492051,-4.922008,-4.969427,15.789439,4410.199976,-1.059130,4536.066377,-3.804533,4464.982083,-2.273063,23.142187,-9.028759,Yahoo Finance via yfinance,-0.793404,-2.382731,1.104155,3.825376,-4.703803,-4.712285,-0.489748,-4.712285,6.275013,-12.677241,6.275013
2022-03-07,2022-03-06,2022-03-07T00:00:00Z,16.900000,extreme fear,-1.271429,-8.571429,19.520000,26.067143,-1.699703,Sunday,2022-03-04,2,False,Friday,^GSPC,4342.120117,4342.120117,4284.979980,4328.870117,4328.870117,5797380000,4363.490234,-0.793404,-0.489748,-0.305150,1.309505,-0.793404,-1.272161,-1.173210,-3.318187,-7.635993,12.674070,4402.771484,-1.678519,4529.659180,-4.432763,4466.048032,-3.071573,21.766253,-9.750528,Yahoo Finance via yfinance,-2.951816,-2.877427,3.101271,5.012619,-4.544378,-3.950222,-0.042975,-3.950222,7.124947,-11.978878,7.124947
2022-03-08,2022-03-07,2022-03-08T00:00:00Z,16.671429,extreme fear,-0.228571,-6.300000,18.260000,25.505000,-1.532567,Monday,2022-03-07,0,True,Monday,^GSPC,4327.009766,4327.009766,4199.850098,4201.089844,4201.089844,6940470000,4328.870117,-2.951816,-0.042975,-2.910091,2.937479,-2.951816,-3.951817,-3.398130,-6.653438,-10.638115,9.937319,4387.799487,-4.255200,4519.749775,-7.050389,4466.257881,-5.937141,23.730753,-12.414526,Yahoo Finance via yfinance,-0.723375,-0.666017,6.191020,9.082174,-2.376999,-1.028774,2.340108,-1.028774,10.383257,-9.301629,10.383257
2022-03-09,2022-03-08,2022-03-09T00:00:00Z,18.028571,extreme fear,1.357142,0.200000,18.300000,24.959286,-1.167690,Tuesday,2022-03-08,0,True,Tuesday,^GSPC,4202.660156,4276.939941,4157.870117,4170.700195,4170.700195,7243120000,4201.089844,-0.723375,0.037379,-0.760470,2.834260,-0.723375,-3.147965,-3.114217,-6.984366,-10.642856,7.618754,4372.140991,-4.607372,4508.647979,-7.495546,4466.332083,-6.619120,23.771169,-13.048098,Yahoo Finance via yfinance,2.569825,2.199870,8.173919,8.497852,0.146729,-0.215311,3.085806,-0.215311,11.187561,-8.640758,11.187561
2022-03-10,2022-03-09,2022-03-10T00:00:00Z,17.957143,extreme fear,-0.071428,-3.771428,17.545714,24.224286,-1.072881,Wednesday,2022-03-09,0,True,Wednesday,^GSPC,4223.100098,4299.399902,4223.100098,4277.879883,4277.879883,5662670000,4170.700195,2.569825,1.256381,1.297146,1.829424,2.569825,-2.477127,1.239614,-5.388875,-9.213461,9.722706,4359.957983,-1.882543,4498.381777,-4.901805,4466.736233,-4.228061,25.639886,-10.813587,Yahoo Finance via yfinance,-0.429181,1.869617,4.169363,4.751653,-3.958499,-2.715356,1.893929,-2.715356,8.401824,-10.929709,8.401824
2022-03-11,2022-03-10,2022-03-11T00:00:00Z,19.057143,extreme fear,1.100000,0.885714,17.722857,23.497143,-0.806018,Thursday,2022-03-10,0,True,Thursday,^GSPC,4252.549805,4268.279785,4209.799805,4259.520020,4259.520020,4980830000,4277.879883,-0.429181,-0.592118,0.163907,1.367032,-0.429181,-2.382731,-0.680397,-7.142954,-8.769604,8.127756,4343.574976,-1.935156,4487.845176,-5.087634,4467.093184,-4.646717,24.826730,-11.196358,Yahoo Finance via yfinance,-1.296155,3.571996,6.119002,5.650635,-3.241911,-2.296029,3.595473,-2.296029,8.869069,-10.545788,8.869069
2022-03-14,2022-03-13,2022-03-14T00:00:00Z,17.500000,extreme fear,-1.557143,0.600000,17.842857,22.947857,-0.984681,Sunday,2022-03-11,2,False,Friday,^GSPC,4279.500000,4291.009766,4200.490234,4204.310059,4204.310059,4938640000,4259.520020,-1.296155,0.469066,-1.756980,2.125111,-1.296155,-2.877427,-4.112982,-6.655522,-9.274308,6.617993,4328.586475,-2.871062,4476.070176,-6.071400,4467.134783,-5.883519,24.491708,-12.347390,Yahoo Finance via yfinance,-0.742100,6.155827,8.057208,6.754253,-1.037742,-1.013004,6.210052,-1.013004,10.298711,-9.371097,10.298711
2022-03-15,2022-03-14,2022-03-15T00:00:00Z,21.857143,extreme fear,4.357143,5.185714,18.880000,22.756429,-0.163535,Monday,2022-03-14,0,True,Monday,^GSPC,4202.750000,4247.569824,4161.720215,4173.109863,4173.109863,5574920000,4204.310059,-0.742100,-0.037106,-0.705256,2.041943,-0.742100,-0.666017,-4.591514,-5.556693,-11.396121,5.144193,4316.309961,-3.317651,4463.957773,-6.515472,4466.995933,-6.579054,23.847903,-12.997861,Yahoo Finance via yfinance,2.140857,6.903013,9.642932,5.737206,-1.374031,0.354413,7.395926,0.354413,11.123358,-8.693512,11.123358
2022-03-16,2022-03-15,2022-03-16T00:00:00Z,25.257143,fear,3.400000,7.228572,20.325714,22.520714,0.519272,Tuesday,2022-03-15,0,True,Tuesday,^GSPC,4188.819824,4271.049805,4187.899902,4262.450195,4262.450195,5392470000,4173.109863,2.140857,0.376457,1.757783,1.992517,2.140857,2.199870,-1.017346,-3.162884,-8.700973,7.564022,4309.348975,-1.088303,4453.883174,-4.298114,4467.287634,-4.585275,25.332353,-11.135269,Yahoo Finance via yfinance,2.238376,5.845456,8.660509,3.167192,-5.739190,-0.245398,6.089216,-0.245398,8.794229,-10.607282,8.794229
2022-03-17,2022-03-16,2022-03-17T00:00:00Z,33.628571,fear,8.371428,15.671428,23.460000,22.597857,2.032898,Wednesday,2022-03-16,0,True,Wednesday,^GSPC,4288.140137,4358.899902,4251.990234,4357.859863,4357.859863,6309750000,4262.450195,2.238376,0.602704,1.625873,2.508174,2.238376,1.869617,-0.653822,-2.532055,-5.687097,9.655967,4303.688477,1.258720,4445.109170,-1.962816,4468.066733,-2.466545,26.029332,-9.146142,Yahoo Finance via yfinance,1.234782,2.257539,5.612625,2.036091,-10.486793,-0.509653,3.766531,-0.509653,6.412321,-12.564420,6.412321
2022-03-18,2022-03-17,2022-03-18T00:00:00Z,38.428571,fear,4.800000,19.371428,27.334286,22.896429,2.539004,Thursday,2022-03-17,0,True,Thursday,^GSPC,4345.109863,4412.669922,4335.649902,4411.669922,4411.669922,4985090000,4357.859863,1.234782,-0.292575,1.531838,1.767382,1.234782,3.571996,1.104155,-1.415412,-3.422710,12.673095,4300.521484,2.584534,4437.471768,-0.581454,4469.084482,-1.284705,26.462873,-8.024295,Yahoo Finance via yfinance,1.166229,2.459165,2.691503,-0.432491,-15.006563,-0.478279,2.500869,-0.687497,5.114387,-15.354047,5.114387
2022-03-21,2022-03-20,2022-03-21T00:00:00Z,40.971429,fear,2.542858,23.471429,32.028571,23.469286,2.427874,Sunday,2022-03-18,2,False,Friday,^GSPC,4407.339844,4465.399902,4390.569824,4463.120117,4463.120117,8278430000,4411.669922,1.166229,-0.098151,1.265622,1.696185,1.166229,6.155827,3.101271,1.891677,-4.003026,14.055864,4304.664502,3.681021,4432.722568,0.685753,4470.435833,-0.163647,25.627565,-6.951647,Yahoo Finance via yfinance,-0.043466,1.791122,1.853854,-1.600454,-16.303396,-0.869802,1.857662,-2.079718,3.902644,-16.971091,3.902644
2022-03-22,2022-03-21,2022-03-22T00:00:00Z,44.542857,fear,3.571428,22.685714,36.565714,24.257857,2.370828,Monday,2022-03-21,0,True,Monday,^GSPC,4462.399902,4481.750000,4424.299805,4461.180176,4461.180176,4869820000,4463.120117,-0.043466,-0.016137,-0.027333,1.287220,-0.043466,6.903013,6.191020,2.582511,-5.011751,13.210968,4310.280005,3.500937,4428.025176,0.748754,4471.592283,-0.232850,25.451737,-6.992092,Yahoo Finance via yfinance,1.130411,2.562995,2.722597,0.023083,-15.045126,-0.120374,2.565907,-2.037137,3.947826,-16.934986,3.947826
2022-03-23,2022-03-22,2022-03-23T00:00:00Z,45.200000,neutral,0.657143,19.942857,40.554286,25.577143,2.035916,Tuesday,2022-03-22,0,True,Tuesday,^GSPC,4469.100098,4522.000000,4469.100098,4511.609863,4511.609863,4754840000,4461.180176,1.130411,0.177530,0.951193,1.185783,1.130411,5.845456,8.173919,4.805148,-4.532156,15.371097,4320.622510,4.420367,4424.716777,1.963811,4473.017732,0.862776,25.300048,-5.940720,Yahoo Finance via yfinance,-1.227270,2.659588,0.299455,-1.156121,-18.725906,-1.236805,2.785922,-3.132143,2.785922,-19.324362,2.785922
2022-03-24,2022-03-23,2022-03-24T00:00:00Z,46.914286,neutral,1.714286,13.285715,43.211429,26.861429,1.877069,Wednesday,2022-03-23,0,True,Wednesday,^GSPC,4493.100098,4501.069824,4455.810059,4456.240234,4456.240234,4550670000,4511.609863,-1.227270,-0.410270,-0.820366,1.003184,-1.227270,2.257539,4.169363,5.460661,-6.990950,14.581639,4332.159521,2.864177,4420.435781,0.809976,4474.162634,-0.400576,24.715054,-7.095081,Yahoo Finance via yfinance,1.434391,3.281016,0.558984,-1.404325,-17.534965,0.200386,4.063057,-1.928541,4.063057,-18.387027,4.063057
2022-03-25,2022-03-24,2022-03-25T00:00:00Z,49.371429,neutral,2.457143,10.942858,45.400000,27.922857,1.815825,Thursday,2022-03-24,0,True,Thursday,^GSPC,4469.979980,4520.580078,4465.169922,4520.160156,4520.160156,4131390000,4456.240234,1.434391,0.308326,1.122604,1.243428,1.434391,2.459165,6.119002,5.396972,-5.561439,15.619312,4343.732519,4.061660,4416.577588,2.345313,4475.665686,0.994142,24.675917,-5.762461,Yahoo Finance via yfinance,0.506617,0.226762,-0.441360,-5.494946,-16.711136,-0.422338,2.591493,-5.586971,2.591493,-19.541123,2.591493
2022-03-28,2022-03-27,2022-03-28T00:00:00Z,51.257143,neutral,1.885714,10.285714,47.457143,29.212143,1.710430,Sunday,2022-03-25,2,False,Friday,^GSPC,4522.910156,4546.029785,4501.069824,4543.060059,4543.060059,4305020000,4520.160156,0.506617,0.060839,0.445507,0.994654,0.506617,1.791122,8.057208,3.612835,-5.215875,14.304046,4351.653027,4.398490,4412.911787,2.949261,4477.185085,1.471348,23.591086,-5.285038,Yahoo Finance via yfinance,0.714496,0.061628,-1.205801,-5.435542,-17.238825,-0.781197,2.074367,-7.533254,2.074367,-19.946686,2.074367
2022-03-29,2022-03-28,2022-03-29T00:00:00Z,52.714286,neutral,1.457143,8.171429,49.091429,30.699286,1.593748,Monday,2022-03-28,0,True,Monday,^GSPC,4541.089844,4575.649902,4517.689941,4575.520020,4575.520020,4312260000,4543.060059,0.714496,-0.043368,0.758192,1.275791,0.714496,2.562995,9.642932,4.608661,-4.252384,15.220756,4361.732031,4.901447,4411.241592,3.724086,4478.825486,2.158926,23.603509,-4.608303,Yahoo Finance via yfinance,1.225655,0.155613,-3.562223,-8.749166,-17.042654,-1.485081,1.350224,-8.752666,1.350224,-20.514606,1.350224
2022-03-30,2022-03-29,2022-03-30T00:00:00Z,52.800000,neutral,0.085714,7.600000,50.611429,32.447857,1.422917,Tuesday,2022-03-29,0,True,Tuesday,^GSPC,4602.859863,4637.299805,4589.660156,4631.600098,4631.600098,5085910000,4575.520020,1.225655,0.597524,0.624400,1.041185,1.225655,2.659588,8.660509,7.555056,-2.823646,17.002439,4377.999048,5.792625,4410.616592,5.010263,4480.707737,3.367601,22.865533,-3.439131,Yahoo Finance via yfinance,-0.629370,-2.298989,-5.055486,-9.664913,-15.542363,-2.677914,-0.082694,-10.119617,-0.082694,-21.477027,-0.082694
2022-03-31,2022-03-30,2022-03-31T00:00:00Z,59.200000,greed,6.400000,12.285714,53.068572,34.321429,1.631588,Wednesday,2022-03-30,0,True,Wednesday,^GSPC,4624.200195,4627.770020,4581.319824,4602.450195,4602.450195,4385570000,4631.600098,-0.629370,-0.159770,-0.470352,1.002897,-0.629370,3.281016,5.612625,4.922106,-4.046856,15.846407,4388.794556,4.868208,4411.123398,4.337371,4482.487039,2.676263,22.419873,-4.046856,Yahoo Finance via yfinance,-1.565254,-2.635559,-3.386465,-6.843098,-15.260134,-3.311500,0.013463,-9.550354,0.013463,-20.979696,0.013463
2022-04-01,2022-03-31,2022-04-01T00:00:00Z,59.800000,greed,0.600000,10.428571,55.154286,36.402857,1.484577,Thursday,2022-03-31,0,True,Thursday,^GSPC,4599.020020,4603.069824,4530.410156,4530.410156,4530.410156,4823020000,4602.450195,-1.565254,-0.074529,-1.491837,1.578717,-1.565254,0.226762,2.691503,3.825376,-5.489260,12.700411,4397.140552,3.030824,4411.076406,2.705320,4484.020588,1.034553,23.187541,-5.548766,Yahoo Finance via yfinance,0.341022,-0.666611,-3.042116,-8.795671,-15.646709,-1.774014,1.391486,-8.964539,1.391486,-19.723160,1.391486
2022-04-04,2022-04-03,2022-04-04T00:00:00Z,61.657143,greed,1.857143,10.400000,57.234286,38.640714,1.436680,Sunday,2022-04-01,2,False,Friday,^GSPC,4540.319824,4548.700195,4507.569824,4545.859863,4545.859863,4562940000,4530.410156,0.341022,0.218737,0.122019,0.907873,0.341022,0.061628,1.853854,5.012619,-3.291513,11.475240,4407.990039,3.127725,4412.339004,3.026079,4485.640588,1.342490,22.891995,-5.226666,Yahoo Finance via yfinance,0.809094,-1.266649,-3.391436,-8.589794,-15.993229,-2.107848,1.046894,-10.632749,1.046894,-19.995991,1.046894
2022-04-05,2022-04-04,2022-04-05T00:00:00Z,47.914286,neutral,-13.742857,-4.800000,56.274286,40.202857,0.504961,Monday,2022-04-04,0,True,Monday,^GSPC,4547.970215,4583.500000,4539.209961,4582.640137,4582.640137,4547350000,4545.859863,0.809094,0.046424,0.762316,0.974294,0.809094,0.155613,2.722597,9.082174,-2.415001,12.486689,4427.067554,3.514123,4416.033008,3.772778,4487.721538,2.115073,19.554236,-4.459861,Yahoo Finance via yfinance,-1.255172,-3.712060,-2.627965,-8.884838,-17.397400,-3.802617,0.235891,-11.350010,0.235891,-20.638104,0.235891
2022-04-06,2022-04-05,2022-04-06T00:00:00Z,46.400000,neutral,-1.514286,-6.400000,54.994286,41.621429,0.331943,Tuesday,2022-04-05,0,True,Tuesday,^GSPC,4572.450195,4593.450195,4514.169922,4525.120117,4525.120117,4800620000,4582.640137,-1.255172,-0.222360,-1.035114,1.730013,-1.255172,-2.298989,0.299455,8.497852,-3.247994,10.911167,4444.788550,1.807320,4418.332812,2.416914,4489.223188,0.799625,20.059462,-5.659054,Yahoo Finance via yfinance,-0.971692,-2.821360,-1.451230,-4.971143,-15.464563,-3.177380,-0.087511,-10.223156,-0.087511,-19.629313,-0.087511
2022-04-07,2022-04-06,2022-04-07T00:00:00Z,46.828571,neutral,0.428571,-12.371429,52.520000,43.065000,0.282889,Wednesday,2022-04-06,0,True,Wednesday,^GSPC,4494.169922,4503.939941,4450.040039,4481.149902,4481.149902,4986830000,4525.120117,-0.971692,-0.683964,-0.289709,1.191126,-0.971692,-2.635559,0.558984,4.751653,-4.049858,9.371834,4454.952051,0.588061,4420.826807,1.364521,4490.396738,-0.205925,18.923416,-6.575757,Yahoo Finance via yfinance,0.425339,-0.771232,-1.952395,-7.459688,-14.499850,-2.227331,0.892857,-9.342243,0.892857,-18.840695,0.892857
2022-04-08,2022-04-07,2022-04-08T00:00:00Z,46.085714,neutral,-0.742857,-13.714286,49.777143,44.416429,0.138522,Thursday,2022-04-07,0,True,Thursday,^GSPC,4474.649902,4521.160156,4450.299805,4500.209961,4500.209961,4821490000,4481.149902,0.425339,-0.145052,0.571219,1.581298,0.425339,-0.666611,-0.441360,5.650635,-4.516374,8.995596,4466.986548,0.743754,4423.832402,1.726502,4491.688589,0.189714,18.765602,-6.178388,Yahoo Finance via yfinance,-0.265103,-2.391447,-5.075989,-8.374501,-14.557763,-2.641435,0.448872,-9.726212,0.448872,-19.184435,0.448872
2022-04-11,2022-04-10,2022-04-11T00:00:00Z,43.400000,fear,-2.685714,-18.257143,46.125714,45.711429,-0.225168,Sunday,2022-04-08,2,False,Friday,^GSPC,4494.149902,4520.410156,4474.600098,4488.279785,4488.279785,4083200000,4500.209961,-0.265103,-0.134662,-0.130617,1.017954,-0.265103,-1.266649,-1.205801,6.754253,-5.037086,8.727965,4481.185034,0.158323,4427.067803,1.382676,4492.797537,-0.100555,17.955064,-6.427112,Yahoo Finance via yfinance,-1.687729,-2.152046,-4.281366,-11.074171,-13.048644,-2.628624,-0.384998,-11.425308,0.549434,-18.969621,0.549434
2022-04-12,2022-04-11,2022-04-12T00:00:00Z,42.057143,fear,-1.342857,-5.857143,44.954286,46.721429,-0.538378,Monday,2022-04-11,0,True,Monday,^GSPC,4462.640137,4464.350098,4408.379883,4412.529785,4412.529785,4266290000,4488.279785,-1.687729,-0.571258,-1.122886,1.247030,-1.687729,-3.712060,-3.562223,5.737206,-5.290801,6.541931,4493.156030,-1.794423,4426.681396,-0.319689,4493.456685,-1.800994,18.990238,-8.006369,Yahoo Finance via yfinance,-0.341745,1.125889,-5.378538,-9.325257,-11.629381,-0.957047,1.325770,-10.297038,2.275569,-17.578571,2.275569
2022-04-13,2022-04-12,2022-04-13T00:00:00Z,41.800000,fear,-0.257143,-4.600000,44.034286,47.548571,-0.802102,Tuesday,2022-04-12,0,True,Tuesday,^GSPC,4437.589844,4471.000000,4381.339844,4397.450195,4397.450195,4152090000,4412.529785,-0.341745,0.567930,-0.904537,2.031944,-0.341745,-2.821360,-5.055486,3.167192,-5.691796,6.613637,4499.906030,-2.276844,4424.319404,-0.607307,4493.990886,-2.148217,17.780434,-8.320752,Yahoo Finance via yfinance,1.117458,1.409908,-4.854864,-10.512234,-12.348526,-0.617412,2.065739,-10.656860,2.626289,-17.295934,2.626289
2022-04-14,2022-04-13,2022-04-14T00:00:00Z,39.857143,fear,-1.942857,-6.971428,42.640000,47.860000,-1.204051,Wednesday,2022-04-13,0,True,Wednesday,^GSPC,4394.299805,4453.919922,4392.700195,4446.589844,4446.589844,3828150000,4397.450195,1.117458,-0.071641,1.189952,1.392164,1.117458,-0.771232,-3.386465,2.036091,-2.851582,6.622113,4504.342529,-1.282156,4422.320400,0.548794,4494.764836,-1.071802,16.438857,-7.296275,Yahoo Finance via yfinance,-1.214414,-1.190343,-3.577794,-11.615863,-14.118455,-1.715698,1.492157,-13.217314,1.492157,-18.209904,1.492157
2022-04-18,2022-04-17,2022-04-18T00:00:00Z,37.600000,fear,-2.257143,-8.485714,40.942857,47.818572,-1.522714,Sunday,2022-04-14,3,False,Thursday,^GSPC,4449.120117,4460.459961,4390.770020,4392.589844,4392.589844,4083090000,4446.589844,-1.214414,0.056904,-1.270594,1.567267,-1.214414,-2.391447,-3.042116,-0.432491,-3.092375,4.948539,4503.388525,-2.460340,4418.384600,-0.583805,4495.240286,-2.283536,16.506931,-8.422082,Yahoo Finance via yfinance,-0.020487,-2.750315,-5.934077,-8.393680,-13.450148,-2.845012,2.739844,-12.150457,2.739844,-17.204423,2.739844
2022-04-19,2022-04-18,2022-04-19T00:00:00Z,39.628571,fear,2.028571,-3.771429,40.188571,47.751429,-1.196449,Monday,2022-04-18,0,True,Monday,^GSPC,4385.629883,4410.310059,4370.299805,4391.689941,4391.689941,3910490000,4392.589844,-0.020487,-0.158448,0.138180,0.910858,-0.020487,-2.152046,-3.391436,-1.600454,-2.030906,5.486811,4499.817017,-2.402922,4416.669600,-0.565577,4495.599036,-2.311351,15.905694,-8.440843,Yahoo Finance via yfinance,1.605760,-2.176151,-5.380846,-8.736499,-13.691997,-4.346166,2.760896,-12.132455,2.760896,-17.187457,2.760896
2022-04-20,2022-04-19,2022-04-20T00:00:00Z,43.314286,fear,3.685715,1.257143,40.440000,47.690000,-0.641115,Tuesday,2022-04-19,0,True,Tuesday,^GSPC,4390.629883,4471.029785,4390.629883,4462.209961,4462.209961,4108120000,4391.689941,1.605760,-0.024138,1.630292,1.830728,1.605760,1.125889,-2.627965,0.023083,1.461366,7.914747,4499.868506,-0.836881,4415.903203,1.048636,4496.148386,-0.754833,16.990576,-6.970623,Yahoo Finance via yfinance,-0.061848,-6.432009,-6.425739,-8.367151,-13.424963,-6.435599,1.136880,-13.521099,1.136880,-18.496213,1.136880
2022-04-21,2022-04-20,2022-04-21T00:00:00Z,38.942857,fear,-4.371429,-2.857143,39.868571,47.377143,-1.190642,Wednesday,2022-04-20,0,True,Wednesday,^GSPC,4472.259766,4488.290039,4448.759766,4459.450195,4459.450195,4290450000,4462.209961,-0.061848,0.225220,-0.286423,0.885890,-0.061848,1.409908,-1.451230,-1.156121,1.118341,6.853618,4497.260522,-0.840741,4415.414805,0.997310,4496.727937,-0.828997,16.463548,-7.028159,Yahoo Finance via yfinance,-1.475295,-6.177673,-3.571747,-12.014267,-14.095910,-6.649929,1.199470,-13.467581,1.199470,-18.445773,1.199470
2022-04-22,2022-04-21,2022-04-22T00:00:00Z,31.628571,fear,-7.314286,-8.228572,38.222857,46.612857,-1.893746,Thursday,2022-04-21,0,True,Thursday,^GSPC,4489.169922,4512.939941,4384.470215,4393.660156,4393.660156,4636890000,4459.450195,-1.475295,0.666444,-2.127560,2.880842,-1.475295,-1.190343,-1.952395,-1.404325,0.854135,6.255899,4494.131519,-2.235612,4412.857207,-0.435025,4496.905588,-2.295922,16.719724,-8.399768,Yahoo Finance via yfinance,-2.774005,-2.416212,-5.616958,-11.217757,-10.400673,-5.252119,-0.178213,-12.171857,-0.178213,-17.224592,-0.178213
2022-04-25,2022-04-24,2022-04-25T00:00:00Z,29.971429,fear,-1.657142,-7.628571,36.697143,45.642857,-1.800095,Sunday,2022-04-22,2,False,Friday,^GSPC,4385.830078,4385.830078,4267.620117,4271.779785,4271.779785,4651940000,4393.660156,-2.774005,-0.178213,-2.600427,2.690467,-2.774005,-2.750315,-5.075989,-5.494946,-1.796590,2.191534,4481.712500,-4.684208,4406.549199,-3.058389,4496.660388,-5.001058,18.310507,-10.940763,Yahoo Finance via yfinance,0.569794,-3.273802,-3.474897,-8.671320,-7.300935,-3.452893,0.858434,-10.802517,0.858434,-14.862884,0.858434
2022-04-26,2022-04-25,2022-04-26T00:00:00Z,17.900000,extreme fear,-12.071429,-21.728571,32.351429,43.975000,-2.467006,Monday,2022-04-25,0,True,Monday,^GSPC,4255.339844,4299.020020,4200.819824,4296.120117,4296.120117,5240040000,4271.779785,0.569794,-0.384850,0.958332,2.298812,0.569794,-2.176151,-4.281366,-5.435542,-0.702406,2.590970,4469.365503,-3.876286,4402.390000,-2.413913,4496.293240,-4.451959,18.347649,-10.433309,Yahoo Finance via yfinance,-2.814631,-3.275985,-7.096639,-7.503750,-6.917175,-5.437700,0.287005,-11.307879,0.287005,-15.345241,0.287005
2022-04-27,2022-04-26,2022-04-27T00:00:00Z,16.271429,extreme fear,-1.628571,-27.042857,26.942857,42.152857,-2.152354,Tuesday,2022-04-26,0,True,Tuesday,^GSPC,4278.140137,4278.140137,4175.040039,4175.200195,4175.200195,4689970000,4296.120117,-2.814631,-0.418517,-2.406184,2.399842,-2.814631,-6.432009,-5.378538,-8.749166,-5.791033,-0.275156,4449.349512,-6.161559,4397.521201,-5.055598,4495.246091,-7.119652,20.028783,-12.954281,Yahoo Finance via yfinance,0.209805,0.006701,-4.171061,-5.597821,-5.115211,-2.699037,3.191464,-8.739225,3.191464,-12.893515,3.191464
2022-04-28,2022-04-27,2022-04-28T00:00:00Z,24.257143,extreme fear,7.985714,-14.685714,24.005714,40.725714,-1.329933,Wednesday,2022-04-27,0,True,Wednesday,^GSPC,4186.520020,4240.709961,4162.899902,4183.959961,4183.959961,4769680000,4175.200195,0.209805,0.271121,-0.061150,1.863625,0.209805,-6.177673,-4.854864,-9.664913,-7.343288,0.018641,4426.967505,-5.489255,4393.167002,-4.762101,4494.319841,-6.905603,19.210016,-12.771655,Yahoo Finance via yfinance,2.474690,2.777511,-5.946042,-4.905161,-5.189339,-2.902751,2.975416,-8.930293,2.975416,-13.075886,2.975416
2022-04-29,2022-04-28,2022-04-29T00:00:00Z,14.328571,extreme fear,-9.928572,-17.300000,20.545714,38.482143,-1.870453,Thursday,2022-04-28,0,True,Thursday,^GSPC,4222.580078,4308.450195,4188.629883,4287.500000,4287.500000,4854180000,4183.959961,2.474690,0.923052,1.537447,2.863802,2.474690,-2.416212,-3.577794,-6.843098,-5.697520,1.805303,4411.219995,-2.804666,4389.495605,-2.323629,4493.885842,-4.592592,21.903643,-10.613024,Yahoo Finance via yfinance,-3.628451,-3.279997,-8.336325,-5.356499,-8.546938,-5.247580,0.470208,-11.129561,0.470208,-15.175041,0.470208
2022-05-02,2022-05-01,2022-05-02T00:00:00Z,13.271429,extreme fear,-1.057142,-16.700000,17.205714,36.155714,-1.752121,Sunday,2022-04-29,2,False,Friday,^GSPC,4253.750000,4269.680176,4124.279785,4131.930176,4131.930176,5084030000,4287.500000,-3.628451,-0.787172,-2.863822,3.391263,-3.628451,-3.273802,-5.934077,-8.795671,-9.967571,-1.177655,4391.295996,-5.906362,4382.634014,-5.720392,4492.745344,-8.031062,24.499052,-13.856386,Yahoo Finance via yfinance,0.567524,-0.207901,-2.614765,0.636750,-2.621537,-1.680090,4.252976,-7.783532,4.252976,-11.981327,4.252976
2022-05-03,2022-05-02,2022-05-03T00:00:00Z,30.485714,fear,17.214285,12.585714,19.722857,34.597143,-0.353209,Monday,2022-05-02,0,True,Monday,^GSPC,4130.609863,4169.810059,4062.510010,4155.379883,4155.379883,5163790000,4131.930176,0.567524,-0.031954,0.599670,2.596850,0.567524,-3.275985,-5.380846,-8.589794,-7.192951,-0.889179,4371.771997,-4.949758,4378.136416,-5.087930,4491.886443,-7.491431,24.608737,-13.367500,Yahoo Finance via yfinance,0.483713,-3.950057,-3.546484,-0.559034,-1.996206,-4.329325,3.664653,-8.303929,3.664653,-12.478035,3.664653
2022-05-04,2022-05-03,2022-05-04T00:00:00Z,22.400000,extreme fear,-8.085714,6.128571,20.948571,33.321429,-0.949590,Tuesday,2022-05-03,0,True,Tuesday,^GSPC,4159.779785,4200.100098,4147.080078,4175.479980,4175.479980,4582050000,4155.379883,0.483713,0.105884,0.377429,1.275937,0.483713,0.006701,-6.425739,-8.884838,-7.222479,0.259801,4351.413989,-4.043146,4374.668613,-4.553228,4491.471392,-7.035365,24.416644,-12.948448,Yahoo Finance via yfinance,2.986242,-4.177482,-2.074729,-1.778239,-1.082269,-5.204433,3.165628,-8.745340,3.165628,-12.899352,3.165628
2022-05-05,2022-05-04,2022-05-05T00:00:00Z,13.128571,extreme fear,-9.271429,-11.128572,18.722857,31.657857,-1.555915,Wednesday,2022-05-04,0,True,Wednesday,^GSPC,4181.180176,4307.660156,4148.910156,4300.169922,4300.169922,5136360000,4175.479980,2.986242,0.136516,2.845841,3.801958,2.986242,2.777511,-3.571747,-4.971143,-4.096912,3.181217,4340.166479,-0.921544,4374.576816,-1.700894,4491.356941,-4.256776,27.066030,-10.348878,Yahoo Finance via yfinance,-3.564971,-8.487804,-8.755235,-2.868494,-4.221695,-8.635702,-0.691595,-11.391407,-0.691595,-15.424967,-0.691595
2022-05-06,2022-05-05,2022-05-06T00:00:00Z,12.242857,extreme fear,-0.885714,-2.085714,18.305714,29.928571,-1.461676,Thursday,2022-05-05,0,True,Thursday,^GSPC,4270.430176,4270.430176,4106.009766,4146.870117,4146.870117,5077030000,4300.169922,-3.564971,-0.691595,-2.893387,3.823579,-3.564971,-3.279997,-5.616958,-7.459688,-8.286334,-1.303069,4323.452490,-4.084291,4373.004219,-5.171138,4490.297842,-7.648217,29.454839,-13.544914,Yahoo Finance via yfinance,-0.567422,-5.227799,-5.934116,-0.924313,-1.342704,-6.944997,0.260915,-8.115761,0.738862,-12.298432,0.738862
2022-05-09,2022-05-08,2022-05-09T00:00:00Z,8.185714,extreme fear,-4.057143,-5.085715,17.288571,28.033571,-1.600620,Sunday,2022-05-06,2,False,Friday,^GSPC,4128.169922,4157.689941,4067.909912,4123.339844,4123.339844,5116940000,4146.870117,-0.567422,-0.450947,-0.117003,2.165007,-0.567422,-0.207901,-3.474897,-8.374501,-10.111666,-2.581398,4304.608984,-4.211048,4369.697012,-5.637855,4489.077141,-8.147271,29.309557,-14.035480,Yahoo Finance via yfinance,-3.203710,-2.411879,-5.383494,-0.046314,0.771949,-6.413969,-1.020285,-7.591413,1.313739,-11.797954,1.313739
2022-05-10,2022-05-09,2022-05-10T00:00:00Z,7.400000,extreme fear,-0.785714,-23.085714,12.671428,26.233571,-1.487382,Monday,2022-05-09,0,True,Monday,^GSPC,4081.270020,4081.270020,3975.479980,3991.239990,3991.239990,5954520000,4123.339844,-3.203710,-1.020285,-2.205932,2.565640,-3.203710,-3.950057,-7.096639,-11.074171,-11.386123,-4.707974,4279.756995,-6.741434,4361.828813,-8.496180,4486.974391,-11.048300,30.915654,-16.789534,Yahoo Finance via yfinance,0.245790,0.420171,-0.438209,4.245302,4.026316,-3.316510,1.943759,-4.532925,4.666965,-8.878691,4.666965
2022-05-11,2022-05-10,2022-05-11T00:00:00Z,4.028571,extreme fear,-3.371429,-18.371429,8.997143,24.332143,-1.560434,Tuesday,2022-05-10,0,True,Tuesday,^GSPC,4035.179932,4068.820068,3958.169922,4001.050049,4001.050049,5885820000,3991.239990,0.245790,1.100910,-0.845808,2.772325,0.245790,-4.177482,-4.171061,-9.325257,-9.450647,-3.637919,4259.183008,-6.060621,4354.371016,-8.114168,4484.868142,-10.787789,30.747370,-16.585011,Yahoo Finance via yfinance,-1.646321,2.194425,-1.488861,2.867247,3.602552,-3.553565,2.241160,-4.766998,4.410335,-9.102109,4.410335
2022-05-12,2022-05-11,2022-05-12T00:00:00Z,3.200000,extreme fear,-0.828571,-9.928571,7.011428,22.402143,-1.460663,Wednesday,2022-05-11,0,True,Wednesday,^GSPC,3990.080078,4049.090088,3928.820068,3935.179932,3935.179932,5816140000,4001.050049,-1.646321,-0.274177,-1.375916,3.005961,-1.646321,-8.487804,-5.946042,-10.512234,-10.598023,-3.146907,4236.069495,-7.103037,4346.949419,-9.472608,4482.536742,-12.210872,31.022506,-17.958289,Yahoo Finance via yfinance,-0.129596,-0.292236,1.106685,2.100034,5.206373,-1.939170,3.952552,-3.172914,6.158037,-7.580589,6.389547
2022-05-13,2022-05-12,2022-05-13T00:00:00Z,11.285714,extreme fear,8.085714,-0.957143,6.820000,20.973571,-0.763173,Thursday,2022-05-12,0,True,Thursday,^GSPC,3903.949951,3964.800049,3858.870117,3930.080078,3930.080078,6286450000,3935.179932,-0.129596,-0.793610,0.669325,2.691870,-0.129596,-5.227799,-8.336325,-11.615863,-12.099783,-4.435743,4210.244006,-6.654339,4337.820220,-9.399655,4480.183942,-12.278600,30.451764,-18.064612,Yahoo Finance via yfinance,2.386970,-0.745278,3.250825,-0.743496,4.895324,-1.361295,4.087446,-3.047266,6.295793,-7.460661,6.527603
2022-05-16,2022-05-15,2022-05-16T00:00:00Z,11.742857,extreme fear,0.457143,3.557143,7.531428,19.680714,-0.649602,Sunday,2022-05-13,2,False,Friday,^GSPC,3963.899902,4038.879883,3963.899902,4023.889893,4023.889893,5183340000,3930.080078,2.386970,0.860538,1.513408,1.907849,2.386970,-2.411879,-2.614765,-8.393680,-10.080869,-3.592851,4191.809009,-4.005887,4331.028213,-7.091580,4478.207642,-10.145080,32.122177,-16.108840,Yahoo Finance via yfinance,-0.394640,-3.045058,3.338818,-6.815793,4.631099,-5.307546,1.660833,-7.196764,3.817696,-9.618051,4.650721
2022-05-17,2022-05-16,2022-05-17T00:00:00Z,15.200000,extreme fear,3.457143,7.800000,9.091428,18.459286,-0.288239,Monday,2022-05-16,0,True,Monday,^GSPC,4013.020020,4046.459961,3983.989990,4008.010010,4008.010010,4415030000,4023.889893,-0.394640,-0.270133,-0.124844,1.552477,-0.394640,0.420171,-3.546484,-8.736499,-8.498349,-3.729743,4172.625012,-3.945119,4324.611011,-7.320913,4476.271393,-10.460969,32.088231,-16.439908,Yahoo Finance via yfinance,2.016963,-0.854789,3.097295,-6.799634,4.971545,-4.932371,2.063617,-7.543147,4.229025,-9.259954,6.235018
2022-05-18,2022-05-17,2022-05-18T00:00:00Z,6.600000,extreme fear,-8.600000,2.571429,9.605714,16.623571,-1.006381,Tuesday,2022-05-17,0,True,Tuesday,^GSPC,4052.000000,4090.719971,4033.929932,4088.850098,4088.850098,4841410000,4008.010010,2.016963,1.097552,0.909430,1.416914,2.016963,2.194425,-2.074729,-8.367151,-5.979025,-0.944321,4153.957019,-1.567347,4322.366216,-5.402507,4474.779843,-8.624553,32.466318,-14.754531,Yahoo Finance via yfinance,-4.039526,-3.604195,0.302772,-7.309148,4.678572,-6.811940,-0.901723,-9.371098,2.168328,-11.053963,4.686406
2022-05-19,2022-05-18,2022-05-19T00:00:00Z,13.714286,extreme fear,7.114286,10.514286,11.708571,15.362143,-0.194534,Wednesday,2022-05-18,0,True,Wednesday,^GSPC,4051.979980,4051.979980,3911.909912,3923.679932,3923.679932,5103220000,4088.850098,-4.039526,-0.901723,-3.166354,3.425659,-4.039526,-0.292236,-8.755235,-12.014267,-8.852523,-4.665091,4127.168506,-4.930464,4317.425811,-9.119922,4472.282493,-12.266724,34.871958,-18.198044,Yahoo Finance via yfinance,-0.583378,1.403021,6.451594,-6.547678,9.518111,-2.889121,1.928041,-7.235807,6.469178,-7.309715,9.636620
2022-05-20,2022-05-19,2022-05-20T00:00:00Z,12.657143,extreme fear,-1.057143,1.371429,11.982857,14.413571,-0.232104,Thursday,2022-05-19,0,True,Thursday,^GSPC,3899.000000,3945.959961,3876.580078,3900.790039,3900.790039,5113550000,3923.679932,-0.583378,-0.629000,0.045910,1.768235,-0.583378,-0.745278,-5.934116,-11.217757,-7.684533,-6.211171,4102.525000,-4.917337,4309.884014,-9.491995,4469.773142,-12.729575,34.723473,-18.675259,Yahoo Finance via yfinance,0.014614,4.026109,5.325844,-5.792415,10.367391,-2.319273,4.469604,-6.765807,7.093941,-6.765807,10.882148
2022-05-23,2022-05-22,2022-05-23T00:00:00Z,17.885714,extreme fear,5.228571,6.142857,13.211429,13.809286,0.609192,Sunday,2022-05-20,2,False,Friday,^GSPC,3927.760010,3943.419922,3810.320068,3901.360107,3901.360107,5130730000,3900.790039,0.014614,0.691398,-0.672136,3.412126,0.014614,-3.045058,-5.383494,-8.671320,-9.031643,-6.123877,4084.004016,-4.472178,4302.720815,-9.328068,4467.134442,-12.665263,33.774059,-18.663374,Yahoo Finance via yfinance,1.855504,6.584374,5.640855,-3.500576,9.552564,-0.672335,6.590782,-6.779430,7.078292,-6.779430,10.865946
2022-05-24,2022-05-23,2022-05-24T00:00:00Z,16.000000,extreme fear,-1.885714,0.800000,13.371429,13.714286,0.344041,Monday,2022-05-23,0,True,Monday,^GSPC,3919.419922,3981.879883,3909.040039,3973.750000,3973.750000,4420030000,3901.360107,1.855504,0.462911,1.386177,1.867037,1.855504,-0.854789,-0.438209,-7.503750,-9.371327,-5.320399,4067.885510,-2.314114,4298.109614,-7.546564,4464.820592,-10.998663,34.578054,-17.154170,Yahoo Finance via yfinance,-0.812080,3.986157,4.704125,-5.381821,7.800950,-2.481790,4.896882,-8.477632,5.127644,-8.477632,8.846298
2022-05-25,2022-05-24,2022-05-25T00:00:00Z,17.571429,extreme fear,1.571429,10.971429,15.565714,13.779286,0.567998,Tuesday,2022-05-24,0,True,Tuesday,^GSPC,3942.939941,3955.679932,3875.129883,3941.479980,3941.479980,4923190000,3973.750000,-0.812080,-0.775340,-0.037027,2.027054,-0.812080,-3.604195,-1.488861,-5.597821,-9.887195,-5.889261,4056.199500,-2.828251,4293.477017,-8.198414,4462.366241,-11.672871,33.408490,-17.826944,Yahoo Finance via yfinance,0.945076,4.053046,4.421944,-3.697850,7.281529,-0.417355,5.755703,-7.728312,5.988354,-7.728312,9.737454
2022-05-26,2022-05-25,2022-05-26T00:00:00Z,24.114286,extreme fear,6.542857,10.400000,17.645714,13.772143,1.551802,Wednesday,2022-05-25,0,True,Wednesday,^GSPC,3929.590088,3999.330078,3925.030029,3978.729980,3978.729980,4802560000,3941.479980,0.945076,-0.301661,1.250509,1.885080,0.945076,1.403021,1.106685,-4.905161,-7.605899,-5.177806,4045.938000,-1.661123,4287.802612,-7.208182,4460.076141,-10.792331,33.648585,-17.050346,Yahoo Finance via yfinance,1.988326,4.978720,0.982477,-1.683703,4.002791,0.147537,4.996061,-8.592186,4.996061,-8.592186,8.710061
2022-05-27,2022-05-26,2022-05-27T00:00:00Z,29.542857,fear,5.428571,16.885714,21.022857,14.532857,1.990189,Thursday,2022-05-26,0,True,Thursday,^GSPC,3984.600098,4075.139893,3984.600098,4057.840088,4057.840088,4709970000,3978.729980,1.988326,0.147537,1.838076,2.275595,1.988326,4.026109,3.250825,-5.356499,-7.493376,-3.404996,4034.455005,0.579634,4281.802217,-5.230558,4458.153291,-8.979350,33.171040,-15.401037,Yahoo Finance via yfinance,2.474226,1.249432,-3.868560,-3.887043,1.746986,0.394545,2.949098,-10.374238,2.949098,-10.374238,6.590691
2022-05-31,2022-05-30,2022-05-31T00:00:00Z,40.057143,fear,10.514286,22.171429,25.457143,15.872143,2.560746,Monday,2022-05-27,3,False,Friday,^GSPC,4077.429932,4158.490234,4077.429932,4158.240234,4158.240234,4375620000,4057.840088,2.474226,0.482765,1.981893,1.997622,2.474226,6.584374,3.338818,0.636750,-4.703803,-1.091066,4035.770508,3.034606,4276.733623,-2.770652,4456.640342,-6.695629,31.989204,-13.307867,Yahoo Finance via yfinance,-0.627437,-0.885232,-9.826521,-8.096939,-0.420135,-2.029468,0.463406,-12.538239,0.463406,-12.538239,4.017073
2022-06-01,2022-05-31,2022-06-01T00:00:00Z,40.600000,fear,0.542857,24.600000,30.377143,16.377857,2.310833,Tuesday,2022-05-31,0,True,Tuesday,^GSPC,4151.089844,4168.339844,4104.879883,4132.149902,4132.149902,6822640000,4158.240234,-0.627437,-0.171957,-0.456264,1.526125,-0.627437,3.986157,3.097295,-0.559034,-4.544378,-1.663243,4034.609009,2.417605,4270.114219,-3.230928,4454.961091,-7.246106,32.014584,-13.851805,Yahoo Finance via yfinance,-0.748277,0.690446,-9.599601,-7.582489,1.620711,-1.410883,1.097730,-11.986007,1.097730,-11.986007,4.673835
2022-06-02,2022-06-01,2022-06-02T00:00:00Z,44.828571,fear,4.228571,27.257142,35.828571,17.499286,2.237086,Wednesday,2022-06-01,0,True,Wednesday,^GSPC,4149.779785,4166.540039,4073.850098,4101.229980,4101.229980,4531800000,4132.149902,-0.748277,0.426652,-1.169937,2.243141,-0.748277,4.053046,0.302772,-1.778239,-2.376999,-2.540092,4030.896509,1.744859,4262.915215,-3.792833,4453.068691,-7.901039,32.061965,-14.496432,Yahoo Finance via yfinance,1.843102,0.354529,-7.588943,-7.701351,-1.062366,-0.654922,1.859925,-11.322454,1.859925,-11.322454,5.462991
2022-06-03,2022-06-02,2022-06-03T00:00:00Z,35.457143,fear,-9.371428,11.342857,38.097143,18.615714,1.315506,Thursday,2022-06-02,0,True,Thursday,^GSPC,4095.409912,4177.509766,4074.370117,4176.819824,4176.819824,4405790000,4101.229980,1.843102,-0.141910,1.987833,2.514847,1.843102,4.978720,6.451594,-2.868494,0.146729,-0.382324,4024.729004,3.778908,4256.219414,-1.865496,4451.712390,-6.174985,30.850510,-12.920514,Yahoo Finance via yfinance,-1.634731,-3.806718,-12.211439,-8.415248,-3.500503,-3.822284,-0.192492,-12.927292,-0.192492,-12.927292,3.554378
2022-06-06,2022-06-05,2022-06-06T00:00:00Z,42.800000,fear,7.342857,13.257143,40.748571,20.143571,1.643299,Sunday,2022-06-03,2,False,Friday,^GSPC,4137.569824,4142.669922,4098.669922,4108.540039,4108.540039,3711110000,4176.819824,-1.634731,-0.939710,-0.701614,1.053433,-1.634731,1.249432,5.325844,-0.924313,-3.958499,-2.868871,4022.812500,2.131035,4249.265410,-3.311758,4450.253740,-7.678522,28.682491,-14.344030,Yahoo Finance via yfinance,0.313740,-5.054835,-10.556060,-6.745709,-2.978677,-5.071878,1.466208,-11.480232,1.466208,-11.480232,5.275347
2022-06-07,2022-06-06,2022-06-07T00:00:00Z,45.628571,neutral,2.828571,5.571428,41.862857,22.015714,1.617721,Monday,2022-06-06,0,True,Monday,^GSPC,4134.720215,4168.779785,4109.180176,4121.430176,4121.430176,4332700000,4108.540039,0.313740,0.637214,-0.321425,1.450627,0.313740,-0.885232,5.640855,-0.046314,-3.241911,-2.486439,4022.717017,2.453893,4241.290811,-2.826041,4448.831892,-7.359274,28.634353,-14.075293,Yahoo Finance via yfinance,0.952339,-9.021147,-8.653310,-6.705199,-4.038166,-9.393102,1.053753,-11.757085,1.053753,-11.757085,4.946089
2022-06-08,2022-06-07,2022-06-08T00:00:00Z,48.114286,neutral,2.485715,7.514286,43.365714,24.051429,1.575403,Tuesday,2022-06-07,0,True,Tuesday,^GSPC,4096.470215,4164.859863,4080.189941,4160.680176,4160.680176,4248210000,4121.430176,0.952339,-0.605614,1.567446,2.054382,0.952339,0.690446,4.704125,4.245302,-1.037742,-1.575006,4031.189026,3.212232,4233.643213,-1.723410,4447.426943,-6.447476,26.132588,-13.256998,Yahoo Finance via yfinance,-1.079395,-10.219488,-9.632807,-6.202353,-4.658615,-10.935718,-0.012980,-12.589530,-0.012980,-12.589530,3.956075
2022-06-09,2022-06-08,2022-06-09T00:00:00Z,47.057143,neutral,-1.057143,2.228572,43.811429,26.202857,1.359861,Wednesday,2022-06-08,0,True,Wednesday,^GSPC,4147.120117,4160.140137,4107.200195,4115.770020,4115.770020,4159470000,4160.680176,-1.079395,-0.325910,-0.755949,1.272387,-1.079395,0.354529,4.421944,2.867247,-1.374031,-2.459499,4036.925024,1.953095,4224.448213,-2.572601,4445.608145,-7.419415,26.536182,-14.193298,Yahoo Finance via yfinance,-2.379869,-7.915409,-7.775946,-5.257586,-4.653079,-9.963873,0.080910,-11.635730,0.080910,-11.635730,5.090415
2022-06-10,2022-06-09,2022-06-10T00:00:00Z,40.000000,fear,-7.057143,4.542857,44.720000,28.042857,0.817780,Thursday,2022-06-09,0,True,Thursday,^GSPC,4101.649902,4119.100098,4017.169922,4017.820068,4017.820068,4134170000,4115.770020,-2.379869,-0.343074,-2.043808,2.476576,-2.379869,-3.806718,0.982477,2.100034,-5.739190,-5.221767,4041.057031,-0.575022,4212.172612,-4.614069,4443.266095,-9.575074,27.312913,-16.235385,Yahoo Finance via yfinance,-2.911030,-8.737326,-2.640240,-4.066636,-2.728597,-9.409332,-1.080939,-9.481508,-1.080939,-9.481508,7.652401
2022-06-13,2022-06-12,2022-06-13T00:00:00Z,25.085714,fear,-14.914286,-17.714286,41.177143,28.732857,-0.258561,Sunday,2022-06-10,2,False,Friday,^GSPC,3974.389893,3974.389893,3900.159912,3900.860107,3900.860107,4889640000,4017.820068,-2.911030,-1.080939,-1.850090,1.847519,-2.911030,-5.054835,-3.868560,-0.743496,-10.486793,-8.159735,4039.596033,-3.434401,4198.140810,-7.081247,4440.289446,-12.148517,29.355555,-18.673798,Yahoo Finance via yfinance,-3.876843,-5.794107,-0.019227,-2.103640,2.025451,-6.767482,-1.607599,-6.767482,1.153592,-6.767482,10.880156
2022-06-14,2022-06-13,2022-06-14T00:00:00Z,20.528571,extreme fear,-4.557143,-25.100000,36.157143,29.172143,-0.631888,Monday,2022-06-13,0,True,Monday,^GSPC,3838.149902,3838.149902,3734.300049,3749.629883,3749.629883,5636890000,3900.860107,-3.876843,-1.607599,-2.306320,2.662230,-3.876843,-9.021147,-9.826521,-6.815793,-15.006563,-11.880193,4025.883032,-6.861927,4182.525205,-10.350095,4436.687595,-15.485826,30.919571,-21.826688,Yahoo Finance via yfinance,-0.377368,0.404311,1.918060,1.390808,6.842010,-3.007224,2.345036,-3.007224,5.233322,-3.007224,15.352179
2022-06-15,2022-06-14,2022-06-15T00:00:00Z,29.257143,fear,8.728572,-18.857143,32.385714,29.875000,-0.046531,Tuesday,2022-06-14,0,True,Tuesday,^GSPC,3763.520020,3778.179932,3705.679932,3735.479980,3735.479980,5153890000,3749.629883,-0.377368,0.370440,-0.745048,1.933524,-0.377368,-10.219488,-9.599601,-6.799634,-16.303396,-12.035772,4012.256531,-6.898277,4166.317607,-10.340969,4432.818145,-15.731260,30.919184,-22.121689,Yahoo Finance via yfinance,1.459250,0.653461,2.231309,1.469688,8.884538,-2.639818,2.732717,-2.639818,5.631944,-2.639818,15.789130
2022-06-16,2022-06-15,2022-06-16T00:00:00Z,17.700000,extreme fear,-11.557143,-29.357143,26.514286,30.430000,-1.021559,Wednesday,2022-06-15,0,True,Wednesday,^GSPC,3764.050049,3837.560059,3722.300049,3789.989990,3789.989990,5530480000,3735.479980,1.459250,0.764830,0.689150,3.085548,1.459250,-7.915409,-7.588943,-7.309148,-15.045126,-10.268489,3997.313525,-5.186572,4150.464604,-8.685163,4429.124144,-14.430261,30.416198,-20.985249,Yahoo Finance via yfinance,-3.251195,0.151451,-0.121639,1.930610,8.454380,-4.040113,0.332193,-4.040113,4.112679,-4.040113,14.123779
2022-06-17,2022-06-16,2022-06-17T00:00:00Z,16.928571,extreme fear,-0.771429,-23.071429,21.900000,30.590714,-1.114967,Thursday,2022-06-16,0,True,Thursday,^GSPC,3728.179932,3728.179932,3639.770020,3666.770020,3666.770020,5644930000,3789.989990,-3.251195,-1.630877,-1.647182,2.332722,-3.251195,-8.737326,-12.211439,-6.547678,-18.725906,-13.147993,3984.468030,-7.973411,4133.297602,-11.287055,4424.844593,-17.132230,29.258434,-23.554173,Yahoo Finance via yfinance,0.220087,6.680811,4.324243,4.474785,7.252157,-0.815429,6.732898,-0.815429,7.611333,-0.815429,17.958851
2022-06-21,2022-06-20,2022-06-21T00:00:00Z,19.728571,extreme fear,2.800000,-5.357143,20.828571,30.944286,-0.950289,Monday,2022-06-17,3,False,Friday,^GSPC,3665.899902,3707.709961,3636.870117,3674.840088,3674.840088,8520740000,3666.770020,0.220087,-0.023730,0.243874,1.931941,0.220087,-5.794107,-10.556060,-5.792415,-17.534965,-11.799256,3973.170532,-7.508624,4117.171406,-10.743573,4420.598345,-16.870075,29.302121,-23.385926,Yahoo Finance via yfinance,2.447724,6.130063,4.260044,7.125476,7.379094,1.101272,6.881385,1.101272,7.375015,1.101272,17.699810
2022-06-22,2022-06-21,2022-06-22T00:00:00Z,26.885714,fear,7.157143,6.357143,22.100000,31.394286,-0.393952,Tuesday,2022-06-21,0,True,Tuesday,^GSPC,3715.310059,3779.649902,3715.310059,3764.790039,3764.790039,5292260000,3674.840088,2.447724,1.101272,1.331786,1.750820,2.447724,0.404311,-8.653310,-3.500576,-16.711136,-10.888115,3966.342029,-5.081558,4102.463008,-8.230981,4416.737544,-14.760839,30.859757,-21.510624,Yahoo Finance via yfinance,-0.130157,1.507654,2.132656,5.182490,3.627295,-1.251068,4.809566,-1.251068,5.560465,-1.251068,14.887676
2022-06-23,2022-06-22,2022-06-23T00:00:00Z,26.742857,fear,-0.142857,-2.514286,21.597143,31.931428,-0.474961,Wednesday,2022-06-22,0,True,Wednesday,^GSPC,3733.889893,3801.790039,3717.689941,3759.889893,3759.889893,5058990000,3764.790039,-0.130157,-0.820767,0.696325,2.233859,-0.130157,0.653461,-9.632807,-5.381821,-17.238825,-11.457834,3955.649023,-4.948850,4087.895210,-8.023819,4412.859843,-14.796979,29.930692,-21.612784,Yahoo Finance via yfinance,0.953222,1.567604,3.796128,6.358166,3.017115,-0.435382,4.946161,-1.019440,6.367212,-1.019440,15.037406
2022-06-24,2022-06-23,2022-06-24T00:00:00Z,30.857143,fear,4.114286,13.157143,24.228571,32.595714,-0.167231,Thursday,2022-06-23,0,True,Thursday,^GSPC,3774.709961,3802.580078,3743.520020,3795.729980,3795.729980,5098640000,3759.889893,0.953222,0.394162,0.556864,1.570792,0.953222,0.151451,-7.775946,-3.697850,-17.042654,-10.516896,3948.361523,-3.865693,4075.559214,-6.866033,4409.238343,-13.914157,30.153327,-20.865580,Yahoo Finance via yfinance,3.056329,-0.272677,2.730697,4.370698,2.744134,-1.503270,3.955237,-1.954036,5.709309,-1.954036,13.951198
2022-06-27,2022-06-26,2022-06-27T00:00:00Z,30.771429,fear,-0.085714,13.842858,26.997143,32.928571,-0.211166,Sunday,2022-06-24,2,False,Friday,^GSPC,3821.750000,3913.649902,3821.750000,3911.739990,3911.739990,8120260000,3795.729980,3.056329,0.685508,2.354680,2.421139,3.056329,6.680811,-2.640240,-1.683703,-15.542363,-8.314803,3945.012024,-0.843395,4065.845010,-3.790234,4406.226694,-11.222453,32.060700,-18.446972,Yahoo Finance via yfinance,-0.297307,-2.208989,-1.465078,1.408583,-1.426732,-4.424376,0.872249,-4.861773,2.574301,-4.861773,10.571761
2022-06-28,2022-06-27,2022-06-28T00:00:00Z,28.142857,fear,-2.628572,8.414286,28.680000,32.858571,-0.460315,Monday,2022-06-27,0,True,Monday,^GSPC,3920.760010,3927.719971,3889.659912,3900.110107,3900.110107,4325310000,3911.739990,-0.297307,0.230588,-0.526681,0.972970,-0.297307,6.130063,-0.019227,-3.887043,-15.260134,-8.890837,3937.125525,-0.940164,4054.915415,-3.817720,4403.260846,-11.426776,31.131918,-18.689435,Yahoo Finance via yfinance,-2.014304,-1.762007,-2.084814,0.536906,-2.825053,-4.139375,1.173044,-4.578077,2.880171,-4.578077,10.901479
2022-06-29,2022-06-28,2022-06-29T00:00:00Z,26.542857,fear,-1.600000,-0.342857,28.611429,32.182857,-0.553468,Tuesday,2022-06-28,0,True,Tuesday,^GSPC,3913.000000,3945.860107,3820.139893,3821.550049,3821.550049,4270120000,3900.110107,-2.014304,0.330501,-2.337080,3.223504,-2.014304,1.507654,1.918060,-8.096939,-15.646709,-10.932241,3920.291016,-2.518715,4043.494619,-5.488930,4400.075696,-13.148084,30.117473,-20.327276,Yahoo Finance via yfinance,-0.071175,0.615720,-0.517330,5.287385,-1.663201,-2.168757,1.291619,-2.616477,5.704753,-2.616477,13.181294
2022-06-30,2022-06-29,2022-06-30T00:00:00Z,24.371429,extreme fear,-2.171428,-2.371428,28.137143,31.371429,-0.690967,Wednesday,2022-06-29,0,True,Wednesday,^GSPC,3825.090088,3836.500000,3799.020020,3818.830078,3818.830078,4211240000,3821.550049,-0.071175,0.092634,-0.163657,0.980753,-0.071175,1.567604,2.231309,-7.582489,-15.993229,-11.020312,3904.625024,-2.197265,4032.037422,-5.287831,4396.826196,-13.145758,30.127489,-20.383983,Yahoo Finance via yfinance,-0.875928,2.194128,-0.744998,6.640773,-3.288968,-2.099076,2.403872,-2.547116,6.811507,-4.487241,13.261907
2022-07-01,2022-06-30,2022-07-01T00:00:00Z,24.571429,extreme fear,0.200000,-6.285714,26.880000,30.358571,-0.595462,Thursday,2022-06-30,0,True,Thursday,^GSPC,3785.989990,3818.989990,3738.669922,3785.379883,3785.379883,4840070000,3818.830078,-0.875928,-0.859952,-0.016115,2.103264,-0.875928,-0.272677,-0.121639,-7.701351,-17.397400,-11.916698,3888.832520,-2.660249,4018.500820,-5.801192,4393.537847,-13.842101,30.151791,-21.081362,Yahoo Finance via yfinance,1.055381,3.011587,2.054748,9.111639,-3.443243,-1.144398,3.516691,-1.685956,9.372111,-3.714815,14.262767
2022-07-05,2022-07-04,2022-07-05T00:00:00Z,22.171429,extreme fear,-2.400000,-8.600000,25.160000,29.694286,-0.767202,Monday,2022-07-01,3,False,Friday,^GSPC,3781.000000,3829.820068,3752.100098,3825.330078,3825.330078,4046950000,3785.379883,1.055381,-0.115705,1.172443,2.053162,1.055381,-2.208989,4.324243,-8.415248,-15.464563,-11.449462,3871.258032,-1.186383,4005.818418,-4.505655,4390.260996,-12.867821,29.503229,-20.248469,Yahoo Finance via yfinance,0.158413,0.760715,0.144302,7.667307,-4.654240,-2.176806,2.435605,-2.712708,8.355360,-5.281637,13.069453
2022-07-06,2022-07-05,2022-07-06T00:00:00Z,22.828571,extreme fear,0.657142,-5.314286,24.097143,28.695714,-0.623527,Tuesday,2022-07-05,0,True,Tuesday,^GSPC,3792.610107,3832.189941,3742.060059,3831.389893,3831.389893,5076590000,3825.330078,0.158413,-0.855350,1.022509,2.356133,0.158413,-1.762007,4.260044,-6.745709,-14.499850,-11.969423,3857.400525,-0.674305,3994.573013,-4.085120,4387.049196,-12.665901,29.210835,-20.122132,Yahoo Finance via yfinance,0.357316,-0.328597,2.748351,6.780830,-2.932352,-0.757683,2.273590,-2.866579,8.183983,-5.431446,12.890619
2022-07-07,2022-07-06,2022-07-07T00:00:00Z,27.600000,fear,4.771429,1.057143,24.308572,27.794286,-0.022793,Wednesday,2022-07-06,0,True,Wednesday,^GSPC,3831.979980,3870.909912,3809.370117,3845.080078,3845.080078,4417720000,3831.389893,0.357316,0.015401,0.341862,1.606200,0.357316,0.615720,2.132656,-6.705199,-14.557763,-11.475892,3843.583020,0.038950,3986.039019,-3.536316,4384.109645,-12.295075,29.224026,-19.836716,Yahoo Finance via yfinance,1.496459,-1.126116,2.986149,8.064587,-5.321348,-2.236885,1.909451,-3.212417,8.389424,-6.103389,12.488679
2022-07-08,2022-07-07,2022-07-08T00:00:00Z,31.342857,fear,3.742857,6.971428,25.702857,26.955714,0.615236,Thursday,2022-07-07,0,True,Thursday,^GSPC,3858.850098,3910.629883,3858.850098,3902.620117,3902.620117,4057770000,3845.080078,1.496459,0.358120,1.134276,1.346650,1.496459,2.194128,3.796128,-6.202353,-13.048644,-10.451955,3830.680017,1.877998,3978.169019,-1.899087,4381.834095,-10.936379,29.602128,-18.637105,Yahoo Finance via yfinance,-0.083027,-2.876023,2.468337,6.388524,-8.122748,-4.639449,0.406903,-4.639449,6.791336,-8.160934,10.830151
2022-07-11,2022-07-10,2022-07-11T00:00:00Z,30.371429,fear,-0.971428,5.800000,26.862857,26.121429,0.782975,Sunday,2022-07-08,2,False,Friday,^GSPC,3888.260010,3918.500000,3869.340088,3899.379883,3899.379883,3521620000,3902.620117,-0.083027,-0.367961,0.285986,1.259664,-0.083027,3.011587,2.730697,-5.257586,-11.629381,-9.753703,3819.860510,2.081735,3972.652612,-1.844428,4379.560045,-10.964119,29.466507,-18.704658,Yahoo Finance via yfinance,-1.152746,-0.928865,1.596408,6.303824,-5.666284,-4.560208,-0.472894,-4.560208,6.880075,-8.084619,10.922247
2022-07-12,2022-07-11,2022-07-12T00:00:00Z,30.314286,fear,-0.057143,8.142857,28.491429,25.637143,1.045733,Monday,2022-07-11,0,True,Monday,^GSPC,3880.939941,3880.939941,3847.219971,3854.429932,3854.429932,3423480000,3899.379883,-1.152746,-0.472894,-0.683082,0.864752,-1.152746,0.760715,-1.465078,-4.066636,-12.348526,-11.788855,3811.691003,1.121259,3966.062012,-2.814683,4376.853994,-11.936063,28.601105,-19.641787,Yahoo Finance via yfinance,-0.924388,-0.611759,2.916389,7.410438,-1.647455,-3.447199,1.245580,-3.447199,8.618400,-7.012711,12.215810
2022-07-13,2022-07-12,2022-07-13T00:00:00Z,27.285714,fear,-3.028572,4.457143,29.382857,25.747143,0.343021,Tuesday,2022-07-12,0,True,Tuesday,^GSPC,3851.949951,3873.409912,3802.360107,3818.800049,3818.800049,3817210000,3854.429932,-0.924388,-0.064341,-0.860601,1.843328,-0.924388,-0.328597,-2.084814,-2.103640,-14.118455,-12.904848,3807.588000,0.294466,3956.688013,-3.484934,4373.703094,-12.687259,26.915716,-20.384609,Yahoo Finance via yfinance,-0.445690,3.087093,2.677543,7.951979,-0.930136,-2.546349,3.168797,-2.546349,9.631823,-6.145128,13.262798
2022-07-14,2022-07-13,2022-07-14T00:00:00Z,26.514286,fear,-0.771428,-1.085714,29.165714,26.046429,0.108418,Wednesday,2022-07-13,0,True,Wednesday,^GSPC,3779.669922,3829.439941,3759.070068,3801.780029,3801.780029,4109390000,3818.800049,-0.445690,-1.024671,0.584975,1.842722,-0.445690,-1.126116,-0.517330,1.390808,-13.450148,-12.987015,3810.195508,-0.220867,3950.085010,-3.754476,4370.434595,-13.011396,22.986065,-20.739447,Yahoo Finance via yfinance,-0.299863,4.159101,5.834900,10.743920,-1.506137,-2.110063,4.533399,-2.110063,10.764688,-5.724954,13.769859
2022-07-15,2022-07-14,2022-07-15T00:00:00Z,33.285714,fear,6.771428,1.942857,29.554286,26.247857,1.543346,Thursday,2022-07-14,0,True,Thursday,^GSPC,3763.989990,3796.409912,3721.560059,3790.379883,3790.379883,4199690000,3801.780029,-0.299863,-0.994009,0.701115,1.968811,-0.299863,-2.876023,-0.744998,1.469688,-13.691997,-13.348877,3812.940503,-0.591686,3942.785010,-3.865418,4367.170945,-13.207430,22.967292,-20.977120,Yahoo Finance via yfinance,1.920125,5.502616,7.441208,10.998637,-3.976382,0.707054,5.511589,0.707054,12.334655,-5.441407,14.112039
2022-07-18,2022-07-17,2022-07-18T00:00:00Z,35.885714,fear,2.600000,5.514285,30.657143,27.157143,1.906194,Sunday,2022-07-15,2,False,Friday,^GSPC,3818.000000,3863.620117,3817.179932,3863.159912,3863.159912,4143800000,3790.379883,1.920125,0.728690,1.182816,1.225212,1.920125,-0.928865,2.054748,1.930610,-13.424963,-11.396020,3816.598999,1.219958,3936.538608,-1.864041,4364.723595,-11.491305,23.388007,-19.459782,Yahoo Finance via yfinance,-0.836357,2.548949,6.914809,10.794013,-6.491319,-1.152684,3.864195,-1.152684,10.802305,-7.222844,11.962225
2022-07-19,2022-07-18,2022-07-19T00:00:00Z,39.314286,fear,3.428572,9.000000,32.457143,28.276429,2.357502,Monday,2022-07-18,0,True,Monday,^GSPC,3883.790039,3902.439941,3818.629883,3830.850098,3830.850098,4046870000,3863.159912,-0.836357,0.534022,-1.363100,2.169469,-0.836357,-0.611759,0.144302,4.474785,-14.095910,-11.469648,3824.803003,0.158102,3927.152212,-2.452212,4362.080546,-12.178373,20.135202,-20.133386,Yahoo Finance via yfinance,2.762829,3.549865,7.512165,12.171973,-6.317397,0.779980,4.740197,0.779980,12.293353,-6.849658,12.906527
2022-07-20,2022-07-19,2022-07-20T00:00:00Z,44.085714,fear,4.771428,16.800000,35.817143,29.494286,2.678845,Tuesday,2022-07-19,0,True,Tuesday,^GSPC,3860.729980,3939.810059,3860.729980,3936.689941,3936.689941,4041070000,3830.850098,2.762829,0.779980,1.967503,2.064296,2.762829,3.087093,2.748351,7.125476,-10.400673,-7.556676,3837.895496,2.574183,3922.948608,0.350281,4360.226295,-9.713632,22.055514,-17.926808,Yahoo Finance via yfinance,0.589581,-0.397285,3.924617,9.360916,-9.136100,-0.659182,1.924205,-0.659182,9.870979,-9.354051,9.870979
2022-07-21,2022-07-20,2022-07-21T00:00:00Z,48.200000,neutral,4.114286,21.685714,40.154286,30.560000,2.585989,Wednesday,2022-07-20,0,True,Wednesday,^GSPC,3935.320068,3974.129883,3922.030029,3959.899902,3959.899902,4185300000,3936.689941,0.589581,-0.034798,0.624596,1.323443,0.589581,4.159101,2.986149,5.182490,-7.300935,-8.400535,3847.650989,2.917336,3919.679810,1.026107,4358.240594,-9.139943,20.657756,-17.442920,Yahoo Finance via yfinance,0.986137,1.608884,4.931186,7.933032,-7.323165,-1.241443,2.011671,-1.241443,9.226998,-11.826557,9.226998
2022-07-22,2022-07-21,2022-07-22T00:00:00Z,42.428571,fear,-5.771429,9.142857,41.982857,31.344286,1.529330,Thursday,2022-07-21,0,True,Thursday,^GSPC,3955.469971,3999.290039,3927.639893,3998.949951,3998.949951,4132790000,3959.899902,0.986137,-0.111870,1.099237,1.809393,0.986137,5.502616,2.468337,6.358166,-6.917175,-8.253397,3859.603992,3.610369,3919.834009,2.018349,4356.733044,-8.212188,20.757244,-16.628794,Yahoo Finance via yfinance,-0.933247,1.837482,3.825754,7.121627,-10.399727,-2.205828,2.000525,-2.205828,8.160388,-12.687577,8.160388
2022-07-25,2022-07-24,2022-07-25T00:00:00Z,42.200000,fear,-0.228571,6.314286,43.245714,31.911429,1.346528,Sunday,2022-07-22,2,False,Friday,^GSPC,3998.429932,4012.439941,3938.860107,3961.629883,3961.629883,3979240000,3998.949951,-0.933247,-0.013004,-0.920362,1.839979,-0.933247,2.548949,1.596408,4.370698,-5.115211,-9.292546,3867.898987,2.423303,3919.045605,1.086598,4354.812593,-9.028694,21.067841,-17.406853,Yahoo Finance via yfinance,0.131517,4.257343,4.633448,6.735866,-7.160687,-1.284570,4.506227,-1.284570,9.179300,-11.865061,9.179300
2022-07-26,2022-07-25,2022-07-26T00:00:00Z,42.000000,fear,-0.200000,2.685714,43.782857,32.472857,1.197094,Monday,2022-07-25,0,True,Monday,^GSPC,3965.719971,3975.300049,3943.459961,3966.840088,3966.840088,3568340000,3961.629883,0.131517,0.103243,0.028245,0.803712,0.131517,3.549865,2.916389,1.408583,-5.189339,-10.085474,3870.653992,2.485009,3919.678809,1.203192,4352.829044,-8.867542,18.214666,-17.298230,Yahoo Finance via yfinance,-1.154320,3.826466,4.366699,4.314521,-6.223092,-1.414226,4.489974,-1.414226,9.035900,-11.980821,9.035900
2022-07-27,2022-07-26,2022-07-27T00:00:00Z,46.628571,neutral,4.628571,2.542857,44.291428,33.397143,1.559348,Tuesday,2022-07-26,0,True,Tuesday,^GSPC,3953.219971,3953.219971,3910.739990,3921.050049,3921.050049,3778950000,3966.840088,-1.154320,-0.343349,-0.813765,1.070877,-1.154320,-0.397285,2.677543,0.536906,-8.546938,-11.334595,3871.700989,1.274609,3919.498208,0.039593,4350.435496,-9.869942,18.695432,-18.252873,Yahoo Finance via yfinance,2.615627,4.339141,5.136894,5.296539,-5.760960,0.774789,5.710209,0.774789,10.309222,-10.952933,10.309222
2022-07-28,2022-07-27,2022-07-28T00:00:00Z,48.485714,neutral,1.857143,0.285714,44.348571,34.494286,1.561931,Wednesday,2022-07-27,0,True,Wednesday,^GSPC,3951.429932,4039.560059,3951.429932,4023.610107,4023.610107,4112180000,3921.050049,2.615627,0.774789,1.826685,2.247615,2.615627,1.608884,5.834900,5.287385,-2.621537,-8.584648,3881.803992,3.653098,3919.492612,2.656402,4348.596847,-7.473370,19.186850,-16.114673,Yahoo Finance via yfinance,1.213334,3.269696,4.638375,2.911811,-8.893259,-0.761509,3.580119,-0.761509,7.497488,-13.222703,7.497488
2022-07-29,2022-07-28,2022-07-29T00:00:00Z,52.400000,neutral,3.914286,9.971429,46.342857,35.895714,1.743043,Thursday,2022-07-28,0,True,Thursday,^GSPC,4026.129883,4078.949951,3992.969971,4072.429932,4072.429932,4413000000,4023.610107,1.213334,0.062625,1.149989,2.136886,1.213334,1.837482,7.441208,6.640773,-1.996206,-7.458238,3894.483984,4.569179,3920.781011,3.867824,4347.153047,-6.319610,19.428739,-15.096864,Yahoo Finance via yfinance,1.420776,1.952397,3.311047,3.110924,-7.849857,0.166732,2.338413,0.166732,6.208820,-14.262980,6.208820
2022-08-01,2022-07-31,2022-08-01T00:00:00Z,59.085714,greed,6.685714,16.885714,49.720000,37.621429,2.064683,Sunday,2022-07-29,2,False,Friday,^GSPC,4087.330078,4140.149902,4079.219971,4130.290039,4130.290039,4616360000,4072.429932,1.420776,0.365879,1.051052,1.496157,1.420776,4.257343,6.914809,9.111639,-1.082269,-6.536548,3911.729492,5.587312,3921.609810,5.321290,4346.051248,-4.964534,19.249092,-13.890580,Yahoo Finance via yfinance,-0.282308,0.360747,3.628313,-1.758475,-8.061176,-1.222190,0.904782,-1.758475,4.720970,-15.464046,4.720970
2022-08-02,2022-08-01,2022-08-02T00:00:00Z,57.371429,greed,-1.714285,15.371429,52.794286,39.381428,1.694000,Monday,2022-08-01,0,True,Monday,^GSPC,4112.379883,4144.950195,4096.020020,4118.629883,4118.629883,4202810000,4130.290039,-0.282308,-0.433629,0.151980,1.184667,-0.282308,3.826466,7.512165,7.667307,-4.221695,-6.293823,3926.394482,4.895978,3925.508809,4.919644,4344.825398,-5.206090,19.271121,-14.133674,Yahoo Finance via yfinance,-0.666240,0.520323,4.334215,-2.137113,-6.301119,-0.942542,1.650797,-2.457370,5.017443,-15.224718,5.017443
2022-08-03,2022-08-02,2022-08-03T00:00:00Z,60.257143,greed,2.885714,13.628572,55.520000,41.252857,1.752384,Tuesday,2022-08-02,0,True,Tuesday,^GSPC,4104.209961,4140.470215,4079.810059,4091.189941,4091.189941,4727710000,4118.629883,-0.666240,-0.350115,-0.317236,1.472824,-0.666240,4.339141,3.924617,6.780830,-1.342704,-6.746282,3939.384485,3.853532,3929.316807,4.119625,4343.090049,-5.800020,19.614447,-14.705750,Yahoo Finance via yfinance,1.563848,0.764576,5.231003,-2.567224,-6.369537,0.394020,2.332577,-3.079299,5.721803,-14.656124,5.721803
2022-08-04,2022-08-03,2022-08-04T00:00:00Z,61.514286,greed,1.257143,13.028572,58.125714,42.948571,1.651481,Wednesday,2022-08-03,0,True,Wednesday,^GSPC,4107.959961,4167.660156,4107.959961,4155.169922,4155.169922,4351760000,4091.189941,1.563848,0.409906,1.149231,1.459238,1.563848,3.269696,4.931186,8.064587,0.771949,-6.058578,3954.888977,5.064136,3934.393003,5.611461,4341.509048,-4.292036,20.093730,-13.371878,Yahoo Finance via yfinance,-0.077734,1.325344,2.860776,-4.817370,-8.371977,-1.151815,1.344346,-4.828681,4.093933,-15.970222,4.093933
2022-08-05,2022-08-04,2022-08-05T00:00:00Z,63.314286,greed,1.800000,10.914286,60.308572,44.547143,1.595083,Thursday,2022-08-04,0,True,Thursday,^GSPC,4154.850098,4161.290039,4135.419922,4151.939941,4151.939941,4283320000,4155.169922,-0.077734,-0.007697,-0.070042,0.622601,-0.077734,1.952397,3.825754,6.388524,4.026316,-5.694744,3967.354968,4.652595,3937.956802,5.433862,4339.836448,-4.329576,19.723936,-13.439217,Yahoo Finance via yfinance,-0.162575,1.332632,3.174427,-4.457912,-6.042474,-1.074916,2.552306,-5.980097,4.174912,-15.904851,4.174912
2022-08-08,2022-08-07,2022-08-08T00:00:00Z,64.742857,greed,1.428571,5.657143,61.440000,46.265714,1.528074,Sunday,2022-08-05,2,False,Friday,^GSPC,4115.870117,4151.580078,4107.310059,4145.189941,4145.189941,4085940000,4151.939941,-0.162575,-0.868746,0.712360,1.066249,-0.162575,0.360747,4.633448,6.303824,3.602552,-6.410109,3979.645471,4.159779,3942.031001,5.153662,4337.964248,-4.443889,19.747362,-13.579943,Yahoo Finance via yfinance,-0.123755,3.255821,2.009318,-5.329790,-6.591012,-0.798518,3.263548,-5.826996,4.344550,-15.767911,4.344550
2022-08-09,2022-08-08,2022-08-09T00:00:00Z,64.457143,greed,-0.285714,7.085714,62.857143,47.972857,1.358821,Monday,2022-08-08,0,True,Monday,^GSPC,4155.930176,4186.620117,4128.970215,4140.060059,4140.060059,4221090000,4145.189941,-0.123755,0.259101,-0.381867,1.390766,-0.123755,0.520323,4.366699,7.410438,5.206373,-6.682264,3993.926978,3.658882,3945.257602,4.937636,4335.983599,-4.518549,19.059908,-13.686892,Yahoo Finance via yfinance,-0.424869,3.794150,-0.049995,-5.600646,-6.858837,-0.675599,3.906465,-6.118512,4.473842,-15.663540,4.473842
2022-08-10,2022-08-09,2022-08-10T00:00:00Z,65.114286,greed,0.657143,4.857143,63.828572,49.864286,1.306028,Tuesday,2022-08-09,0,True,Tuesday,^GSPC,4133.109863,4137.299805,4112.089844,4122.470215,4122.470215,3913090000,4140.060059,-0.424869,-0.167877,-0.257425,0.608927,-0.424869,0.764576,5.136894,7.951979,4.895324,-6.991322,4009.110486,2.827553,3946.550205,4.457564,4333.847051,-4.877349,18.690665,-14.053610,Yahoo Finance via yfinance,2.129064,4.432536,0.151845,-3.459093,-8.800070,1.329047,4.919613,-5.717936,4.919613,-15.303692,4.919613
2022-08-11,2022-08-10,2022-08-11T00:00:00Z,65.828571,greed,0.714285,4.314285,64.691429,51.830000,1.294202,Wednesday,2022-08-10,0,True,Wednesday,^GSPC,4181.020020,4211.029785,4177.259766,4210.240234,4210.240234,4546010000,4122.470215,2.129064,1.420260,0.698878,0.819170,2.129064,1.325344,4.638375,10.743920,4.631099,-5.105308,4029.533496,4.484557,3947.590205,6.653427,4332.173752,-2.814604,19.385694,-12.223757,Yahoo Finance via yfinance,-0.070547,1.515348,-1.650030,-4.846761,-11.646612,-0.209729,2.732375,-7.683415,2.732375,-17.069338,2.732375
2022-08-12,2022-08-11,2022-08-12T00:00:00Z,68.028571,greed,2.200000,4.714285,65.634286,53.567143,1.381810,Thursday,2022-08-11,0,True,Thursday,^GSPC,4227.399902,4257.910156,4201.410156,4207.270020,4207.270020,4630200000,4210.240234,-0.070547,0.407570,-0.476176,1.341966,-0.070547,1.332632,3.311047,10.998637,4.971545,-5.293076,4050.378003,3.873515,3949.092607,6.537639,4330.377703,-2.842886,19.274056,-12.285680,Yahoo Finance via yfinance,1.732237,1.817573,-0.193710,-3.325432,-10.380127,0.297337,2.804901,-7.618242,2.804901,-17.010792,2.804901
2022-08-15,2022-08-14,2022-08-15T00:00:00Z,66.828571,greed,-1.200000,2.085714,66.051428,55.114286,1.172542,Sunday,2022-08-12,2,False,Friday,^GSPC,4225.020020,4280.470215,4219.779785,4280.149902,4280.149902,3788010000,4207.270020,1.732237,0.421889,1.304843,1.442513,1.732237,3.255821,3.628313,10.794013,4.678572,-4.050371,4071.227502,5.131681,3952.671006,8.285003,4328.904502,-1.126257,19.105127,-10.766261,Yahoo Finance via yfinance,0.396954,-1.207199,-5.198182,-3.965743,-11.059189,-1.435691,1.054400,-9.191265,1.054400,-18.423883,1.054400
2022-08-16,2022-08-15,2022-08-16T00:00:00Z,67.942857,greed,1.114286,3.485714,66.748571,56.545714,1.180711,Monday,2022-08-15,0,True,Monday,^GSPC,4269.370117,4301.790039,4256.899902,4297.140137,4297.140137,3696830000,4280.149902,0.396954,-0.251855,0.650448,1.048798,0.396954,3.794150,4.334215,12.171973,9.518111,-3.824079,4094.542004,4.948005,3955.077412,8.648699,4327.631802,-0.704581,18.433026,-10.412044,Yahoo Finance via yfinance,0.187568,-3.703624,-6.202498,-8.481227,-10.914934,-3.892828,0.654846,-9.550308,0.654846,-18.746423,0.654846
2022-08-17,2022-08-16,2022-08-17T00:00:00Z,67.142857,greed,-0.800000,2.028571,67.154285,57.698571,0.998200,Tuesday,2022-08-16,0,True,Tuesday,^GSPC,4290.459961,4325.279785,4277.770020,4305.200195,4305.200195,4329820000,4297.140137,0.187568,-0.155456,0.343558,1.105614,0.187568,4.432536,5.231003,9.360916,10.367391,-3.895559,4112.967517,4.673820,3959.010615,8.744346,4326.175703,-0.484851,16.564528,-10.244005,Yahoo Finance via yfinance,-0.723779,-4.099001,-7.410579,-8.343170,-12.929251,-4.208176,-0.070148,-9.719645,-0.070148,-18.898543,-0.070148
2022-08-18,2022-08-17,2022-08-18T00:00:00Z,66.371429,greed,-0.771428,0.542858,67.262857,58.607143,0.828345,Wednesday,2022-08-17,0,True,Wednesday,^GSPC,4280.399902,4302.180176,4253.080078,4274.040039,4274.040039,3885030000,4305.200195,-0.723779,-0.576054,-0.148581,1.140484,-0.723779,1.515348,2.860776,7.933032,9.552564,-3.912700,4128.674524,3.520876,3962.062812,7.874111,4324.519004,-1.167274,17.069812,-10.893641,Yahoo Finance via yfinance,0.226956,-3.118128,-7.464601,-8.719851,-7.432544,-3.604782,0.432606,-9.061451,0.432606,-18.307268,0.432606
2022-08-19,2022-08-18,2022-08-19T00:00:00Z,63.714286,greed,-2.657143,-4.314285,66.400000,59.671429,0.469142,Thursday,2022-08-18,0,True,Thursday,^GSPC,4273.129883,4292.529785,4261.979980,4283.740234,4283.740234,3340330000,4274.040039,0.226956,-0.021295,0.248304,0.714776,0.226956,1.817573,3.174427,7.121627,7.800950,-2.648242,4142.914038,3.399206,3964.524014,8.051817,4322.869355,-0.905165,16.929052,-10.691408,Yahoo Finance via yfinance,-1.290000,-1.975379,-7.397511,-9.580650,-6.788701,-3.823061,-0.406892,-10.426873,-0.406892,-18.492255,-0.406892
2022-08-22,2022-08-21,2022-08-22T00:00:00Z,60.314286,greed,-3.400000,-6.514285,65.097143,60.577143,-0.034708,Sunday,2022-08-19,2,False,Friday,^GSPC,4266.310059,4266.310059,4218.700195,4228.479980,4228.479980,3761340000,4283.740234,-1.290000,-0.406892,-0.886717,1.111409,-1.290000,-1.207199,2.009318,6.735866,7.281529,-4.024691,4156.256543,1.737704,3966.778213,6.597338,4320.858506,-2.137967,17.330307,-11.843489,Yahoo Finance via yfinance,-2.140006,-4.039751,-7.194547,-7.770880,-6.414361,-4.039751,-0.601633,-9.256279,-0.601633,-17.427064,-0.601633
2022-08-23,2022-08-22,2022-08-23T00:00:00Z,57.428571,greed,-2.885715,-10.514286,62.994286,61.348571,-0.627010,Monday,2022-08-22,0,True,Monday,^GSPC,4195.080078,4195.080078,4129.859863,4137.990234,4137.990234,3907430000,4228.479980,-2.140006,-0.789880,-1.360876,1.542403,-2.140006,-3.703624,-0.049995,4.314521,4.002791,-6.837061,4164.814050,-0.644058,3969.181616,4.252983,4318.245608,-4.174273,19.427781,-13.730044,Yahoo Finance via yfinance,-0.223786,-2.594983,-5.553428,-6.816360,-3.534572,-2.913741,1.572014,-7.502439,1.572014,-15.621355,1.572014
2022-08-24,2022-08-23,2022-08-24T00:00:00Z,57.514286,greed,0.085715,-9.628571,61.068572,61.892857,-0.825352,Tuesday,2022-08-23,0,True,Tuesday,^GSPC,4133.089844,4159.770020,4124.029785,4128.729980,4128.729980,3823520000,4137.990234,-0.223786,-0.118424,-0.105487,0.863710,-0.223786,-4.099001,0.151845,5.296539,1.746986,-7.831175,4175.198047,-1.112955,3973.739014,3.900381,4315.488958,-4.327644,18.827173,-13.923105,Yahoo Finance via yfinance,0.291616,-3.453122,-3.605464,-8.205914,-4.116034,-3.960540,1.799829,-8.216570,1.799829,-15.432104,1.799829
2022-08-25,2022-08-24,2022-08-25T00:00:00Z,58.257143,greed,0.742857,-8.114286,59.445714,62.381429,-0.943009,Wednesday,2022-08-24,0,True,Wednesday,^GSPC,4126.549805,4156.560059,4119.970215,4140.770020,4140.770020,3583630000,4128.729980,0.291616,-0.052805,0.344603,0.886225,0.291616,-3.118128,-1.650030,2.911811,-0.420135,-7.700451,4181.056042,-0.963537,3981.561816,3.998637,4312.705159,-3.986712,16.661559,-13.672091,Yahoo Finance via yfinance,1.409161,-4.486364,-3.250364,-9.244175,-4.690190,-4.497714,1.503827,-9.450418,1.503827,-15.678000,1.503827
2022-08-26,2022-08-25,2022-08-26T00:00:00Z,55.742857,greed,-2.514286,-7.971429,57.851429,62.548571,-1.692235,Thursday,2022-08-25,0,True,Thursday,^GSPC,4153.259766,4200.540039,4147.589844,4199.120117,4199.120117,3566870000,4140.770020,1.409161,0.301629,1.104201,1.278752,1.409161,-1.975379,-0.193710,3.110924,1.620711,-6.607146,4187.390552,0.280116,3990.834619,5.219096,4310.192258,-2.576965,16.841031,-12.455592,Yahoo Finance via yfinance,-3.368806,-5.531397,-3.137800,-12.047527,-5.567358,-7.036479,0.093351,-13.137279,0.093351,-16.849721,0.093351
2022-08-29,2022-08-28,2022-08-29T00:00:00Z,54.285714,neutral,-1.457143,-6.028572,56.645714,62.308571,-1.836901,Sunday,2022-08-26,2,False,Friday,^GSPC,4198.740234,4203.040039,4057.659912,4057.659912,4057.659912,3832750000,4199.120117,-3.368806,-0.009047,-3.360063,3.462157,-3.368806,-4.039751,-5.198182,-1.758475,-1.062366,-9.224610,4183.759045,-3.014015,3996.188018,1.538263,4307.054308,-5.790370,20.305413,-15.404793,Yahoo Finance via yfinance,-0.666636,-3.287607,1.300016,-9.922465,-2.654731,-3.795538,0.131358,-10.175813,1.518606,-13.950894,1.518606
2022-08-30,2022-08-29,2022-08-30T00:00:00Z,49.800000,neutral,-4.485714,-7.628571,55.120000,61.930000,-2.384528,Monday,2022-08-29,0,True,Monday,^GSPC,4034.580078,4062.989990,4017.419922,4030.610107,4030.610107,3396510000,4057.659912,-0.666636,-0.568797,-0.098399,1.123063,-0.666636,-2.594983,-6.202498,-2.137113,-3.500503,-10.617004,4179.358056,-3.559110,4003.464819,0.678045,4303.973809,-6.351426,20.401586,-15.968735,Yahoo Finance via yfinance,-1.102816,-3.037261,-2.429413,-9.510224,-0.670619,-3.569189,0.356519,-10.105668,2.199907,-13.373410,2.199907
2022-08-31,2022-08-30,2022-08-31T00:00:00Z,52.085714,neutral,2.285714,-5.428572,54.034286,61.521429,-1.704223,Tuesday,2022-08-30,0,True,Tuesday,^GSPC,4041.250000,4044.979980,3965.209961,3986.159912,3986.159912,3835860000,4030.610107,-1.102816,0.263977,-1.363194,1.979105,-1.102816,-3.453122,-7.410579,-2.567224,-2.978677,-11.981790,4174.106555,-4.502680,4009.691216,-0.586861,4300.658258,-7.312796,20.619965,-16.895445,Yahoo Finance via yfinance,-0.781703,-0.157791,-1.007233,-6.701183,1.031070,-2.493877,0.809552,-9.103244,3.339552,-12.407426,3.339552
2022-09-01,2022-08-31,2022-09-01T00:00:00Z,49.371429,neutral,-2.714285,-8.885714,52.257143,60.914286,-1.871606,Wednesday,2022-08-31,0,True,Wednesday,^GSPC,4000.669922,4015.370117,3954.530029,3955.000000,3955.000000,4542490000,3986.159912,-0.781703,0.364010,-1.141557,1.526283,-0.781703,-4.486364,-7.464601,-4.817370,-4.038166,-12.551853,4164.098059,-5.021449,4013.495415,-1.457468,4297.019008,-7.959448,19.738751,-17.545075,Yahoo Finance via yfinance,0.299623,1.294056,-1.356508,-7.952719,1.798233,-1.725664,1.603791,-8.713024,4.153724,-11.717318,4.153724
2022-09-02,2022-09-01,2022-09-02T00:00:00Z,42.457143,fear,-6.914286,-13.285714,49.600000,59.871429,-2.358497,Thursday,2022-09-01,0,True,Thursday,^GSPC,3936.729980,3970.229980,3903.649902,3966.850098,3966.850098,4152250000,3955.000000,0.299623,-0.461947,0.765105,1.683441,0.299623,-5.531397,-7.397511,-4.457912,-4.658615,-12.317168,4154.843567,-4.524682,4017.634619,-1.264040,4293.439259,-7.606703,19.824946,-17.298021,Yahoo Finance via yfinance,-1.073650,2.533749,-2.357539,-9.610395,-0.073362,-2.019237,2.771972,-9.647963,3.842588,-11.981043,3.842588
2022-09-06,2022-09-05,2022-09-06T00:00:00Z,40.628571,fear,-1.828572,-13.657143,46.868571,58.665714,-2.137191,Monday,2022-09-02,3,False,Friday,^GSPC,3994.659912,4018.429932,3906.209961,3924.260010,3924.260010,3665850000,3966.850098,-1.073650,0.701055,-1.762350,2.828944,-1.073650,-3.287607,-7.194547,-5.329790,-4.653079,-13.504450,4143.797070,-5.297968,4020.205220,-2.386575,4289.556060,-8.515941,20.052233,-18.185951,Yahoo Finance via yfinance,-0.409506,4.743573,-0.621012,-6.264368,0.850348,-0.955849,4.969594,-8.667370,4.969594,-11.025771,4.969594
2022-09-07,2022-09-06,2022-09-07T00:00:00Z,39.628571,fear,-1.000000,-10.171429,44.834286,57.424286,-1.908839,Tuesday,2022-09-06,0,True,Tuesday,^GSPC,3930.889893,3942.550049,3886.750000,3908.189941,3908.189941,4127340000,3924.260010,-0.409506,0.168946,-0.577476,1.421925,-0.409506,-3.037261,-5.553428,-5.600646,-2.728597,-13.829785,4132.203564,-5.421166,4020.134219,-2.784591,4285.653660,-8.807611,20.051028,-18.520984,Yahoo Finance via yfinance,1.834102,0.626889,-1.337192,-3.000366,4.398972,-0.055266,5.401218,-8.291820,5.401218,-10.659919,5.401218
2022-09-08,2022-09-07,2022-09-08T00:00:00Z,40.371429,fear,0.742858,-11.714285,42.491429,56.187143,-1.601751,Wednesday,2022-09-07,0,True,Wednesday,^GSPC,3909.429932,3987.889893,3906.030029,3979.870117,3979.870117,3890320000,3908.189941,1.834102,0.031728,1.801802,2.094572,1.834102,-0.157791,-3.605464,-3.459093,2.025451,-11.950356,4125.073559,-3.520021,4021.729419,-1.040828,4282.030310,-7.056470,21.393195,-17.026576,Yahoo Finance via yfinance,0.661072,-0.850784,-4.772522,-4.939611,2.429726,-1.700814,3.502870,-9.943546,3.502870,-12.268994,3.502870
2022-09-09,2022-09-08,2022-09-09T00:00:00Z,43.800000,fear,3.428571,-5.571429,41.377143,55.085714,-1.131958,Thursday,2022-09-08,0,True,Thursday,^GSPC,3959.939941,4010.500000,3944.810059,4006.179932,4006.179932,3966850000,3979.870117,0.661072,-0.500775,1.167694,1.650555,0.661072,1.294056,-3.250364,-4.846761,6.842010,-11.251264,4114.870544,-2.641410,4025.422017,-0.478014,4278.571410,-6.366412,19.884779,-16.478062,Yahoo Finance via yfinance,1.527145,-2.616703,-6.195177,-6.531407,1.635474,-2.942951,2.823135,-10.534975,2.823135,-12.845151,2.823135
2022-09-12,2022-09-11,2022-09-12T00:00:00Z,47.600000,neutral,3.800000,5.142857,42.405714,54.064286,-0.672354,Sunday,2022-09-09,2,False,Friday,^GSPC,4022.939941,4076.810059,4022.939941,4067.360107,4067.360107,3901940000,4006.179932,1.527145,0.418354,1.104172,1.344675,1.527145,2.533749,-3.137800,-3.325432,8.884538,-9.479038,4107.875049,-0.986275,4030.392617,0.917218,4275.493511,-4.868056,20.851242,-15.202561,Yahoo Finance via yfinance,1.058427,-4.770417,-9.198353,-10.515425,-1.684631,-5.661658,1.276496,-11.880685,1.276496,-14.156111,1.276496
2022-09-13,2022-09-12,2022-09-13T00:00:00Z,36.628571,fear,-10.971429,-4.000000,41.605714,52.554286,-1.613175,Monday,2022-09-12,0,True,Monday,^GSPC,4083.669922,4119.279785,4083.669922,4110.410156,4110.410156,3814200000,4067.360107,1.058427,0.400993,0.654809,0.875503,1.058427,4.743573,1.300016,-3.965743,8.454380,-7.808987,4099.388061,0.268872,4036.893223,1.821127,4272.592061,-3.795867,20.165837,-14.305041,Yahoo Finance via yfinance,-4.323661,-5.121636,-11.078459,-12.116072,-4.115165,-6.649703,-1.783035,-12.803595,-1.783035,-15.055190,-0.240861
2022-09-14,2022-09-13,2022-09-14T00:00:00Z,41.885714,fear,5.257143,2.257143,42.057143,51.251429,-0.991639,Tuesday,2022-09-13,0,True,Tuesday,^GSPC,4037.120117,4037.120117,3921.280029,3932.689941,3932.689941,4224550000,4110.410156,-4.323661,-1.783035,-2.586749,2.818212,-4.323661,0.626889,-2.429413,-8.481227,7.252157,-11.995355,4081.165552,-3.638069,4039.040420,-2.633063,4268.748210,-7.872525,24.766751,-18.010201,Yahoo Finance via yfinance,0.338701,-1.951845,-7.257117,-8.743376,0.031276,-2.673740,0.743766,-9.261854,0.743766,-11.216492,4.267304
2022-09-15,2022-09-14,2022-09-15T00:00:00Z,40.657143,fear,-1.228571,0.285714,42.114286,49.927143,-1.036600,Wednesday,2022-09-14,0,True,Wednesday,^GSPC,3940.729980,3961.939941,3912.179932,3946.010010,3946.010010,4293240000,3932.689941,0.338701,0.204441,0.133986,1.265292,0.338701,-0.850784,-1.007233,-8.343170,7.379094,-11.186906,4063.206042,-2.884324,4041.332822,-2.358697,4265.505160,-7.490207,24.822516,-17.732501,Yahoo Finance via yfinance,-1.131774,-3.955390,-5.751885,-9.350711,0.443486,-3.966539,0.332738,-9.568148,0.332738,-11.516188,3.915341
2022-09-16,2022-09-15,2022-09-16T00:00:00Z,35.285714,fear,-5.371429,-8.514286,40.411428,48.372857,-1.516447,Thursday,2022-09-15,0,True,Thursday,^GSPC,3932.409912,3959.139893,3888.280029,3901.350098,3901.350098,4441830000,3946.010010,-1.131774,-0.344654,-0.789842,1.795735,-1.131774,-2.616703,-1.356508,-8.719851,3.627295,-12.929901,4044.571545,-3.541078,4042.458223,-3.490651,4261.735560,-8.456307,24.930127,-18.663583,Yahoo Finance via yfinance,-0.718213,-3.674628,-6.686919,-5.932310,0.846624,-3.893528,0.146615,-10.503288,0.146615,-10.503288,5.104891
2022-09-19,2022-09-18,2022-09-19T00:00:00Z,36.314286,fear,1.028572,-11.285714,38.154286,47.002857,-1.298383,Sunday,2022-09-16,2,False,Friday,^GSPC,3880.949951,3880.949951,3837.080078,3873.330078,3873.330078,7954650000,3901.350098,-0.718213,-0.522900,-0.196340,1.124479,-0.718213,-4.770417,-2.357539,-9.580650,3.017115,-13.420954,4024.051038,-3.745503,4041.872422,-4.169908,4258.267211,-9.039760,24.818610,-19.247752,Yahoo Finance via yfinance,0.685710,-4.649748,-7.427974,-7.493810,3.026594,-5.831161,0.871085,-9.855860,0.871085,-9.855860,5.865229
2022-09-20,2022-09-19,2022-09-20T00:00:00Z,36.114286,fear,-0.200000,-0.514285,38.051429,45.792857,-1.218011,Monday,2022-09-19,0,True,Monday,^GSPC,3849.909912,3900.449951,3838.500000,3899.889893,3899.889893,3766850000,3873.330078,0.685710,-0.604652,1.298212,1.599398,0.685710,-5.121636,-0.621012,-7.770880,2.744134,-12.025750,4007.621533,-2.688169,4041.882622,-3.513034,4255.201460,-8.350053,24.964936,-18.694026,Yahoo Finance via yfinance,-1.127210,-6.278379,-5.678621,-5.690928,3.070856,-6.541977,0.184112,-10.469778,0.184112,-10.469778,5.155788
2022-09-21,2022-09-20,2022-09-21T00:00:00Z,27.214286,fear,-8.900000,-14.671428,35.117143,44.282143,-2.014538,Tuesday,2022-09-20,0,True,Tuesday,^GSPC,3875.229980,3876.010010,3827.540039,3855.929932,3855.929932,4058050000,3899.889893,-1.127210,-0.632323,-0.498036,1.242855,-1.127210,-1.951845,-1.337192,-6.816360,-1.426732,-11.515171,3993.518518,-3.445297,4041.912622,-4.601354,4251.595609,-9.306287,24.273532,-19.610515,Yahoo Finance via yfinance,-1.711649,-5.410884,-1.685715,-3.525737,3.614955,-6.033302,1.326272,-9.449079,1.326272,-9.449079,6.354629
2022-09-22,2022-09-21,2022-09-22T00:00:00Z,24.485714,extreme fear,-2.728572,-16.171429,31.882857,42.630714,-2.024617,Wednesday,2022-09-21,0,True,Wednesday,^GSPC,3871.399902,3907.070068,3789.489990,3789.929932,3789.929932,4078330000,3855.929932,-1.711649,0.401199,-2.104406,3.049331,-1.711649,-3.955390,-4.772522,-8.205914,-2.825053,-12.959012,3976.578516,-4.693698,4041.335220,-6.220847,4247.853108,-10.780109,24.748069,-20.986501,Yahoo Finance via yfinance,-0.842758,-1.870480,-0.175462,-2.500574,2.792138,-4.396912,0.025593,-7.872173,0.448029,-7.872173,8.206749
2022-09-23,2022-09-22,2022-09-23T00:00:00Z,21.685714,extreme fear,-2.800000,-13.600000,29.162857,40.802143,-2.049044,Thursday,2022-09-22,0,True,Thursday,^GSPC,3782.360107,3790.899902,3749.449951,3757.989990,3757.989990,4284600000,3789.929932,-0.842758,-0.199735,-0.644310,1.093686,-0.842758,-3.674628,-6.195177,-9.244175,-1.663201,-14.506423,3957.439514,-5.039863,4040.459419,-6.991023,4243.684708,-11.445118,24.645545,-21.652394,Yahoo Finance via yfinance,-1.723262,-3.127204,-0.358435,-2.453704,2.511186,-3.927368,-0.565462,-7.089160,1.301758,-7.089160,9.126421
2022-09-26,2022-09-25,2022-09-26T00:00:00Z,17.628571,extreme fear,-4.057143,-18.685715,25.425714,38.896428,-2.129655,Sunday,2022-09-23,2,False,Friday,^GSPC,3727.139893,3727.139893,3647.469971,3693.229980,3693.229980,5144270000,3757.989990,-1.723262,-0.820920,-0.909811,2.120014,-1.723262,-4.649748,-9.198353,-12.047527,-3.288968,-16.987040,3932.145007,-6.075947,4038.516421,-8.549834,4238.717108,-12.869156,23.973065,-23.002528,Yahoo Finance via yfinance,-1.034053,-2.913706,-1.450494,1.611598,3.369136,-2.954056,1.178102,-5.459988,3.078063,-5.459988,11.039929
2022-09-27,2022-09-26,2022-09-27T00:00:00Z,16.514286,extreme fear,-1.114285,-19.600000,21.505714,37.007857,-1.955070,Monday,2022-09-26,0,True,Monday,^GSPC,3682.719971,3715.669922,3644.760010,3655.040039,3655.040039,4886140000,3693.229980,-1.034053,-0.284575,-0.751617,1.919997,-1.034053,-6.278379,-11.078459,-9.922465,-3.443243,-17.965291,3912.014014,-6.568841,4034.354023,-9.402100,4233.486259,-13.663590,21.764625,-23.798723,Yahoo Finance via yfinance,-0.212036,0.639935,-1.166886,3.893256,4.557545,-1.940065,2.235268,-4.472180,4.259870,-4.472180,12.200138
2022-09-28,2022-09-27,2022-09-28T00:00:00Z,17.028571,extreme fear,0.514285,-10.185715,19.468571,35.369286,-1.678133,Tuesday,2022-09-27,0,True,Tuesday,^GSPC,3686.439941,3717.530029,3623.290039,3647.290039,3647.290039,4577740000,3655.040039,-0.212036,0.859085,-1.061998,2.578357,-0.212036,-5.410884,-7.257117,-9.510224,-4.654240,-17.911324,3892.848010,-6.307926,4030.682822,-9.511857,4228.385458,-13.742726,21.781629,-23.960297,Yahoo Finance via yfinance,1.967214,3.938264,-1.602558,5.807601,6.337579,-1.731701,3.965407,-4.269196,5.910143,-4.269196,12.438548
2022-09-29,2022-09-28,2022-09-29T00:00:00Z,13.257143,extreme fear,-3.771428,-11.228571,17.222857,33.427857,-1.793343,Wednesday,2022-09-28,0,True,Wednesday,^GSPC,3651.939941,3736.739990,3640.610107,3719.040039,3719.040039,4684850000,3647.290039,1.967214,0.127489,1.837382,2.635652,1.967214,-1.870480,-5.751885,-6.701183,-2.932352,-14.556483,3879.492017,-4.135902,4026.329824,-7.632007,4223.420558,-11.942465,23.307487,-22.464433,Yahoo Finance via yfinance,-2.112644,1.727327,-3.818459,2.999700,2.778939,-3.627553,2.362703,-6.116093,4.493360,-6.116093,10.269315
2022-09-30,2022-09-29,2022-09-30T00:00:00Z,16.457143,extreme fear,3.200000,-5.228571,16.177143,31.782143,-1.368326,Thursday,2022-09-29,0,True,Thursday,^GSPC,3687.010010,3687.010010,3610.399902,3640.469971,3640.469971,4681810000,3719.040039,-2.112644,-0.861245,-1.262270,2.059943,-2.112644,-3.127204,-6.686919,-7.952719,-5.321348,-16.492639,3863.765515,-5.779221,4019.941226,-9.439721,4218.278057,-13.697724,24.110135,-24.102483,Yahoo Finance via yfinance,-1.506670,2.858149,0.808685,4.582652,5.613289,-1.547605,4.571936,-4.089854,6.748577,-4.089854,12.649191
2022-10-03,2022-10-02,2022-10-03T00:00:00Z,20.385714,extreme fear,3.928571,2.757143,16.728571,30.678571,-0.920651,Sunday,2022-09-30,2,False,Friday,^GSPC,3633.479980,3671.439941,3584.129883,3585.620117,3585.620117,5645360000,3640.469971,-1.506670,-0.192008,-1.317191,2.398318,-1.506670,-2.913706,-7.427974,-9.610395,-8.122748,-16.759448,3844.704016,-6.738722,4011.674629,-10.620366,4213.035708,-14.892245,24.264595,-25.246008,Yahoo Finance via yfinance,2.588390,1.507125,-0.071119,8.797361,6.794637,0.538535,6.171591,-2.622699,8.918954,-2.622699,14.372405
2022-10-04,2022-10-03,2022-10-04T00:00:00Z,27.885714,fear,7.500000,11.371428,19.002857,30.041429,-0.196982,Monday,2022-10-03,0,True,Monday,^GSPC,3609.780029,3698.350098,3604.929932,3678.429932,3678.429932,4806680000,3585.620117,2.588390,0.673800,1.901775,2.605412,2.588390,0.639935,-5.678621,-6.264368,-5.666284,-15.575026,3832.412512,-4.017902,4006.010630,-8.177230,4207.878607,-12.582318,26.482316,-23.311084,Yahoo Finance via yfinance,3.058370,-1.795332,-0.013049,5.261757,2.848771,-2.455663,3.492794,-5.079609,6.170839,-5.079609,11.486695
2022-10-05,2022-10-04,2022-10-05T00:00:00Z,29.714286,fear,1.828572,12.685715,21.540000,29.545714,0.015742,Tuesday,2022-10-04,0,True,Tuesday,^GSPC,3726.459961,3791.919922,3726.459961,3790.929932,3790.929932,5146580000,3678.429932,3.058370,1.305721,1.730059,1.779563,3.058370,3.938264,-1.685715,-3.000366,-1.647455,-11.848268,3826.549512,-0.930854,4002.492427,-5.285769,4203.489907,-9.814701,29.045748,-20.965653,Yahoo Finance via yfinance,-0.201795,-5.330878,-1.871571,1.719108,1.539203,-5.868744,0.421532,-7.896476,3.188139,-7.896476,8.178205
2022-10-06,2022-10-05,2022-10-06T00:00:00Z,23.142857,extreme fear,-6.571429,9.885714,23.517143,28.684286,-0.528637,Wednesday,2022-10-05,0,True,Wednesday,^GSPC,3753.250000,3806.909912,3722.659912,3783.280029,3783.280029,4293180000,3790.929932,-0.201795,-0.993950,0.800107,2.222410,-0.201795,1.727327,-0.175462,-4.939611,-0.930136,-12.942393,3816.720007,-0.876144,3999.737026,-5.411781,4199.303107,-9.906955,28.097561,-21.125140,Yahoo Finance via yfinance,-1.024508,-5.451619,-2.329199,-0.623535,1.486011,-5.678408,0.387228,-7.710239,3.396788,-7.710239,8.396945
2022-10-07,2022-10-06,2022-10-07T00:00:00Z,19.671429,extreme fear,-3.471428,3.214286,24.160000,27.477857,-0.778311,Thursday,2022-10-06,0,True,Thursday,^GSPC,3771.969971,3797.929932,3739.219971,3744.520020,3744.520020,4252100000,3783.280029,-1.024508,-0.298948,-0.727735,1.551827,-1.024508,2.858149,-0.358435,-6.531407,-1.506137,-14.186381,3803.637012,-1.554223,3994.155225,-6.250013,4195.185607,-10.742447,28.019114,-21.933219,Yahoo Finance via yfinance,-2.800362,-1.992515,-2.102806,-0.657765,2.126304,-6.754936,-1.008942,-6.754936,4.467062,-6.754936,9.518975
2022-10-10,2022-10-09,2022-10-10T00:00:00Z,19.400000,extreme fear,-0.271429,-0.985714,23.962857,26.067857,-0.742566,Sunday,2022-10-07,2,False,Friday,^GSPC,3706.739990,3706.739990,3620.729980,3639.659912,3639.659912,4449660000,3744.520020,-2.800362,-1.008942,-1.809679,2.296957,-2.800362,1.507125,-1.450494,-10.515425,-3.976382,-17.275940,3782.252002,-3.770031,3985.499824,-8.677454,4190.137756,-13.137464,28.438184,-24.119372,Yahoo Finance via yfinance,-0.749246,-1.554811,3.107161,3.596219,5.860714,-4.068507,1.987551,-4.068507,7.476801,-4.068507,12.674262
2022-10-11,2022-10-10,2022-10-11T00:00:00Z,16.885714,extreme fear,-2.514286,-11.000000,21.762857,25.080714,-0.926875,Monday,2022-10-10,0,True,Monday,^GSPC,3647.510010,3652.169922,3588.100098,3612.389893,3612.389893,3834320000,3639.659912,-0.749246,0.215682,-0.962852,1.760324,-0.749246,-1.795332,-1.166886,-12.116072,-6.491319,-17.738321,3757.350989,-3.858066,3975.141821,-9.125509,4184.716905,-13.676600,27.808631,-24.687904,Yahoo Finance via yfinance,-0.651918,1.814867,5.119885,5.381760,5.417749,-3.344318,2.757457,-3.344318,8.288146,-3.344318,13.524843
2022-10-12,2022-10-11,2022-10-12T00:00:00Z,15.942857,extreme fear,-0.942857,-13.771429,19.008571,23.783571,-0.965617,Tuesday,2022-10-11,0,True,Tuesday,^GSPC,3595.860107,3640.659912,3568.449951,3588.840088,3588.840088,4759030000,3612.389893,-0.651918,-0.457586,-0.195225,1.998953,-0.651918,-5.330878,-1.602558,-8.743376,-6.317397,-17.709613,3740.158496,-4.045775,3964.546025,-9.476645,4179.032156,-14.122697,24.152525,-25.178877,Yahoo Finance via yfinance,-0.329077,3.654102,7.530846,6.667057,8.533119,-2.710068,4.846969,-2.710068,8.998728,-2.710068,14.269788
2022-10-13,2022-10-12,2022-10-13T00:00:00Z,19.371429,extreme fear,3.428572,-3.771428,18.254286,22.719286,-0.469808,Wednesday,2022-10-12,0,True,Wednesday,^GSPC,3590.830078,3608.340088,3573.860107,3577.030029,3577.030029,4006830000,3588.840088,-0.329077,0.055449,-0.384314,0.960756,-0.329077,-5.451619,-3.818459,-9.350711,-9.136100,-17.781708,3721.709497,-3.887447,3954.262827,-9.539902,4172.961356,-14.280778,23.980665,-25.425097,Yahoo Finance via yfinance,2.596564,3.302457,7.088844,4.795600,8.807867,-2.388852,5.193135,-2.388852,9.358602,-2.388852,14.647066
2022-10-14,2022-10-13,2022-10-14T00:00:00Z,16.457143,extreme fear,-2.914286,-3.214286,17.611429,21.777857,-0.805802,Thursday,2022-10-13,0,True,Thursday,^GSPC,3520.370117,3685.409912,3491.580078,3669.909912,3669.909912,5021680000,3577.030029,2.596564,-1.583993,4.247843,5.418737,2.596564,-1.992515,0.808685,-5.932310,-7.323165,-15.901048,3710.137488,-1.084261,3944.557627,-6.962700,4167.379155,-11.937221,26.184872,-23.488711,Yahoo Finance via yfinance,-2.366266,-0.112534,3.743692,7.805647,6.794175,-2.458643,2.530856,-2.458643,7.859053,-2.458643,11.745521
2022-10-17,2022-10-16,2022-10-17T00:00:00Z,23.400000,extreme fear,6.942857,4.000000,18.411429,21.132143,0.399795,Sunday,2022-10-14,2,False,Friday,^GSPC,3690.409912,3712.000000,3579.679932,3583.070068,3583.070068,4243030000,3669.909912,-2.366266,0.558597,-2.908616,3.605540,-2.366266,-1.554811,-0.071119,-7.493810,-10.399727,-19.268581,3695.624487,-3.045613,3933.180229,-8.901452,4161.329205,-13.896020,27.175040,-25.299172,Yahoo Finance via yfinance,2.648005,4.735602,8.874791,11.438790,10.787956,1.551179,5.015810,1.551179,11.677414,1.551179,14.453803
2022-10-18,2022-10-17,2022-10-18T00:00:00Z,28.800000,fear,5.400000,11.914286,20.794286,20.766429,1.663668,Monday,2022-10-17,0,True,Monday,^GSPC,3638.649902,3689.729980,3638.649902,3677.949951,3677.949951,4352780000,3583.070068,2.648005,1.551179,1.080072,1.425595,2.648005,1.814867,-0.013049,-5.690928,-7.160687,-17.744453,3684.527490,-0.178518,3923.835430,-6.266457,4155.825305,-11.498928,29.020780,-23.321090,Yahoo Finance via yfinance,1.142757,3.246106,5.275494,7.593906,8.298644,-0.830083,3.610436,-0.830083,9.000123,-0.830083,11.501244
2022-10-19,2022-10-18,2022-10-19T00:00:00Z,29.428571,fear,0.628571,13.485714,23.491429,20.877143,1.708045,Tuesday,2022-10-18,0,True,Tuesday,^GSPC,3746.260010,3762.790039,3686.530029,3719.979980,3719.979980,4483740000,3677.949951,1.142757,1.857286,-0.701500,2.073438,1.142757,3.654102,-1.871571,-3.525737,-6.223092,-17.084293,3677.729993,1.148806,3915.433828,-4.991882,4150.594304,-10.374763,29.256120,-22.444837,Yahoo Finance via yfinance,-0.667210,3.740077,3.659163,7.305147,7.503000,-1.950550,3.840615,-1.950550,8.302736,-1.950550,10.241452
2022-10-20,2022-10-19,2022-10-20T00:00:00Z,39.085714,fear,9.657143,19.714285,27.434286,21.607143,2.720769,Wednesday,2022-10-19,0,True,Wednesday,^GSPC,3703.110107,3728.580078,3666.510010,3695.159912,3695.159912,4223800000,3719.979980,-0.667210,-0.453494,-0.214690,1.668559,-0.667210,3.302457,-2.329199,-2.500574,-5.760960,-18.241980,3672.991492,0.603552,3906.887622,-5.419345,4145.087303,-10.854473,28.753550,-22.962292,Yahoo Finance via yfinance,-0.795091,3.665340,1.746339,7.134471,8.005338,-1.291960,5.168653,-1.291960,9.030196,-1.291960,10.981935
2022-10-21,2022-10-20,2022-10-21T00:00:00Z,43.742857,fear,4.657143,27.285714,32.891428,22.710000,2.593336,Thursday,2022-10-20,0,True,Thursday,^GSPC,3689.050049,3736.000000,3656.439941,3665.780029,3665.780029,4496620000,3695.159912,-0.795091,-0.165348,-0.630786,2.153088,-0.795091,-0.112534,-2.102806,-2.453704,-8.893259,-19.188128,3668.380994,-0.070902,3895.998418,-5.909099,4139.448503,-11.442792,28.737955,-23.574812,Yahoo Finance via yfinance,2.372482,3.860570,1.476080,7.659489,7.176647,-0.500851,6.011541,-0.500851,9.904033,-0.500851,11.871414
2022-10-24,2022-10-23,2022-10-24T00:00:00Z,47.228571,neutral,3.485714,23.828571,37.657143,24.190000,2.379374,Sunday,2022-10-21,2,False,Friday,^GSPC,3657.100098,3757.889893,3647.419922,3752.750000,3752.750000,5078020000,3665.780029,2.372482,-0.236783,2.615458,3.013546,2.372482,4.735602,3.107161,1.611598,-7.849857,-17.517986,3671.356995,2.216973,3886.908018,-3.451536,4134.709353,-9.237877,29.356705,-21.761638,Yahoo Finance via yfinance,1.188198,3.952037,0.474320,5.664915,3.893148,-0.295786,4.068215,-1.454936,7.357007,-1.454936,9.278795
2022-10-25,2022-10-24,2022-10-25T00:00:00Z,51.371429,neutral,4.142858,22.571429,42.171428,25.932857,2.263191,Monday,2022-10-24,0,True,Monday,^GSPC,3762.010010,3810.739990,3741.649902,3797.340088,3797.340088,4747930000,3752.750000,1.188198,0.246753,0.939128,1.841052,1.188198,3.246106,5.119885,3.893256,-8.061176,-16.448323,3678.471997,3.231453,3877.251821,-2.061041,4130.215804,-8.059524,29.281682,-20.832012,Yahoo Finance via yfinance,1.626665,1.965584,0.249121,4.018599,4.615600,0.055298,2.846198,-2.612096,6.096373,-2.612096,7.995593
2022-10-26,2022-10-25,2022-10-26T00:00:00Z,53.800000,neutral,2.428571,24.371429,47.045714,27.771429,2.061079,Tuesday,2022-10-25,0,True,Tuesday,^GSPC,3799.439941,3862.850098,3799.439941,3859.110107,3859.110107,4843120000,3797.340088,1.626665,0.055298,1.570499,1.669857,1.626665,3.740077,7.530846,5.807601,-6.301119,-15.490484,3689.063000,4.609493,3868.491221,-0.242501,4126.126206,-6.471351,29.657455,-19.544214,Yahoo Finance via yfinance,-0.738772,-0.077997,-0.803294,3.743608,4.164171,-1.433493,1.365080,-4.170915,4.398164,-4.170915,6.266985
2022-10-27,2022-10-26,2022-10-27T00:00:00Z,54.571429,neutral,0.771429,15.485715,50.142857,29.837143,1.834917,Wednesday,2022-10-26,0,True,Wednesday,^GSPC,3825.969971,3886.149902,3824.070068,3830.600098,3830.600098,4817310000,3859.110107,-0.738772,-0.858751,0.121018,1.608657,-0.738772,3.665340,7.088844,2.999700,-6.369537,-16.267193,3694.641003,3.679900,3858.999219,-0.735919,4121.927756,-7.067753,29.190685,-20.138598,Yahoo Finance via yfinance,-0.608261,-1.851150,-2.141441,5.133919,4.864769,-1.877517,2.119510,-3.457688,5.304128,-3.457688,7.057898
2022-10-28,2022-10-27,2022-10-28T00:00:00Z,57.114286,greed,2.542857,13.371429,52.817143,31.870000,1.754208,Thursday,2022-10-27,0,True,Thursday,^GSPC,3834.689941,3859.949951,3803.790039,3807.300049,3807.300049,4687320000,3830.600098,-0.608261,0.106768,-0.714266,1.466087,-0.608261,3.860570,3.743692,4.582652,-8.371977,-16.353964,3702.982507,2.817122,3849.664419,-1.100469,4117.398907,-7.531426,28.102760,-20.624364,Yahoo Finance via yfinance,2.462638,-2.295857,3.915375,5.747382,5.487351,-2.866865,2.744464,-2.866865,5.954875,-2.866865,7.713075
2022-10-31,2022-10-30,2022-10-31T00:00:00Z,64.057143,greed,6.942857,16.828572,56.182857,34.053571,1.898888,Sunday,2022-10-28,2,False,Friday,^GSPC,3808.260010,3905.419922,3808.260010,3901.060059,3901.060059,4459410000,3807.300049,2.462638,0.025214,2.436810,2.551937,2.462638,3.952037,8.874791,8.797361,-6.042474,-15.128293,3718.754504,4.902328,3842.010815,1.536936,4113.272457,-5.159211,28.363142,-18.669630,Yahoo Finance via yfinance,-0.745440,-3.345501,2.354998,1.611867,4.085297,-5.201411,0.275053,-5.201411,3.408303,-5.201411,5.124246
2022-11-01,2022-10-31,2022-11-01T00:00:00Z,63.514286,greed,-0.542857,12.142857,58.611429,35.835000,1.625392,Monday,2022-10-31,0,True,Monday,^GSPC,3881.850098,3893.729980,3863.179932,3871.979980,3871.979980,4820620000,3901.060059,-0.745440,-0.492429,-0.254263,0.783122,-0.745440,1.965584,5.275494,5.261757,-6.591012,-15.924851,3728.432007,3.850090,3834.880815,0.967414,4109.337208,-5.776047,27.464599,-19.275899,Yahoo Finance via yfinance,-0.410123,-1.683375,2.202233,2.212044,5.128644,-4.489436,1.028158,-4.489436,4.184940,-4.489436,5.913770
2022-11-02,2022-11-01,2022-11-02T00:00:00Z,55.285714,greed,-8.228572,1.485714,58.908572,37.113571,1.038465,Tuesday,2022-11-01,0,True,Tuesday,^GSPC,3901.790039,3911.790039,3843.800049,3856.100098,3856.100098,4481210000,3871.979980,-0.410123,0.769892,-1.170999,1.755949,-0.410123,-0.077997,3.659163,1.719108,-6.858837,-16.420113,3731.690515,3.333867,3829.243013,0.701368,4105.303458,-6.070279,25.483752,-19.606967,Yahoo Finance via yfinance,-2.500199,-0.725863,3.517281,5.809237,4.192576,-4.096112,0.994265,-4.096112,5.809237,-4.096112,6.349935
2022-11-03,2022-11-02,2022-11-03T00:00:00Z,55.514286,greed,0.228572,0.942857,59.097143,38.732143,0.951618,Wednesday,2022-11-02,0,True,Wednesday,^GSPC,3852.899902,3894.439941,3758.679932,3759.689941,3759.689941,4899000000,3856.100098,-2.500199,-0.082990,-2.419216,3.520656,-2.500199,-1.851150,1.746339,-0.623535,-8.800070,-18.808590,3730.511011,0.782170,3821.862212,-1.626753,4101.216359,-8.327442,27.096647,-21.616953,Yahoo Finance via yfinance,-1.058599,-0.295766,5.295652,8.428358,8.429157,-1.636838,2.652079,-1.636838,9.065105,-1.636838,9.077079
2022-11-04,2022-11-03,2022-11-04T00:00:00Z,56.514286,greed,1.000000,-0.600000,58.977143,40.574286,0.912789,Thursday,2022-11-03,0,True,Thursday,^GSPC,3733.250000,3750.590088,3698.149902,3719.889893,3719.889893,4625290000,3759.689941,-1.058599,-0.703248,-0.357868,1.394801,-1.058599,-2.295857,1.476080,-0.657765,-11.646612,-20.183797,3729.279504,-0.251781,3813.444609,-2.453286,4097.152009,-9.207911,27.113716,-22.446715,Yahoo Finance via yfinance,1.361872,6.357183,6.093464,9.457540,10.734728,-0.297047,6.409872,-0.297047,10.232020,-0.297047,11.534220
2022-11-07,2022-11-06,2022-11-07T00:00:00Z,59.657143,greed,3.142857,-4.400000,58.097143,42.587143,0.991740,Sunday,2022-11-04,2,False,Friday,^GSPC,3766.979980,3796.340088,3708.840088,3770.550049,3770.550049,5400180000,3719.889893,1.361872,1.265900,0.094773,2.352220,1.361872,-3.345501,0.474320,3.596219,-10.380127,-19.433725,3735.824011,0.929542,3804.873208,-0.902084,4093.591110,-7.891386,25.423803,-21.390538,Yahoo Finance via yfinance,0.961398,5.897810,5.166091,6.054555,10.852786,-0.698309,6.124569,-0.698309,8.750970,-0.698309,11.268645
2022-11-08,2022-11-07,2022-11-08T00:00:00Z,57.942857,greed,-1.714286,-5.571429,56.982857,44.640000,0.810387,Monday,2022-11-07,0,True,Monday,^GSPC,3780.709961,3813.949951,3764.699951,3806.800049,3806.800049,4341620000,3770.550049,0.961398,0.269454,0.690084,1.306175,0.961398,-1.683375,0.249121,5.381760,-11.059189,-18.961662,3745.544519,1.635424,3799.856011,0.182745,4090.635410,-6.938662,25.311433,-20.634788,Yahoo Finance via yfinance,0.559789,3.952137,3.760111,3.532099,8.660290,-1.643902,5.310758,-1.643902,7.715396,-1.643902,10.209097
2022-11-09,2022-11-08,2022-11-09T00:00:00Z,54.000000,neutral,-3.942857,-1.285714,56.725714,46.542857,0.495032,Tuesday,2022-11-08,0,True,Tuesday,^GSPC,3817.020020,3859.399902,3786.280029,3828.110107,3828.110107,4607640000,3806.800049,0.559789,0.268466,0.290543,1.920770,0.559789,-0.725863,-0.803294,6.667057,-10.914934,-18.580302,3757.508020,1.878960,3795.806011,0.851047,4087.725311,-6.351092,25.087685,-20.190510,Yahoo Finance via yfinance,-2.077789,4.274168,4.583723,2.764022,7.391897,-2.191424,5.243579,-2.191424,7.115774,-2.191424,9.595592
2022-11-10,2022-11-09,2022-11-10T00:00:00Z,60.342857,greed,6.342857,4.828571,57.691429,48.591429,0.844419,Wednesday,2022-11-09,0,True,Wednesday,^GSPC,3810.939941,3818.199951,3744.219971,3748.570068,3748.570068,4645010000,3828.110107,-2.077789,-0.448529,-1.636601,1.932546,-2.077789,-0.295766,-2.141441,4.795600,-12.929251,-19.992101,3766.085022,-0.465071,3791.054214,-1.120642,4084.685911,-8.228683,26.433505,-21.848783,Yahoo Finance via yfinance,5.543448,5.608004,7.434567,5.733918,11.082357,2.969661,7.476718,2.969661,9.388639,0.424693,11.921076
2022-11-11,2022-11-10,2022-11-11T00:00:00Z,63.742857,greed,3.400000,7.228571,59.137143,50.955714,1.060009,Thursday,2022-11-10,0,True,Thursday,^GSPC,3859.889893,3958.330078,3859.889893,3956.370117,3956.370117,5781260000,3748.570068,5.543448,2.969661,2.499559,2.626073,5.543448,6.357183,3.915375,7.805647,-7.432544,-14.856530,3780.408032,4.654579,3791.081616,4.359930,4082.718110,-3.094703,31.492321,-17.516510,Yahoo Finance via yfinance,0.924075,-0.247956,1.762980,-0.555818,4.081765,-1.259490,1.831729,-1.259490,3.643230,-4.849903,6.042656
2022-11-14,2022-11-13,2022-11-14T00:00:00Z,62.685714,greed,-1.057143,3.028571,59.742857,52.920000,0.936512,Sunday,2022-11-11,2,False,Friday,^GSPC,3963.719971,4001.479980,3944.820068,3992.929932,3992.929932,5593310000,3956.370117,0.924075,0.185773,0.736933,1.432119,0.924075,5.897810,2.354998,11.438790,-6.788701,-14.117057,3800.901025,5.052194,3791.603213,5.309805,4081.050211,-2.159255,29.785488,-16.754301,Yahoo Finance via yfinance,-0.893578,-0.690967,-0.726033,-0.059352,2.218172,-2.163571,0.899344,-2.163571,2.694258,-5.721111,5.071715
2022-11-15,2022-11-14,2022-11-15T00:00:00Z,66.914286,greed,4.228572,8.971429,61.537143,54.825714,1.314265,Monday,2022-11-14,0,True,Monday,^GSPC,3977.969971,4008.969971,3956.399902,3957.250000,3957.250000,4561930000,3992.929932,-0.893578,-0.374661,-0.520868,1.316579,-0.893578,3.952137,2.202233,7.593906,-6.414361,-15.494839,3814.866028,3.732345,3792.263013,4.350621,4078.677211,-2.977122,29.137760,-17.498166,Yahoo Finance via yfinance,0.871312,-0.184726,0.009600,1.576850,3.366226,-1.281444,1.809087,-1.281444,3.631561,-4.871060,6.019077
2022-11-16,2022-11-15,2022-11-16T00:00:00Z,65.085714,greed,-1.828572,11.085714,63.754286,56.608571,1.166087,Tuesday,2022-11-15,0,True,Tuesday,^GSPC,4006.409912,4028.840088,3953.169922,3991.729980,3991.729980,5015310000,3957.250000,0.871312,1.242275,-0.366411,1.912191,0.871312,4.274168,3.517281,7.305147,-3.534572,-14.757621,3828.453528,4.264815,3793.933813,5.213485,4076.058112,-2.068865,29.059639,-16.779318,Yahoo Finance via yfinance,-0.825205,0.296866,2.214081,0.089938,3.646541,-2.134161,0.354480,-2.134161,2.736407,-5.692770,5.103300
2022-11-17,2022-11-16,2022-11-17T00:00:00Z,61.485714,greed,-3.600000,1.142857,63.982857,57.728571,0.620867,Wednesday,2022-11-16,0,True,Wednesday,^GSPC,3976.820068,3983.090088,3954.340088,3958.790039,3958.790039,4165320000,3991.729980,-0.825205,-0.373520,-0.453378,0.720239,-0.825205,5.608004,5.295652,7.134471,-4.116034,-15.786549,3841.635034,3.049613,3793.512212,4.356855,4073.119362,-2.806923,29.139651,-17.466059,Yahoo Finance via yfinance,-0.308932,1.729568,2.975152,-1.592407,4.479648,-1.319848,1.894265,-2.004150,3.591247,-4.908067,5.977834
2022-11-18,2022-11-17,2022-11-18T00:00:00Z,60.342857,greed,-1.142857,-3.400000,63.302857,58.558571,0.350198,Thursday,2022-11-17,0,True,Thursday,^GSPC,3919.260010,3954.330078,3906.540039,3946.560059,3946.560059,4051780000,3958.790039,-0.308932,-0.998538,0.696561,1.207188,-0.308932,-0.247956,6.093464,7.659489,-4.690190,-15.827727,3855.674036,2.357202,3792.319814,4.067174,4069.905262,-3.030665,28.934220,-17.721033,Yahoo Finance via yfinance,0.475858,2.015934,3.170860,-2.386888,5.094058,-0.334975,2.216106,-3.006419,3.912265,-4.613387,6.306248
2022-11-21,2022-11-20,2022-11-21T00:00:00Z,60.971429,greed,0.628572,-1.714285,62.960000,59.245714,0.395771,Sunday,2022-11-18,2,False,Friday,^GSPC,3966.389893,3979.889893,3935.979980,3965.340088,3965.340088,4037360000,3946.560059,0.475858,0.502459,-0.026468,1.112612,0.475858,-0.690967,5.166091,5.664915,-5.567358,-15.712481,3866.303540,2.561531,3790.279414,4.618675,4067.344763,-2.507894,27.973827,-17.329502,Yahoo Finance via yfinance,-0.388369,-0.035310,0.844820,-3.724275,3.154076,-0.806993,1.732006,-4.168622,3.420132,-5.065142,5.802777
2022-11-22,2022-11-21,2022-11-22T00:00:00Z,60.800000,greed,-0.171429,-6.114286,61.737143,59.717143,0.273788,Monday,2022-11-21,0,True,Monday,^GSPC,3956.229980,3962.000000,3933.340088,3949.939941,3949.939941,3850690000,3965.340088,-0.388369,-0.229743,-0.158991,0.722761,-0.388369,-0.184726,3.760111,4.018599,-2.654731,-15.922231,3873.933533,1.961996,3787.070010,4.300684,4064.591814,-2.820748,27.862295,-17.650568,Yahoo Finance via yfinance,1.357999,0.194685,-0.219748,-3.248653,3.269674,-0.311145,2.128642,-3.906890,3.823350,-4.695007,6.215284
2022-11-23,2022-11-22,2022-11-23T00:00:00Z,64.257143,greed,3.457143,-0.828571,61.571429,60.240000,1.051440,Tuesday,2022-11-22,0,True,Tuesday,^GSPC,3965.510010,4005.879883,3956.879883,4003.580078,4003.580078,3887990000,3949.939941,1.357999,0.394185,0.960030,1.240525,1.357999,0.296866,4.583723,3.743608,-0.670619,-14.507123,3881.157031,3.154293,3788.487813,5.677523,4062.190364,-1.442825,27.697150,-16.532264,Yahoo Finance via yfinance,0.591469,1.911540,-1.739947,-3.125706,-0.155860,-1.646780,1.911540,-5.194350,2.432320,-5.971907,4.792207
2022-11-25,2022-11-24,2022-11-25T00:00:00Z,63.085714,greed,-1.171429,1.600000,61.891429,60.665714,0.667568,Thursday,2022-11-23,1,False,Wednesday,^GSPC,4000.300049,4033.780029,3998.659912,4027.260010,4027.260010,3279720000,4003.580078,0.591469,-0.081927,0.673948,0.877218,0.591469,1.729568,7.434567,5.133919,1.031070,-14.143735,3890.990027,3.502193,3790.112813,6.256996,4059.718964,-0.799537,27.502137,-16.038578,Yahoo Finance via yfinance,-0.028304,1.224407,-1.582962,-5.087084,-0.899122,-2.225089,1.818848,-6.524784,1.830027,-6.524784,4.176039
2022-11-28,2022-11-27,2022-11-28T00:00:00Z,59.742857,greed,-3.342857,-0.600000,61.771429,60.797143,-0.298148,Sunday,2022-11-25,2,False,Friday,^GSPC,4023.340088,4034.020020,4020.760010,4026.120117,4026.120117,1706460000,4027.260010,-0.028304,-0.097335,0.069098,0.329256,-0.028304,2.015934,1.762980,5.747382,1.798233,-14.364471,3901.931030,3.182760,3792.608213,6.157027,4056.913663,-0.759039,27.334526,-16.062343,Yahoo Finance via yfinance,-1.544419,1.132103,-2.278626,-4.503096,-0.342763,-2.197406,1.847676,-6.498319,1.858858,-6.498319,4.205533
2022-11-29,2022-11-28,2022-11-29T00:00:00Z,58.171429,greed,-1.571428,-2.800000,61.211429,60.502857,-0.667035,Monday,2022-11-28,0,True,Monday,^GSPC,4005.360107,4012.270020,3955.770020,3963.939941,3963.939941,3615430000,4026.120117,-1.544419,-0.515633,-1.034118,1.403336,-1.544419,-0.035310,-0.726033,1.611867,-0.073362,-13.726492,3905.075024,1.507395,3794.420410,4.467600,4054.212963,-2.226647,26.813111,-17.358693,Yahoo Finance via yfinance,-0.159187,0.880441,0.671557,-3.397880,0.153890,-0.663230,3.445305,-5.031609,3.456662,-5.031609,5.840149
2022-11-30,2022-11-29,2022-11-30T00:00:00Z,73.971429,greed,15.800000,13.171429,63.845714,61.025714,2.825059,Tuesday,2022-11-29,0,True,Tuesday,^GSPC,3964.189941,3976.770020,3937.649902,3957.629883,3957.629883,3546040000,3963.939941,-0.159187,0.006307,-0.165483,0.986900,-0.159187,0.194685,0.009600,2.212044,0.850348,-14.986029,3909.357519,1.234790,3795.575210,4.269568,4051.907911,-2.326756,26.650138,-17.490246,Yahoo Finance via yfinance,3.094787,-0.413628,1.567100,-4.406928,0.621840,-0.991502,3.610239,-4.880191,3.621614,-4.880191,6.008901
2022-12-01,2022-11-30,2022-12-01T00:00:00Z,75.600000,extreme greed,1.628571,11.342857,66.114286,62.041429,2.502352,Wednesday,2022-11-30,0,True,Wednesday,^GSPC,3957.179932,4080.110107,3938.580078,4080.110107,4080.110107,6579360000,3957.629883,3.094787,-0.011369,3.106510,3.576131,3.094787,1.911540,2.214081,5.809237,4.398972,-10.661044,3920.558020,4.069627,3800.058813,7.369657,4050.300112,0.735995,28.556652,-14.936745,Yahoo Finance via yfinance,-0.086763,-3.582996,-2.078131,-5.657447,-2.695030,-3.963624,0.499978,-7.735578,0.511012,-7.735578,2.826635
2022-12-02,2022-12-01,2022-12-02T00:00:00Z,68.142857,greed,-7.457143,5.057143,67.125714,62.672857,1.021838,Thursday,2022-12-01,0,True,Thursday,^GSPC,4087.139893,4100.509766,4050.870117,4076.570068,4076.570068,4527130000,4080.110107,-0.086763,0.172294,-0.258612,1.216625,-0.086763,1.224407,2.975152,8.428358,2.429726,-9.671307,3936.402026,3.560816,3805.791616,7.114905,4048.327613,0.697633,26.640984,-15.010549,Yahoo Finance via yfinance,-0.119466,-2.773411,-4.435593,-5.815430,-3.070723,-3.880227,0.095912,-7.655457,0.598294,-7.655457,2.915929
2022-12-05,2022-12-04,2022-12-05T00:00:00Z,65.085714,greed,-3.057143,5.342857,68.194286,63.101429,0.383495,Sunday,2022-12-02,2,False,Friday,^GSPC,4040.169922,4080.479980,4026.629883,4071.699951,4071.699951,4012620000,4076.570068,-0.119466,-0.892911,0.780413,1.320966,-0.119466,1.132103,3.170860,9.457540,1.635474,-11.041929,3953.992529,2.976926,3812.065815,6.810851,4046.311064,0.627458,26.154477,-15.112082,Yahoo Finance via yfinance,-1.789421,-3.372549,-5.386935,-6.080017,-2.218971,-3.765259,-0.472776,-7.545005,0.718619,-7.545005,3.039025
2022-12-06,2022-12-05,2022-12-06T00:00:00Z,61.828571,greed,-3.257143,3.657142,68.925714,63.210000,-0.269776,Monday,2022-12-05,0,True,Monday,^GSPC,4052.020020,4052.449951,3984.489990,3998.840088,3998.840088,4280820000,4071.699951,-1.789421,-0.483335,-1.312430,1.669081,-1.789421,0.880441,0.844820,6.054555,-1.684631,-11.889355,3965.407031,0.843118,3818.178018,4.731630,4044.403966,-1.126591,27.097105,-16.631085,Yahoo Finance via yfinance,-1.439919,-0.207061,-4.530818,-3.647811,1.170334,-2.011838,0.066767,-5.860452,2.553737,-5.860452,4.916422
2022-12-07,2022-12-06,2022-12-07T00:00:00Z,58.428571,greed,-3.400000,-15.542858,65.817143,63.234286,-0.943140,Tuesday,2022-12-06,0,True,Tuesday,^GSPC,3996.629883,4001.510010,3918.389893,3941.260010,3941.260010,4368380000,3998.840088,-1.439919,-0.055271,-1.385414,2.078606,-1.439919,-0.413628,-0.219748,3.532099,-4.115165,-14.164997,3972.130029,-0.777165,3823.902417,3.069053,4042.365915,-2.501157,27.663775,-17.831530,Yahoo Finance via yfinance,-0.186237,1.988955,-3.035575,-3.378613,2.718925,-0.471425,4.052002,-4.485114,4.052002,-4.485114,6.449205
2022-12-08,2022-12-07,2022-12-08T00:00:00Z,55.685714,greed,-2.742857,-19.914286,61.834285,63.318571,-1.543108,Wednesday,2022-12-07,0,True,Wednesday,^GSPC,3933.280029,3957.570068,3922.679932,3933.919922,3933.919922,4118050000,3941.260010,-0.186237,-0.202473,0.016269,0.885253,-0.186237,-3.582996,-1.739947,2.764022,0.031276,-16.062945,3977.420520,-1.093689,3829.635015,2.723103,4040.511716,-2.638077,27.657495,-17.984558,Yahoo Finance via yfinance,0.752178,1.560788,-1.410298,-0.987306,1.333281,-0.022367,4.246147,-4.306898,4.246147,-4.306898,6.647823
2022-12-09,2022-12-08,2022-12-09T00:00:00Z,52.085714,neutral,-3.600000,-16.057143,58.622857,62.905714,-1.960400,Thursday,2022-12-08,0,True,Thursday,^GSPC,3947.790039,3974.189941,3935.830078,3963.510010,3963.510010,4006900000,3933.919922,0.752178,0.352578,0.398197,0.975105,0.752178,-2.773411,-1.582962,5.733918,0.443486,-15.691704,3988.167517,-0.618267,3834.524414,3.363796,4039.201766,-1.873929,26.430422,-17.367656,Yahoo Finance via yfinance,-0.734958,-1.709596,-3.560483,-1.801936,0.719060,-2.120849,3.467885,-5.021307,3.467885,-5.021307,5.851630
2022-12-12,2022-12-11,2022-12-12T00:00:00Z,57.200000,greed,5.114286,-7.885714,57.045714,62.578571,-0.950415,Sunday,2022-12-09,2,False,Friday,^GSPC,3954.169922,3977.020020,3933.040039,3934.379883,3934.379883,3888260000,3963.510010,-0.734958,-0.235652,-0.500485,1.109622,-0.734958,-3.372549,-2.278626,-0.555818,0.846624,-15.706013,3987.068005,-1.321475,3840.402612,2.447068,4037.430165,-2.552373,17.906925,-17.974969,Yahoo Finance via yfinance,1.427930,-2.084694,-2.276339,-0.384556,-0.408192,-2.706144,4.233960,-4.318086,4.233960,-4.318086,6.635355
2022-12-13,2022-12-12,2022-12-13T00:00:00Z,59.171429,greed,1.971429,-2.657142,56.514286,62.402857,-0.565923,Monday,2022-12-12,0,True,Monday,^GSPC,3939.290039,3990.709961,3935.300049,3990.560059,3990.560059,3904130000,3934.379883,1.427930,0.124801,1.301504,1.408352,1.427930,-0.207061,0.671557,-0.059352,3.026594,-15.311055,3986.949512,0.090559,3848.501411,3.691272,4035.459716,-1.112628,18.343922,-16.803709,Yahoo Finance via yfinance,0.728966,-4.332729,-4.042291,-0.524988,-3.231876,-4.774268,2.766527,-5.665121,2.766527,-5.665121,5.134113
2022-12-14,2022-12-13,2022-12-14T00:00:00Z,60.942857,greed,1.771428,2.514286,57.017143,62.104286,-0.206768,Tuesday,2022-12-13,0,True,Tuesday,^GSPC,4069.379883,4100.959961,3993.030029,4019.649902,4019.649902,5079360000,3990.560059,0.728966,1.975157,-1.222053,2.704631,0.728966,1.988955,1.567100,1.576850,3.070856,-13.907142,3990.069507,0.741350,3855.325811,4.262262,4033.688265,-0.348028,18.195259,-16.197236,Yahoo Finance via yfinance,-0.605272,-4.926543,-5.881854,-0.907541,-4.077218,-5.573366,0.848584,-6.347814,0.848584,-6.347814,4.373267
2022-12-15,2022-12-14,2022-12-15T00:00:00Z,60.142857,greed,-0.800000,4.457143,57.908571,61.857143,-0.306800,Wednesday,2022-12-14,0,True,Wednesday,^GSPC,4015.540039,4053.760010,3965.649902,3995.320068,3995.320068,4472340000,4019.649902,-0.605272,-0.102244,-0.503543,2.191985,-0.605272,1.560788,-2.078131,0.089938,3.614955,-13.784147,3990.249011,0.127086,3859.413613,3.521428,4032.133567,-0.913003,18.103033,-16.704471,Yahoo Finance via yfinance,-2.492167,-2.925426,-3.655278,0.094361,-1.902977,-4.998347,-0.924831,-5.777512,0.216000,-5.777512,5.008857
2022-12-16,2022-12-15,2022-12-16T00:00:00Z,44.142857,fear,-16.000000,-7.942857,56.320000,60.990000,-2.459017,Thursday,2022-12-15,0,True,Thursday,^GSPC,3958.370117,3958.370117,3879.449951,3895.750000,3895.750000,4493900000,3995.320068,-2.492167,-0.924831,-1.581967,1.975315,-2.492167,-1.709596,-4.435593,-1.592407,2.792138,-17.285053,3987.097009,-2.291066,3861.663013,0.882702,4029.679617,-3.323580,19.992293,-18.780335,Yahoo Finance via yfinance,-1.113775,-1.883080,-1.443881,2.444201,-0.098057,-3.369313,-0.124240,-3.369313,3.071036,-3.369313,7.692741
2022-12-19,2022-12-18,2022-12-19T00:00:00Z,39.971429,fear,-4.171428,-17.228571,52.874286,59.971429,-2.406392,Sunday,2022-12-16,2,False,Friday,^GSPC,3890.909912,3890.909912,3827.909912,3852.360107,3852.360107,7493660000,3895.750000,-1.113775,-0.124240,-0.990766,1.617147,-1.113775,-2.084694,-5.386935,-2.386888,2.511186,-17.484847,3982.387012,-3.265049,3863.819814,-0.296590,4027.123966,-4.339669,20.319865,-19.684940,Yahoo Finance via yfinance,-0.900752,-0.195725,-0.732544,1.985796,2.801398,-2.280942,0.972390,-2.280942,4.231946,-2.280942,8.905705
2022-12-20,2022-12-19,2022-12-20T00:00:00Z,38.314286,fear,-1.657143,-20.857143,48.702857,58.838571,-2.135649,Monday,2022-12-19,0,True,Monday,^GSPC,3853.790039,3854.860107,3800.040039,3817.659912,3817.659912,3969610000,3852.360107,-0.900752,0.037118,-0.937522,1.423026,-0.900752,-4.332729,-4.530818,-3.724275,3.369136,-17.378116,3975.003003,-3.958314,3867.379814,-1.285622,4024.567915,-5.141123,20.378256,-20.408379,Yahoo Finance via yfinance,0.103734,0.303591,0.924914,2.126700,2.592687,-1.392736,1.890167,-1.392736,5.179350,-1.392736,9.895591
2022-12-21,2022-12-20,2022-12-21T00:00:00Z,38.542857,fear,0.228571,-22.400000,44.222857,57.725714,-1.808320,Tuesday,2022-12-20,0,True,Tuesday,^GSPC,3810.469971,3838.239990,3795.620117,3821.620117,3821.620117,3985370000,3817.659912,0.103734,-0.188334,0.292619,1.116387,0.103734,-4.926543,-3.035575,-3.248653,4.557545,-16.339681,3968.587012,-3.703255,3871.564419,-1.290029,4022.670566,-4.997935,20.386955,-20.325815,Yahoo Finance via yfinance,1.486799,-1.004813,-0.353777,3.950942,3.400389,-1.494919,1.784582,-1.494919,5.070357,-1.494919,9.781711
2022-12-22,2022-12-21,2022-12-22T00:00:00Z,37.000000,fear,-1.542857,-23.142857,39.594286,56.362857,-1.692129,Wednesday,2022-12-21,0,True,Wednesday,^GSPC,3839.489990,3889.820068,3839.489990,3878.439941,3878.439941,3775200000,3821.620117,1.486799,0.467599,1.014456,1.316983,1.486799,-2.925426,-1.410298,-3.125706,6.337579,-16.578875,3962.330005,-2.117190,3877.356416,0.027945,4021.209265,-3.550408,20.518619,-19.141220,Yahoo Finance via yfinance,-1.445170,-0.751846,0.429042,3.645025,3.208253,-2.938036,-0.522117,-2.938036,4.147805,-2.938036,8.173389
2022-12-23,2022-12-22,2022-12-23T00:00:00Z,39.514286,fear,2.514286,-4.628571,38.668572,55.184286,-1.314814,Thursday,2022-12-22,0,True,Thursday,^GSPC,3853.260010,3853.260010,3764.489990,3822.389893,3822.389893,3956950000,3878.439941,-1.445170,-0.649228,-0.801143,2.288807,-1.445170,-1.883080,-3.560483,-5.087084,2.778939,-18.612988,3952.086499,-3.281725,3882.263613,-1.542237,4018.931815,-4.890402,20.812972,-20.309767,Yahoo Finance via yfinance,0.586810,0.447629,1.823472,5.090011,2.997603,-1.088582,0.936588,-1.088582,5.674988,-1.088582,9.759602
2022-12-27,2022-12-26,2022-12-27T00:00:00Z,39.942857,fear,0.428571,-0.028572,38.662857,54.194286,-1.155409,Monday,2022-12-23,3,False,Friday,^GSPC,3815.110107,3845.800049,3797.010010,3844.820068,3844.820068,2819280000,3822.389893,0.586810,-0.190451,0.778745,1.276428,0.586810,-0.195725,-2.276339,-4.503096,5.613289,-18.641750,3943.021497,-2.490512,3885.761816,-1.053635,4016.858315,-4.282906,21.014436,-19.842136,Yahoo Finance via yfinance,-0.404962,-0.537871,1.935850,4.457943,2.702335,-1.665619,0.874941,-1.665619,5.058494,-1.665619,9.119279
2022-12-28,2022-12-27,2022-12-28T00:00:00Z,35.514286,fear,-4.428571,-2.800000,38.102857,53.061429,-1.352494,Tuesday,2022-12-27,0,True,Tuesday,^GSPC,3843.340088,3846.649902,3813.219971,3829.250000,3829.250000,3030300000,3844.820068,-0.404962,-0.038493,-0.366610,0.869480,-0.404962,0.303591,-4.042291,-3.397880,6.794637,-20.077266,3936.286999,-2.719238,3890.685415,-1.579038,4014.983015,-4.625998,20.444788,-20.166745,Yahoo Finance via yfinance,-1.202064,0.619442,3.665473,6.037212,3.701508,-1.265782,1.285107,-1.265782,6.066986,-1.265782,9.562968
2022-12-29,2022-12-28,2022-12-29T00:00:00Z,37.142857,fear,1.628571,-1.400000,37.822857,51.220000,-1.130418,Wednesday,2022-12-28,0,True,Wednesday,^GSPC,3829.560059,3848.320068,3780.780029,3783.219971,3783.219971,3083520000,3829.250000,-1.202064,0.008097,-1.210063,1.763793,-1.202064,-1.004813,-5.881854,-4.406928,2.848771,-20.958144,3927.566504,-3.675215,3892.790815,-2.814712,4013.033566,-5.726680,20.773459,-21.126392,Yahoo Finance via yfinance,1.746133,0.657644,5.285179,7.595120,5.136103,0.293668,2.517432,0.293668,8.220246,0.293668,10.896009
2022-12-30,2022-12-29,2022-12-30T00:00:00Z,36.514286,fear,-0.628571,-0.485714,37.725714,49.265714,-1.113432,Thursday,2022-12-29,0,True,Thursday,^GSPC,3805.449951,3858.189941,3805.449951,3849.280029,3849.280029,3003680000,3783.219971,1.746133,0.587594,1.151771,1.394050,1.746133,-0.751846,-3.655278,-5.657447,1.539203,-19.690553,3916.025000,-1.704406,3895.376816,-1.183372,4010.967715,-4.031139,18.329654,-19.749154,Yahoo Finance via yfinance,-0.254074,1.189834,3.891898,4.377182,3.169164,-1.427538,1.478456,-1.427538,6.363006,-1.427538,8.992848
2023-01-03,2023-01-02,2023-01-03T00:00:00Z,36.600000,fear,0.085714,-2.914286,37.142857,47.688571,-1.019808,Monday,2022-12-30,3,False,Friday,^GSPC,3829.060059,3839.850098,3800.340088,3839.500000,3839.500000,2979870000,3849.280029,-0.254074,-0.525292,0.272650,1.026426,-0.254074,0.447629,-1.443881,-5.815430,1.486011,-19.654385,3904.171497,-1.656472,3898.263618,-1.507431,4008.375915,-4.213076,18.315340,-19.953051,Yahoo Finance via yfinance,-0.400055,1.369712,3.945044,6.175286,4.904546,-1.176453,2.892826,-1.176453,6.633936,-1.176453,9.270476
2023-01-04,2023-01-03,2023-01-04T00:00:00Z,39.857143,fear,3.257143,-0.085714,37.125714,46.427143,-0.644707,Tuesday,2023-01-03,0,True,Tuesday,^GSPC,3853.290039,3878.459961,3794.330078,3824.139893,3824.139893,3959140000,3839.500000,-0.400055,0.359162,-0.756500,2.191168,-0.400055,-0.537871,-0.732544,-6.080017,2.126304,-19.765100,3891.793494,-1.738366,3901.430815,-1.981092,4005.438265,-4.526305,18.307203,-20.273282,Yahoo Finance via yfinance,0.753897,2.487098,2.738399,7.715985,5.927874,-0.567970,3.306107,-0.567970,8.493683,-0.567970,9.709374
2023-01-05,2023-01-04,2023-01-05T00:00:00Z,44.171429,fear,4.314286,8.657143,38.857143,45.544286,-0.144063,Wednesday,2023-01-04,0,True,Wednesday,^GSPC,3840.360107,3873.159912,3815.770020,3852.969971,3852.969971,4414080000,3824.139893,0.753897,0.424153,0.328351,1.500727,0.753897,0.619442,0.924914,-3.647811,5.860714,-19.672225,3884.499988,-0.811688,3903.435215,-1.292842,4002.387515,-3.733210,17.794170,-19.621617,Yahoo Finance via yfinance,-1.164553,3.027279,1.190773,8.481504,6.653052,-1.311976,3.039216,-1.311976,8.888467,-1.311976,8.888467
2023-01-06,2023-01-05,2023-01-06T00:00:00Z,45.714286,neutral,1.542857,8.571429,40.571429,44.908572,0.089166,Thursday,2023-01-05,0,True,Thursday,^GSPC,3839.739990,3839.739990,3802.419922,3808.100098,3808.100098,3893450000,3852.969971,-1.164553,-0.343371,-0.824011,0.968605,-1.164553,0.657644,-0.353777,-3.378613,5.417749,-20.557666,3877.841992,-1.798472,3903.650415,-2.447717,3999.122114,-4.776599,17.560817,-19.428311,Yahoo Finance via yfinance,2.284078,4.597301,4.320002,8.623195,8.308859,0.038338,4.980434,0.038338,10.171472,0.019958,10.171472
2023-01-09,2023-01-08,2023-01-09T00:00:00Z,47.200000,neutral,1.485714,10.685714,42.708572,44.484286,0.312284,Sunday,2023-01-06,2,False,Friday,^GSPC,3823.370117,3906.189941,3809.560059,3895.080078,3895.080078,3923560000,3808.100098,2.284078,0.400988,1.875569,2.537483,2.284078,1.189834,0.429042,-0.987306,8.533119,-17.136183,3875.900000,0.494855,3904.369814,-0.237932,3996.039465,-2.526486,19.594368,-17.587991,Yahoo Finance via yfinance,-0.076763,2.670292,3.202244,5.545457,5.276400,-0.456731,2.795061,-0.456731,7.711263,-2.213561,7.711263
2023-01-10,2023-01-09,2023-01-10T00:00:00Z,49.657143,neutral,2.457143,13.057143,45.320000,44.362857,0.615543,Monday,2023-01-09,0,True,Monday,^GSPC,3910.820068,3950.570068,3890.419922,3892.090088,3892.090088,4311770000,3895.080078,-0.076763,0.404099,-0.478927,1.544260,-0.076763,1.369712,1.823472,-1.801936,8.807867,-17.119915,3872.329004,0.510315,3905.599614,-0.345901,3993.218715,-2.532509,19.368177,-17.651253,Yahoo Finance via yfinance,0.697823,2.540534,3.208041,6.986218,5.094687,-0.380260,3.167959,-0.380260,7.794009,-2.138439,7.794009
2023-01-11,2023-01-10,2023-01-11T00:00:00Z,54.228571,neutral,4.571428,14.371428,48.194286,44.214286,1.193501,Tuesday,2023-01-10,0,True,Tuesday,^GSPC,3888.570068,3919.830078,3877.290039,3919.250000,3919.250000,3851030000,3892.090088,0.697823,-0.090440,0.788977,1.092987,0.697823,2.487098,1.935850,-0.384556,6.794175,-16.202159,3871.572510,1.231476,3907.838613,0.292013,3990.214164,-1.778455,19.397025,-17.076604,Yahoo Finance via yfinance,1.284942,0.245203,2.474197,5.067548,4.739938,0.187283,2.453018,-0.860113,7.047010,-2.816608,7.047010
2023-01-12,2023-01-11,2023-01-12T00:00:00Z,56.685714,greed,2.457143,12.514285,50.697143,44.090000,1.541126,Wednesday,2023-01-11,0,True,Wednesday,^GSPC,3932.350098,3970.070068,3928.540039,3969.610107,3969.610107,4303360000,3919.250000,1.284942,0.334250,0.947525,1.059642,1.284942,3.027279,3.665473,-0.524988,10.787956,-15.002921,3870.525012,2.559991,3909.209614,1.545082,3987.346914,-0.444827,19.262398,-16.011086,Yahoo Finance via yfinance,0.341591,-1.782543,2.287878,2.818662,3.514193,-2.117842,1.153256,-2.117842,5.688968,-4.049516,5.688968
2023-01-13,2023-01-12,2023-01-13T00:00:00Z,61.314286,greed,4.628572,15.600000,53.817143,44.108571,2.094761,Thursday,2023-01-12,0,True,Thursday,^GSPC,3977.570068,3997.760010,3937.560059,3983.169922,3983.169922,4440260000,3969.610107,0.341591,0.200522,0.140786,1.516520,0.341591,4.597301,5.285179,-0.907541,8.298644,-15.486719,3868.701013,2.958846,3911.433413,1.834021,3984.385164,-0.030500,19.111295,-15.724188,Yahoo Finance via yfinance,0.399686,-0.265111,2.193985,2.693584,3.157536,-2.451060,0.808903,-2.451060,5.329173,-4.376158,5.329173
2023-01-17,2023-01-16,2023-01-17T00:00:00Z,64.142857,greed,2.828571,16.942857,57.205714,44.308572,2.290022,Monday,2023-01-13,3,False,Friday,^GSPC,3960.600098,4003.949951,3947.669922,3999.090088,3999.090088,3939700000,3983.169922,0.399686,-0.566630,0.971822,1.412946,0.399686,2.670292,3.891898,0.094361,7.503000,-15.387350,3868.889514,3.365322,3914.293213,2.166339,3981.222613,0.448794,19.048963,-14.235071,Yahoo Finance via yfinance,-0.203049,0.518117,0.467105,3.455785,2.322025,-2.839397,1.005728,-2.839397,4.909863,-4.756832,4.909863
2023-01-18,2023-01-17,2023-01-18T00:00:00Z,58.428571,greed,-5.714286,8.771428,58.960000,45.022857,1.454303,Tuesday,2023-01-17,0,True,Tuesday,^GSPC,3999.280029,4015.389893,3984.570068,3990.969971,3990.969971,4235560000,3999.090088,-0.203049,0.004750,-0.207789,0.770671,-0.203049,2.540534,3.945044,2.444201,8.005338,-14.339033,3873.650513,3.028654,3918.918813,1.838547,3978.165212,0.321876,16.639017,-14.409216,Yahoo Finance via yfinance,-1.556260,0.650969,2.145597,3.637209,3.890038,-2.641712,1.211237,-2.641712,5.123315,-4.563048,5.123315
2023-01-19,2023-01-18,2023-01-19T00:00:00Z,55.428571,greed,-3.000000,1.200000,59.200000,45.795714,1.022817,Wednesday,2023-01-18,0,True,Wednesday,^GSPC,4002.250000,4014.159912,3926.590088,3928.860107,3928.860107,4298710000,3990.969971,-1.556260,0.282639,-1.833716,2.194199,-1.556260,0.245203,2.738399,1.985796,7.176647,-15.741231,3877.475513,1.325207,3923.098218,0.146871,3975.157462,-1.164667,17.142809,-15.172726,Yahoo Finance via yfinance,-0.763835,2.223542,4.844913,5.567518,5.314010,-1.102612,2.811247,-1.102612,6.785170,-3.054321,6.785170
2023-01-20,2023-01-19,2023-01-20T00:00:00Z,58.542857,greed,3.114286,1.857143,59.571428,46.807143,1.215452,Thursday,2023-01-19,0,True,Thursday,^GSPC,3911.840088,3922.939941,3885.540039,3898.850098,3898.850098,3991500000,3928.860107,-0.763835,-0.433205,-0.332069,0.951928,-0.763835,-1.782543,1.190773,2.126700,3.893148,-14.818516,3881.535022,0.446088,3925.664219,-0.683047,3971.922413,-1.839722,17.042985,-15.820666,Yahoo Finance via yfinance,1.891840,4.144295,7.204936,4.913239,6.475492,-0.025392,4.173537,-0.025392,7.607111,-2.308116,7.607111
2023-01-23,2023-01-22,2023-01-23T00:00:00Z,63.600000,greed,5.057143,2.285714,60.028571,48.060000,1.532522,Sunday,2023-01-20,2,False,Friday,^GSPC,3909.040039,3972.959961,3897.860107,3972.610107,3972.610107,4013360000,3898.850098,1.891840,0.261358,1.626232,1.926205,1.891840,-0.265111,4.320002,3.950942,4.615600,-12.357806,3889.084521,2.147693,3928.980420,1.110458,3968.872263,0.094179,18.177390,-14.228128,Yahoo Finance via yfinance,1.188135,2.465632,4.124993,2.680353,4.587916,-0.592810,3.060956,-0.592810,5.609154,-4.121975,5.609154
2023-01-24,2023-01-23,2023-01-24T00:00:00Z,63.000000,greed,-0.600000,-1.142857,59.800000,49.360000,1.322633,Monday,2023-01-23,0,True,Monday,^GSPC,3978.139893,4039.310059,3971.639893,4019.810059,4019.810059,3945210000,3972.610107,1.188135,0.139198,1.047479,1.703418,1.188135,0.518117,3.202244,3.645025,4.164171,-10.326741,3896.153027,3.173824,3932.814419,2.212045,3966.345713,1.347950,17.926180,-13.209043,Yahoo Finance via yfinance,-0.071150,-0.050750,2.270506,-0.558981,3.351152,-1.760033,1.850831,-1.760033,4.369109,-5.247759,4.369109
2023-01-25,2023-01-24,2023-01-25T00:00:00Z,63.885714,greed,0.885714,5.457143,60.891428,50.578571,1.264237,Tuesday,2023-01-24,0,True,Tuesday,^GSPC,4001.739990,4023.919922,3989.790039,4016.949951,4016.949951,3320430000,4019.810059,-0.071150,-0.449525,0.380084,0.849042,-0.071150,0.650969,3.208041,5.090011,4.864769,-8.662919,3905.881030,2.843633,3938.182017,2.000109,3964.024713,1.335139,16.903028,-13.270795,Yahoo Finance via yfinance,-0.018172,1.484961,3.660739,-0.644765,2.809099,-1.690086,1.923350,-1.690086,4.443421,-5.180295,4.443421
2023-01-26,2023-01-25,2023-01-26T00:00:00Z,68.028571,greed,4.142857,12.600000,63.411428,51.982857,1.472207,Wednesday,2023-01-25,0,True,Wednesday,^GSPC,3982.709961,4019.550049,3949.060059,4016.219971,4016.219971,3724020000,4016.949951,-0.018172,-0.852388,0.841387,1.754814,-0.018172,2.223542,2.474197,4.457943,5.487351,-8.931934,3914.451025,2.599827,3939.379014,1.950586,3961.604763,1.378613,16.881399,-13.286556,Yahoo Finance via yfinance,1.100785,2.564351,2.530735,-0.097104,2.920658,-0.072952,3.304854,-1.171002,4.462404,-5.163060,4.462404
2023-01-27,2023-01-26,2023-01-27T00:00:00Z,69.200000,greed,1.171429,10.657143,65.542857,53.667143,1.435209,Thursday,2023-01-26,0,True,Thursday,^GSPC,4036.080078,4061.570068,4013.290039,4060.429932,4060.429932,3809590000,4016.219971,1.100785,0.494497,0.603305,1.202126,1.100785,4.144295,2.287878,6.037212,4.085297,-6.794988,3926.010022,3.423830,3940.729014,3.037532,3959.465514,2.549951,16.983549,-12.332027,Yahoo Finance via yfinance,0.249484,2.938847,0.518912,-2.226116,1.886749,-1.105299,3.325018,-2.890084,3.325018,-6.195645,3.325018
2023-01-30,2023-01-29,2023-01-30T00:00:00Z,67.457143,greed,-1.742857,3.857143,66.314286,55.182857,1.168448,Sunday,2023-01-27,2,False,Friday,^GSPC,4053.719971,4094.209961,4048.699951,4070.560059,4070.560059,3907760000,4060.429932,0.249484,-0.165252,0.415423,1.120818,0.249484,2.465632,2.193985,7.595120,5.128644,-6.422405,3940.377026,3.303822,3942.995215,3.235227,3957.755665,2.850211,16.037263,-12.113309,Yahoo Finance via yfinance,-1.296874,1.619431,0.488874,-2.169728,0.026282,-1.351411,3.067880,-3.131755,3.067880,-6.429090,3.067880
2023-01-31,2023-01-30,2023-01-31T00:00:00Z,70.342857,greed,2.885714,7.342857,67.782857,56.874286,1.339563,Monday,2023-01-30,0,True,Monday,^GSPC,4049.270020,4063.850098,4015.550049,4017.770020,4017.770020,3802000000,4070.560059,-1.296874,-0.523025,-0.777918,1.186570,-1.296874,-0.050750,0.467105,4.377182,4.192576,-7.136000,3948.801526,1.746568,3943.516016,1.882939,3955.857264,1.565091,16.214510,-13.253089,Yahoo Finance via yfinance,1.464247,2.322434,2.974785,-1.185238,0.951273,0.066453,4.422103,-1.858990,4.422103,-5.199648,4.422103
2023-02-01,2023-01-31,2023-02-01T00:00:00Z,82.171429,extreme greed,11.828572,18.285715,71.440000,59.152857,2.218312,Tuesday,2023-01-31,0,True,Tuesday,^GSPC,4020.850098,4077.159912,4020.439941,4076.600098,4076.600098,4679320000,4017.770020,1.464247,0.076661,1.386523,1.411728,1.464247,1.484961,2.145597,6.175286,8.429157,-8.015840,3960.656531,2.927383,3945.872217,3.313029,3954.007316,3.100469,16.689318,-11.982900,Yahoo Finance via yfinance,1.045230,2.143941,1.460280,-3.071437,1.441152,-0.966495,2.915170,-3.374136,2.915170,-6.567728,2.915170
2023-02-02,2023-02-01,2023-02-02T00:00:00Z,75.200000,extreme greed,-6.971429,7.171429,72.874286,60.920000,1.439971,Wednesday,2023-02-01,0,True,Wednesday,^GSPC,4070.070068,4148.950195,4037.199951,4119.209961,4119.209961,4856930000,4076.600098,1.045230,-0.160183,1.207348,2.741261,1.045230,2.564351,4.844913,7.715985,10.734728,-8.777222,3975.410034,3.617235,3949.325215,4.301615,3952.640416,4.214134,16.667671,-11.062918,Yahoo Finance via yfinance,1.469937,-0.032776,0.689213,-3.346755,1.220380,-0.748203,1.850597,-4.638026,1.850597,-7.534208,1.850597
2023-02-03,2023-02-02,2023-02-03T00:00:00Z,76.142857,extreme greed,0.942857,6.942857,74.262857,62.518571,1.412113,Thursday,2023-02-02,0,True,Thursday,^GSPC,4158.680176,4195.439941,4141.879883,4179.759766,4179.759766,5624360000,4119.209961,1.469937,0.958199,0.506882,1.300251,1.469937,2.938847,7.204936,8.481504,10.852786,-8.067239,3991.749524,4.709971,3953.613608,5.719986,3951.580765,5.774373,17.071019,-9.755599,Yahoo Finance via yfinance,-1.035461,-2.350847,-2.137679,-3.208794,-0.284458,-2.633880,0.062207,-6.019481,0.062207,-8.873708,0.171305
2023-02-06,2023-02-05,2023-02-06T00:00:00Z,75.914286,extreme greed,-0.228571,8.457143,75.954286,64.028571,1.287152,Sunday,2023-02-03,2,False,Friday,^GSPC,4136.689941,4182.359863,4123.359863,4136.479980,4136.479980,4694510000,4179.759766,-1.035461,-1.030438,-0.005076,1.411564,-1.035461,1.619431,4.124993,8.623195,8.660290,-9.868434,4008.168518,3.201249,3957.344409,4.526661,3949.952115,4.722282,16.918226,-10.690045,Yahoo Finance via yfinance,-0.614046,-1.112541,-1.387409,-2.128865,-0.408558,-1.829815,0.968458,-5.036168,0.968458,-7.920258,1.219393
2023-02-07,2023-02-06,2023-02-07T00:00:00Z,76.342857,extreme greed,0.428571,6.000000,77.154286,65.485714,1.244501,Monday,2023-02-06,0,True,Monday,^GSPC,4119.569824,4124.629883,4093.379883,4111.080078,4111.080078,4114240000,4136.479980,-0.614046,-0.408805,-0.206083,0.755473,-0.614046,2.322434,2.270506,5.545457,7.391897,-8.182351,4018.968518,2.291920,3959.494409,3.828410,3948.210265,4.125156,15.771394,-11.238449,Yahoo Finance via yfinance,1.287251,0.637544,-2.766669,-3.033508,-0.494519,-1.223280,1.592281,-4.449443,1.592281,-7.351352,1.844767
2023-02-08,2023-02-07,2023-02-08T00:00:00Z,74.628571,greed,-1.714286,-7.542858,75.645714,66.734286,0.974070,Tuesday,2023-02-07,0,True,Tuesday,^GSPC,4105.350098,4176.540039,4088.389893,4164.000000,4164.000000,4355860000,4111.080078,1.287251,-0.139379,1.428621,2.144209,1.287251,2.143941,3.660739,6.986218,11.082357,-7.477559,4032.564014,3.259365,3962.229209,5.092355,3947.061964,5.496190,16.107622,-10.095865,Yahoo Finance via yfinance,-1.108072,-0.669311,-4.153457,-4.130403,-2.468300,-2.478625,-0.101585,-5.663787,-0.101585,-8.528816,0.550430
2023-02-09,2023-02-08,2023-02-09T00:00:00Z,72.628571,greed,-2.000000,-2.571429,75.131428,67.654286,0.650980,Wednesday,2023-02-08,0,True,Wednesday,^GSPC,4153.470215,4156.850098,4111.669922,4117.859863,4117.859863,4029820000,4164.000000,-1.108072,-0.252877,-0.857364,1.085019,-1.108072,-0.032776,2.530735,5.067548,4.081765,-8.162820,4042.494507,1.864328,3964.064004,3.879752,3946.292364,4.347562,16.839092,-11.092068,Yahoo Finance via yfinance,-0.882980,0.722226,-2.562977,-4.845716,0.446595,-1.385910,1.017765,-5.079335,1.017765,-7.503892,1.677086
2023-02-10,2023-02-09,2023-02-10T00:00:00Z,72.485714,greed,-0.142857,-3.657143,74.400000,68.444286,0.557092,Thursday,2023-02-09,0,True,Thursday,^GSPC,4144.250000,4156.229980,4069.669922,4081.500000,4081.500000,4270200000,4117.859863,-0.882980,0.640870,-1.514146,2.102064,-0.882980,-2.350847,0.518912,2.818662,2.218172,-9.732083,4048.089002,0.825352,3966.415205,2.901481,3945.219264,3.454326,16.835046,-11.877107,Yahoo Finance via yfinance,0.219526,0.218300,-2.730858,-5.387968,1.387238,-0.507411,1.917678,-5.762096,1.917678,-6.679894,2.582872
2023-02-13,2023-02-12,2023-02-13T00:00:00Z,71.828571,greed,-0.657143,-4.085715,73.582857,68.970000,0.403200,Sunday,2023-02-10,2,False,Friday,^GSPC,4068.919922,4094.360107,4060.790039,4090.459961,4090.459961,3891520000,4081.500000,0.219526,-0.308222,0.529380,0.822493,0.219526,-1.112541,0.488874,2.693584,3.366226,-10.828444,4053.453503,0.912961,3969.071807,3.058351,3944.795563,3.692572,16.821655,-11.683654,Yahoo Finance via yfinance,1.144861,-0.277961,-2.645668,-5.737740,0.701876,-1.039248,1.694432,-6.884308,1.694432,-6.884308,2.358169
2023-02-14,2023-02-13,2023-02-14T00:00:00Z,73.257143,greed,1.428572,-3.085714,72.965714,69.425714,0.543007,Monday,2023-02-13,0,True,Monday,^GSPC,4096.620117,4138.899902,4092.669922,4137.290039,4137.290039,3448620000,4090.459961,1.144861,0.150598,0.992768,1.130190,1.144861,0.637544,2.974785,3.455785,3.646541,-8.143506,4060.363501,1.894573,3970.215405,4.208201,3944.562213,4.885912,17.179383,-10.672555,Yahoo Finance via yfinance,-0.028041,-3.382648,-4.039846,-5.269150,0.008462,-3.434618,0.543350,-7.938286,0.543350,-7.938286,1.199575
2023-02-15,2023-02-14,2023-02-15T00:00:00Z,73.657143,greed,0.400000,-0.971428,72.771428,70.187143,0.524594,Tuesday,2023-02-14,0,True,Tuesday,^GSPC,4126.700195,4159.770020,4095.010010,4136.129883,4136.129883,3929200000,4137.290039,-0.028041,-0.255961,0.228504,1.565276,-0.028041,-0.669311,1.460280,3.637209,4.479648,-6.393602,4067.621497,1.684237,3971.406602,4.147731,3943.805363,4.876623,17.139412,-10.697604,Yahoo Finance via yfinance,0.277318,-3.507623,-4.466494,-5.904069,-0.133211,-3.849734,0.289642,-7.912464,0.289642,-7.912464,1.227960
2023-02-16,2023-02-15,2023-02-16T00:00:00Z,70.714286,greed,-2.942857,-1.914285,72.388571,70.951428,-0.042126,Wednesday,2023-02-15,0,True,Wednesday,^GSPC,4119.500000,4148.109863,4103.979980,4147.600098,4147.600098,4075980000,4136.129883,0.277318,-0.402064,0.682124,1.066937,0.277318,0.722226,0.689213,5.567518,5.094058,-5.772124,4078.558496,1.692794,3972.924605,4.396648,3943.883712,5.165375,15.857563,-10.449952,Yahoo Finance via yfinance,-1.378874,-3.261646,-4.008342,-4.516348,-0.567075,-4.301527,-0.266662,-8.167132,-0.266662,-8.167132,0.948014
2023-02-17,2023-02-16,2023-02-17T00:00:00Z,69.485714,greed,-1.228572,-3.000000,71.788571,71.498571,-0.416255,Thursday,2023-02-16,0,True,Thursday,^GSPC,4114.750000,4136.540039,4089.489990,4090.409912,4090.409912,4143660000,4147.600098,-1.378874,-0.792027,-0.591533,1.134392,-1.378874,0.218300,-2.137679,4.913239,3.154076,-8.513844,4088.136487,0.055610,3974.756001,2.909711,3943.558862,3.723820,16.528555,-11.684735,Yahoo Finance via yfinance,-0.276741,-2.942734,-1.094512,-4.248230,1.121400,-3.601835,-0.217580,-6.883168,-0.217580,-6.883168,2.359421
2023-02-21,2023-02-20,2023-02-21T00:00:00Z,65.914286,greed,-3.571428,-5.914285,70.605714,71.614286,-1.222856,Monday,2023-02-17,3,False,Friday,^GSPC,4077.389893,4081.510010,4047.949951,4079.090088,4079.090088,4045480000,4090.409912,-0.276741,-0.318306,0.041698,0.820457,-0.276741,-0.277961,-1.387409,2.680353,3.269674,-8.847348,4093.460486,-0.351057,3977.512603,2.553794,3943.076913,3.449417,15.418441,-11.929139,Yahoo Finance via yfinance,-2.004123,-2.374306,-0.751887,-3.126188,0.755311,-3.334322,-0.655538,-6.624761,-0.014712,-6.624761,2.643478
2023-02-22,2023-02-21,2023-02-22T00:00:00Z,64.171429,greed,-1.742857,-9.085714,68.788572,71.672857,-1.647438,Tuesday,2023-02-21,0,True,Tuesday,^GSPC,4052.350098,4052.350098,3995.189941,3997.340088,3997.340088,4121590000,4079.090088,-2.004123,-0.655538,-1.357484,1.401297,-2.004123,-3.382648,-2.766669,-0.558981,-0.155860,-8.741940,4092.336987,-2.321336,3978.781006,0.466451,3941.562764,1.415107,16.646456,-13.694188,Yahoo Finance via yfinance,-0.157356,-0.680207,-0.274432,0.138343,4.038434,-1.357403,0.774514,-4.715135,2.030098,-4.715135,4.742650
2023-02-23,2023-02-22,2023-02-23T00:00:00Z,62.657143,greed,-1.514286,-11.000000,66.588572,71.611429,-1.917099,Wednesday,2023-02-22,0,True,Wednesday,^GSPC,4001.830078,4017.370117,3976.899902,3991.050049,3991.050049,4079320000,3997.340088,-0.157356,0.112324,-0.269377,1.012429,-0.157356,-3.507623,-4.153457,-0.644765,-0.899122,-8.227886,4091.041992,-2.444168,3979.331807,0.294478,3940.783663,1.275543,16.652589,-13.829995,Yahoo Finance via yfinance,0.532943,-0.993727,0.024053,-1.355034,5.186599,-1.302915,0.933338,-4.564963,2.190901,-4.564963,5.290591
2023-02-24,2023-02-23,2023-02-24T00:00:00Z,60.657143,greed,-2.000000,-10.057143,64.577143,71.242857,-2.025520,Thursday,2023-02-23,0,True,Thursday,^GSPC,4018.600098,4028.300049,3969.189941,4012.320068,4012.320068,3952940000,3991.050049,0.532943,0.690296,-0.156274,1.481067,0.532943,-3.261646,-2.562977,-0.097104,-0.342763,-6.793403,4090.846997,-1.919576,3980.890610,0.789508,3940.228564,1.829627,16.770995,-13.370758,Yahoo Finance via yfinance,-1.053755,-0.771872,-2.342784,-1.585120,4.477706,-2.097543,0.142810,-5.070881,1.649169,-5.070881,4.999354
2023-02-27,2023-02-26,2023-02-27T00:00:00Z,61.228571,greed,0.571428,-8.257143,62.925714,70.844286,-1.694436,Sunday,2023-02-24,2,False,Friday,^GSPC,3973.239990,3978.250000,3943.080078,3970.040039,3970.040039,3877700000,4012.320068,-1.053755,-0.974002,-0.080538,0.876548,-1.053755,-2.942734,-2.730858,-2.226116,0.153890,-6.045674,4086.327502,-2.845770,3980.480210,-0.262284,3940.122565,0.759303,16.639402,-14.283618,Yahoo Finance via yfinance,0.307300,1.904259,-2.731709,0.023928,5.606741,-1.054904,1.971013,-4.059907,2.731709,-4.059907,6.117573
2023-02-28,2023-02-27,2023-02-28T00:00:00Z,61.200000,greed,-0.028571,-4.714286,61.982857,70.531429,-1.546824,Monday,2023-02-27,0,True,Monday,^GSPC,3992.360107,4018.050049,3973.550049,3982.239990,3982.239990,3836950000,3970.040039,0.307300,0.562213,-0.253487,1.120895,0.307300,-2.374306,-2.645668,-2.169728,0.621840,-7.145760,4081.911499,-2.441785,3979.732012,0.063019,3940.028514,1.071349,16.657099,-14.020211,Yahoo Finance via yfinance,-0.303600,1.661877,-3.176101,-0.118274,4.101714,-1.358032,2.416981,-4.353828,2.416981,-4.353828,5.792473
2023-03-01,2023-02-28,2023-03-01T00:00:00Z,65.914286,greed,4.714286,1.742857,62.331429,70.310000,-0.718188,Tuesday,2023-02-28,0,True,Tuesday,^GSPC,3977.189941,3997.500000,3968.979980,3970.149902,3970.149902,5043400000,3982.239990,-0.303600,-0.126814,-0.177010,0.716180,-0.303600,-0.680207,-4.039846,-1.185238,-2.695030,-9.453434,4079.530493,-2.681205,3979.228608,-0.228152,3940.203364,0.760025,16.077017,-14.281246,Yahoo Finance via yfinance,-0.472526,0.408554,-1.281056,0.028213,3.654530,-1.057642,2.728866,-4.062562,2.728866,-4.062562,6.114637
2023-03-02,2023-03-01,2023-03-02T00:00:00Z,52.457143,neutral,-13.457143,-10.200000,60.291429,68.824286,-2.453324,Wednesday,2023-03-01,0,True,Wednesday,^GSPC,3963.340088,3971.729980,3939.050049,3951.389893,3951.389893,4249480000,3970.149902,-0.472526,-0.171525,-0.301518,0.823141,-0.472526,-0.993727,-4.466494,-3.071437,-3.070723,-9.660628,4073.269983,-2.992193,3980.341406,-0.727363,3940.309913,0.281196,15.089615,-14.686290,Yahoo Finance via yfinance,0.758219,1.027996,-1.504786,1.934007,5.058724,-0.587894,3.216592,-3.607080,3.216592,-3.607080,6.618437
2023-03-03,2023-03-02,2023-03-03T00:00:00Z,55.685714,greed,3.228571,-4.971429,59.297143,67.848571,-1.712373,Thursday,2023-03-02,0,True,Thursday,^GSPC,3938.679932,3990.840088,3928.159912,3981.350098,3981.350098,4244900000,3951.389893,0.758219,-0.321658,1.083362,1.586282,0.758219,-0.771872,-4.008342,-3.346755,-2.218971,-7.545055,4066.376990,-2.090974,3982.921206,-0.039446,3940.097214,1.047002,14.819677,-14.039425,Yahoo Finance via yfinance,1.614774,-1.583132,-0.529219,1.745136,5.628746,-1.824762,2.439873,-4.332450,2.439873,-4.332450,5.816119
2023-03-06,2023-03-05,2023-03-06T00:00:00Z,55.257143,greed,-0.428571,-5.971428,58.102857,66.804286,-1.570971,Sunday,2023-03-03,2,False,Friday,^GSPC,3998.020020,4048.290039,3995.169922,4045.639893,4045.639893,4084730000,3981.350098,1.614774,0.418700,1.191086,1.334224,1.614774,1.904259,-1.094512,-3.208794,1.170334,-7.771504,4059.670996,-0.345622,3987.480806,1.458542,3940.285364,2.673779,15.039017,-12.651356,Yahoo Finance via yfinance,0.068717,-4.549337,-3.188618,1.573797,3.951912,-4.926781,0.811988,-5.852715,1.609390,-5.852715,4.584200
2023-03-07,2023-03-06,2023-03-07T00:00:00Z,48.514286,neutral,-6.742857,-12.685714,55.565714,65.434286,-2.094000,Monday,2023-03-06,0,True,Monday,^GSPC,4055.149902,4078.489990,4044.610107,4048.419922,4048.419922,4000870000,4045.639893,0.068717,0.235068,-0.165961,0.837442,0.068717,1.661877,-0.751887,-2.128865,2.718925,-7.220603,4055.267993,-0.168869,3992.016802,1.412898,3940.083213,2.749605,14.691938,-12.591333,Yahoo Finance via yfinance,-1.532692,-4.758892,-2.392288,1.879495,3.245962,-5.917366,0.039029,-5.917366,1.957313,-5.917366,4.512382
2023-03-08,2023-03-07,2023-03-08T00:00:00Z,49.828571,neutral,1.314285,-16.085715,52.348571,64.108571,-1.706849,Tuesday,2023-03-07,0,True,Tuesday,^GSPC,4048.260010,4050.000000,3980.310059,3986.370117,3986.370117,3922500000,4048.419922,-1.532692,-0.003950,-1.528802,1.721411,-1.532692,0.408554,-0.274432,-3.033508,1.333281,-7.911995,4049.032495,-1.547589,3994.175405,-0.195417,3940.396664,1.166721,15.457309,-13.931038,Yahoo Finance via yfinance,0.141479,-1.682736,0.413910,2.865514,5.886305,-4.452923,0.788686,-4.452923,3.681539,-4.452923,6.172534
2023-03-09,2023-03-08,2023-03-09T00:00:00Z,37.542857,fear,-12.285714,-14.914286,49.365714,62.254286,-2.500127,Wednesday,2023-03-08,0,True,Wednesday,^GSPC,3987.550049,4000.409912,3969.760010,3992.010010,3992.010010,3535570000,3986.370117,0.141479,0.029599,0.111847,0.768867,0.141479,1.027996,0.024053,-4.130403,0.719060,-4.976800,4040.432996,-1.198460,3997.567808,-0.139029,3940.852764,1.298126,14.553541,-13.809268,Yahoo Finance via yfinance,-1.845936,-2.507010,-1.378755,2.464169,7.273532,-4.587912,0.646292,-4.587912,3.535058,-4.587912,7.481442
2023-03-10,2023-03-09,2023-03-10T00:00:00Z,26.885714,fear,-10.657143,-28.800000,43.605714,59.967143,-2.680062,Thursday,2023-03-09,0,True,Thursday,^GSPC,3998.659912,4017.810059,3908.699951,3918.320068,3918.320068,4445260000,3992.010010,-1.845936,0.166580,-2.009169,2.733212,-1.845936,-1.583132,-2.342784,-4.845716,-0.408192,-6.051265,4030.456006,-2.782215,3999.037808,-2.018429,3940.937563,-0.573912,15.372321,-15.400294,Yahoo Finance via yfinance,-1.447814,1.070866,0.775840,4.764796,9.071999,-2.793543,1.177543,-2.793543,5.482192,-2.793543,9.722527
2023-03-13,2023-03-12,2023-03-13T00:00:00Z,23.357143,extreme fear,-3.528571,-31.900000,37.225714,57.510714,-2.366392,Sunday,2023-03-10,2,False,Friday,^GSPC,3912.770020,3934.050049,3846.320068,3861.590088,3861.590088,5518190000,3918.320068,-1.447814,-0.141644,-1.308023,2.238969,-1.447814,-4.549337,-2.731709,-5.387968,-3.231876,-9.731217,4019.460510,-3.927652,3999.684609,-3.452635,3940.376764,-1.999471,15.808489,-16.625140,Yahoo Finance via yfinance,-0.150976,1.425574,2.833027,6.409789,10.934874,-1.365499,2.663925,-1.365499,7.031813,-1.365499,11.334442
2023-03-14,2023-03-13,2023-03-14T00:00:00Z,25.085714,fear,1.728571,-23.428572,32.540000,55.173571,-1.914052,Monday,2023-03-13,0,True,Monday,^GSPC,3835.120117,3905.050049,3808.860107,3855.760010,3855.760010,6558020000,3861.590088,-0.150976,-0.685468,0.538181,2.490941,-0.150976,-4.758892,-3.176101,-5.737740,-4.077218,-9.479003,4007.725513,-3.791814,4001.135410,-3.633354,3939.948164,-2.136783,15.710156,-16.751016,Yahoo Finance via yfinance,1.647666,2.484855,3.158133,6.566278,10.679088,-0.454386,2.819158,-0.454386,7.193650,-0.454386,11.502785
2023-03-15,2023-03-14,2023-03-15T00:00:00Z,22.685714,extreme fear,-2.400000,-27.142857,27.111428,52.645000,-1.794548,Tuesday,2023-03-14,0,True,Tuesday,^GSPC,3894.010010,3937.290039,3873.629883,3919.290039,3919.290039,5665870000,3855.760010,1.647666,0.992022,0.649203,1.651040,1.647666,-1.682736,-1.281056,-5.269150,-1.902977,-6.779234,3996.825513,-1.939926,4002.535610,-2.079821,3939.650964,-0.516821,16.405381,-15.379351,Yahoo Finance via yfinance,-0.698088,2.132531,1.326260,4.405387,9.558878,-2.067978,2.290977,-2.067978,5.487731,-2.067978,9.695372
2023-03-16,2023-03-15,2023-03-16T00:00:00Z,32.571429,fear,9.885715,-4.971428,26.117143,50.590714,-1.092101,Wednesday,2023-03-15,0,True,Wednesday,^GSPC,3876.739990,3894.260010,3838.239990,3891.929932,3891.929932,6594010000,3919.290039,-0.698088,-1.085657,0.391823,1.429341,-0.698088,-2.507010,-1.504786,-5.904069,-0.098057,-6.737899,3984.615515,-2.326086,4003.584209,-2.788858,3938.821414,-1.190495,16.449262,-15.970078,Yahoo Finance via yfinance,1.756201,1.157267,3.491330,6.533784,10.455736,-0.714808,3.791437,-0.714808,6.637577,-0.714808,11.066237
2023-03-17,2023-03-16,2023-03-17T00:00:00Z,27.000000,fear,-5.571429,0.114286,26.140000,48.405000,-1.290332,Thursday,2023-03-16,0,True,Thursday,^GSPC,3878.929932,3964.459961,3864.110107,3960.280029,3960.280029,5695790000,3891.929932,1.756201,-0.334025,2.097230,2.578409,1.756201,1.070866,-0.529219,-4.516348,2.801398,-7.089119,3975.249512,-0.376567,4006.307012,-1.148863,3937.831613,0.570071,17.909007,-14.494344,Yahoo Finance via yfinance,-1.101946,-0.291900,2.286456,4.478474,9.561196,-1.490046,2.000110,-1.490046,5.123625,-1.490046,9.591490
2023-03-20,2023-03-19,2023-03-20T00:00:00Z,30.428571,fear,3.428571,7.071428,27.554286,46.452143,-0.984708,Sunday,2023-03-17,2,False,Friday,^GSPC,3958.689941,3958.909912,3901.270020,3916.639893,3916.639893,9354280000,3960.280029,-1.101946,-0.040151,-1.062221,1.455450,-1.101946,1.425574,-3.188618,-4.248230,2.592687,-10.124694,3966.561011,-1.258549,4007.580410,-2.269213,3936.754062,-0.510933,17.698045,-15.436570,Yahoo Finance via yfinance,0.891840,1.387672,4.919272,5.991869,11.549948,-0.190980,3.136620,-0.190980,6.294938,-0.190980,11.712341
2023-03-21,2023-03-20,2023-03-21T00:00:00Z,43.485714,fear,13.057143,18.400000,31.234286,45.330714,-0.118115,Monday,2023-03-20,0,True,Monday,^GSPC,3917.469971,3956.620117,3916.889893,3951.570068,3951.570068,5347140000,3916.639893,0.891840,0.021194,0.870462,1.014396,0.891840,2.484855,-2.392288,-3.126188,3.400389,-10.429154,3960.185010,-0.217539,4010.449810,-1.468158,3936.005763,0.395434,18.121440,-14.682400,Yahoo Finance via yfinance,1.298219,0.656953,4.376481,5.144792,10.654493,-1.073248,2.224936,-1.073248,5.514515,-1.073248,11.141135
2023-03-22,2023-03-21,2023-03-22T00:00:00Z,41.028571,fear,-2.457143,18.342857,34.902857,44.173571,-0.209724,Tuesday,2023-03-21,0,True,Tuesday,^GSPC,3975.889893,4009.080078,3971.189941,4002.870117,4002.870117,4920240000,3951.570068,1.298219,0.615447,0.678596,0.958863,1.298219,2.132531,0.413910,0.138343,3.208253,-10.312292,3960.461511,1.070800,4012.605610,-0.242623,3935.136014,1.721265,17.423941,-13.574790,Yahoo Finance via yfinance,-1.646322,-0.789436,2.441498,3.788529,10.566661,-2.341075,0.914840,-2.341075,4.162260,-2.341075,10.900431
2023-03-23,2023-03-22,2023-03-23T00:00:00Z,38.342857,fear,-2.685714,5.771428,36.057143,42.957857,-0.320665,Wednesday,2023-03-22,0,True,Wednesday,^GSPC,4002.040039,4039.489990,3936.169922,3936.969971,3936.969971,4533010000,4002.870117,-1.646322,-0.020737,-1.625922,2.581150,-1.646322,1.157267,-1.378755,-1.355034,2.997603,-11.750483,3957.757507,-0.525235,4013.503208,-1.906894,3934.278164,0.068419,18.391363,-14.997627,Yahoo Finance via yfinance,0.298453,2.307360,3.896649,4.897677,12.004660,-0.706382,2.377974,-0.706382,5.905811,-0.706382,12.992231
2023-03-24,2023-03-23,2023-03-24T00:00:00Z,37.714286,fear,-0.628571,10.714286,38.200000,41.810714,-0.296637,Thursday,2023-03-23,0,True,Thursday,^GSPC,3959.209961,4007.659912,3919.050049,3948.719971,3948.719971,4991600000,3936.969971,0.298453,0.564901,-0.264952,2.250712,0.298453,-0.291900,0.775840,-1.585120,2.702335,-12.476475,3954.577503,-0.148120,4014.092607,-1.628578,3933.414613,0.389111,18.309439,-14.743935,Yahoo Finance via yfinance,0.563981,2.585904,3.958246,4.679999,11.142598,-1.001845,2.763684,-1.001845,5.590673,-1.001845,12.656006
2023-03-27,2023-03-26,2023-03-27T00:00:00Z,40.200000,fear,2.485714,9.771429,40.154286,40.759286,-0.042917,Sunday,2023-03-24,2,False,Friday,^GSPC,3939.209961,3972.739990,3909.159912,3970.989990,3970.989990,4583970000,3948.719971,0.563981,-0.240838,0.806761,1.610144,0.563981,1.387672,2.833027,0.023928,3.701508,-10.889230,3954.625000,0.413819,4014.120205,-1.074462,3932.466162,0.979635,18.059542,-14.263108,Yahoo Finance via yfinance,0.164695,3.483264,3.478223,4.181578,9.939586,-0.490053,3.519526,-0.490053,4.998501,-0.490053,12.024211
2023-03-28,2023-03-27,2023-03-28T00:00:00Z,39.600000,fear,-0.600000,-3.885714,39.377143,39.679286,-0.006546,Monday,2023-03-27,0,True,Monday,^GSPC,3982.929932,4003.830078,3970.489990,3977.530029,3977.530029,4233540000,3970.989990,0.164695,0.300679,-0.135576,0.839591,0.164695,0.656953,3.158133,-0.118274,5.136103,-12.004666,3954.389502,0.585186,4014.007407,-0.908752,3931.774962,1.163725,18.035205,-14.121903,Yahoo Finance via yfinance,-0.157384,3.695251,3.303807,2.365786,10.166111,-0.653672,3.774456,-0.653672,4.825858,-0.653672,11.840016
2023-03-29,2023-03-28,2023-03-29T00:00:00Z,41.457143,fear,1.857143,0.428572,39.462857,38.456429,0.287349,Tuesday,2023-03-28,0,True,Tuesday,^GSPC,3974.129883,3979.199951,3951.530029,3971.270020,3971.270020,4014600000,3977.530029,-0.157384,-0.085484,-0.071962,0.695656,-0.157384,-0.789436,1.326260,0.028213,3.169164,-12.586011,3954.445508,0.425458,4013.451006,-1.050990,3931.542212,1.010489,18.009987,-14.257062,Yahoo Finance via yfinance,1.423727,3.256643,3.038825,2.133322,9.494697,0.711611,4.075771,0.711611,4.991098,0.711611,12.016312
2023-03-30,2023-03-29,2023-03-30T00:00:00Z,45.228571,neutral,3.771428,6.885714,40.840000,38.095000,0.709780,Wednesday,2023-03-29,0,True,Wednesday,^GSPC,3999.530029,4030.590088,3999.530029,4027.810059,4027.810059,4145250000,3971.270020,1.423727,0.711611,0.707084,0.782119,1.423727,2.307360,3.491330,1.934007,4.904546,-11.970442,3958.266516,1.756919,4014.187808,0.339353,3932.176962,2.432065,18.588152,-13.036316,Yahoo Finance via yfinance,0.571527,1.553445,2.939815,2.669938,7.473286,0.106510,2.614816,0.106510,3.517294,0.106510,10.443893
2023-03-31,2023-03-30,2023-03-31T00:00:00Z,49.485714,neutral,4.257143,11.771428,43.194286,37.785000,1.223532,Thursday,2023-03-30,0,True,Thursday,^GSPC,4046.739990,4057.850098,4032.100098,4050.830078,4050.830078,3930860000,4027.810059,0.571527,0.469981,0.101071,0.639305,0.571527,2.585904,2.286456,1.745136,5.927874,-12.539295,3961.740515,2.248748,4016.627207,0.851532,3933.682963,2.978052,18.512441,-11.985358,Yahoo Finance via yfinance,1.443654,1.337749,2.143019,2.929027,8.086740,0.132068,2.031678,-0.036535,2.943347,-0.062951,9.816263
2023-04-03,2023-04-02,2023-04-03T00:00:00Z,61.485714,greed,12.000000,21.285714,47.451428,38.096428,2.284221,Sunday,2023-03-31,2,False,Friday,^GSPC,4056.179932,4110.750000,4056.179932,4109.310059,4109.310059,4525120000,4050.830078,1.443654,0.132068,1.309856,1.347133,1.443654,3.483264,4.919272,1.573797,6.653052,-10.714731,3964.924024,3.641584,4020.836406,2.200379,3935.552113,4.415084,18.334990,-10.328764,Yahoo Finance via yfinance,0.369885,-0.004872,1.022307,1.425058,6.510821,-0.960501,0.579655,-1.459125,1.888635,-1.485165,8.253457
2023-04-04,2023-04-03,2023-04-04T00:00:00Z,50.228571,neutral,-11.257143,10.628571,49.577143,38.182143,1.165257,Monday,2023-04-03,0,True,Monday,^GSPC,4102.200195,4127.660156,4098.790039,4124.509766,4124.509766,4234700000,4109.310059,0.369885,-0.173018,0.543844,0.702554,0.369885,3.695251,4.376481,1.879495,8.308859,-8.959462,3968.728516,3.925218,4023.874399,2.500957,3937.224712,4.756778,18.362707,-9.997084,Yahoo Finance via yfinance,-0.579697,-0.377495,0.736096,-0.119522,6.593030,-1.325483,0.208997,-1.822269,1.513153,-1.848213,7.854520
2023-04-05,2023-04-04,2023-04-05T00:00:00Z,52.628571,neutral,2.400000,11.171428,51.811428,38.322143,1.359752,Tuesday,2023-04-04,0,True,Tuesday,^GSPC,4128.029785,4133.129883,4086.870117,4100.600098,4100.600098,4227800000,4124.509766,-0.579697,0.085344,-0.664474,1.121582,-0.579697,3.256643,2.441498,2.865514,5.276400,-9.794841,3974.440015,3.174286,4025.490200,1.865857,3939.393862,4.092158,17.532005,-10.518828,Yahoo Finance via yfinance,-0.249237,-0.210948,1.314928,-0.240211,8.529966,-0.750134,0.823538,-1.249817,2.105053,-1.275912,8.727500
2023-04-06,2023-04-05,2023-04-06T00:00:00Z,55.257143,greed,2.628572,10.028572,53.817143,39.207857,1.435862,Wednesday,2023-04-05,0,True,Wednesday,^GSPC,4094.500000,4099.689941,4072.560059,4090.379883,4090.379883,3968020000,4100.600098,-0.249237,-0.148761,-0.100626,0.661608,-0.249237,1.553445,3.896649,2.464169,5.094687,-10.741848,3979.358508,2.789931,4026.958799,1.574913,3941.471561,3.777988,17.588450,-9.607264,Yahoo Finance via yfinance,0.357916,1.365162,0.963484,-0.712890,8.928510,-0.502149,1.463920,-1.029241,2.360173,-1.029241,8.999167
2023-04-10,2023-04-09,2023-04-10T00:00:00Z,57.914286,greed,2.657143,8.428572,55.502857,40.759286,1.488490,Sunday,2023-04-06,3,False,Thursday,^GSPC,4081.149902,4107.319824,4069.840088,4105.020020,4105.020020,3486690000,4090.379883,0.357916,-0.225651,0.584887,0.916290,0.357916,1.337749,3.958246,4.764796,4.739938,-9.283734,3988.693506,2.916406,4028.734800,1.893528,3943.172711,4.104495,15.974259,-8.781589,Yahoo Finance via yfinance,0.099630,0.794640,0.694272,0.760775,8.326386,-0.790982,1.417044,-1.382210,1.995116,-1.382210,8.610432
2023-04-11,2023-04-10,2023-04-11T00:00:00Z,58.485714,greed,0.571428,-3.000000,54.902857,42.515714,1.399692,Monday,2023-04-10,0,True,Monday,^GSPC,4085.199951,4109.500000,4072.550049,4109.109863,4109.109863,3423650000,4105.020020,0.099630,-0.482825,0.585281,0.900116,0.099630,-0.004872,3.478223,6.409789,3.514193,-8.302334,4001.069495,2.700287,4029.708399,1.970402,3944.918811,4.162090,14.702280,-8.690708,Yahoo Finance via yfinance,-0.004135,1.027229,0.679714,0.705999,7.361205,-0.539531,1.316102,-1.480365,1.893599,-1.480365,8.502331
2023-04-12,2023-04-11,2023-04-12T00:00:00Z,60.742857,greed,2.257143,10.514286,57.005714,44.298571,1.451612,Tuesday,2023-04-11,0,True,Tuesday,^GSPC,4110.290039,4124.259766,4102.609863,4108.939941,4108.939941,3665830000,4109.109863,-0.004135,0.028721,-0.032847,0.526876,-0.004135,-0.377495,3.303807,6.566278,3.157536,-8.694484,4013.728491,2.372145,4030.475996,1.946766,3946.484861,4.116450,14.649674,-8.451787,Yahoo Finance via yfinance,-0.413488,1.117811,-0.908021,0.248969,7.058031,-0.535418,1.473374,-1.476291,1.897813,-1.476291,8.506818
2023-04-13,2023-04-12,2023-04-13T00:00:00Z,63.171429,greed,2.428572,10.542858,59.114286,46.322857,1.549866,Wednesday,2023-04-12,0,True,Wednesday,^GSPC,4121.720215,4134.370117,4086.939941,4091.949951,4091.949951,3633120000,4108.939941,-0.413488,0.311036,-0.722278,1.154317,-0.413488,-0.210948,3.038825,4.405387,2.322025,-8.830328,4022.361487,1.730040,4031.959595,1.487871,3947.385911,3.662273,13.988947,-8.297682,Yahoo Finance via yfinance,1.326269,1.529102,-0.878798,1.116587,7.761088,0.182064,1.894696,-1.067215,2.320898,-1.067215,8.957344
2023-04-14,2023-04-13,2023-04-14T00:00:00Z,65.714286,greed,2.542857,10.457143,61.205714,47.980000,1.585404,Thursday,2023-04-13,0,True,Thursday,^GSPC,4100.040039,4150.259766,4099.399902,4146.220215,4146.220215,3596590000,4091.949951,1.326269,0.197707,1.126335,1.242925,1.326269,1.365162,2.939815,6.533784,3.890038,-6.035304,4035.076001,2.754452,4033.351997,2.798373,3948.616461,5.004380,14.073162,-7.081463,Yahoo Finance via yfinance,-0.206937,-0.396269,-0.262169,-0.376249,7.067631,-0.796388,0.560987,-2.362156,0.981610,-2.362156,7.531191
2023-04-17,2023-04-16,2023-04-17T00:00:00Z,67.085714,greed,1.371428,9.171428,63.040000,49.984286,1.581413,Sunday,2023-04-14,2,False,Friday,^GSPC,4140.109863,4163.189941,4113.200195,4137.640137,4137.640137,3575690000,4146.220215,-0.206937,-0.147372,-0.059654,1.205670,-0.206937,0.794640,2.143019,4.478474,5.314010,-5.908198,4043.944006,2.316949,4033.720601,2.576270,3950.196912,4.745162,13.109508,-7.273746,Yahoo Finance via yfinance,0.330616,-0.099576,0.769517,-0.327724,8.084802,-0.574730,0.769517,-2.159688,1.191012,-2.159688,8.475839
2023-04-18,2023-04-17,2023-04-18T00:00:00Z,65.485714,greed,-1.600000,7.000000,64.440000,51.737143,1.333944,Monday,2023-04-17,0,True,Monday,^GSPC,4137.169922,4151.720215,4123.180176,4151.319824,4151.319824,3611180000,4137.640137,0.330616,-0.011364,0.342019,0.689766,0.330616,1.027229,1.022307,5.991869,6.475492,-6.640370,4055.678003,2.358220,4033.151802,2.929918,3951.859360,5.047256,12.140279,-6.967179,Yahoo Finance via yfinance,0.085522,-0.343982,0.398675,-0.362295,8.641112,-0.902363,0.437455,-2.482097,0.857561,-2.482097,8.817920
2023-04-19,2023-04-18,2023-04-19T00:00:00Z,67.257143,greed,1.771429,6.514286,65.742857,52.925714,1.343233,Tuesday,2023-04-18,0,True,Tuesday,^GSPC,4164.259766,4169.479980,4140.359863,4154.870117,4154.870117,3536640000,4151.319824,0.085522,0.311707,-0.225482,0.701466,0.085522,1.117811,0.736096,5.144792,4.587916,-5.411835,4065.843005,2.189635,4033.519605,3.008551,3953.706812,5.087967,11.949673,-6.887615,Yahoo Finance via yfinance,-0.008426,-2.003438,-0.849366,-1.082349,8.437082,-2.009455,0.185318,-2.565425,0.771379,-2.565425,8.974761
2023-04-20,2023-04-19,2023-04-20T00:00:00Z,64.057143,greed,-3.200000,0.885714,65.920000,54.077143,0.945085,Wednesday,2023-04-19,0,True,Wednesday,^GSPC,4139.330078,4162.569824,4134.490234,4154.520020,4154.520020,3572560000,4154.870117,-0.008426,-0.374020,0.366966,0.675824,-0.008426,1.529102,1.314928,3.788529,3.351152,-5.400425,4073.425501,1.990819,4034.388403,2.977691,3955.352761,5.035385,11.318499,-6.895461,Yahoo Finance via yfinance,-0.595255,-2.371634,-1.534955,0.102298,8.864322,-2.531458,-0.143222,-2.557215,0.779871,-2.557215,9.106469
2023-04-21,2023-04-20,2023-04-21T00:00:00Z,63.514286,greed,-0.542857,-2.200000,65.480000,55.335714,0.811785,Thursday,2023-04-20,0,True,Thursday,^GSPC,4130.479980,4148.569824,4114.569824,4129.790039,4129.790039,3772080000,4154.520020,-0.595255,-0.578648,-0.016704,0.818386,-0.595255,-0.396269,0.963484,4.897677,2.809099,-7.449670,4083.066504,1.144325,4033.704204,2.382074,3956.844762,4.370788,9.532641,-7.392395,Yahoo Finance via yfinance,0.090319,0.134633,-1.660377,1.652863,10.295679,-1.947797,0.305587,-1.973708,1.753362,-1.973708,10.472924
2023-04-24,2023-04-23,2023-04-24T00:00:00Z,63.485714,greed,-0.028572,-3.600000,64.760000,56.624286,0.736017,Sunday,2023-04-21,2,False,Friday,^GSPC,4132.140137,4138.020020,4113.859863,4133.520020,4133.520020,3611750000,4129.790039,0.090319,0.056906,0.033394,0.585021,0.090319,-0.099576,0.694272,4.679999,2.920658,-7.308752,4092.306506,1.007097,4034.017407,2.466589,3958.286962,4.426992,9.544644,-5.920807,Yahoo Finance via yfinance,0.085158,0.869960,0.066045,1.414290,10.455984,-2.036277,0.883993,-2.062165,1.920642,-2.062165,10.763469
2023-04-25,2023-04-24,2023-04-25T00:00:00Z,57.057143,greed,-6.428571,-8.428571,63.074286,57.467143,-0.048329,Monday,2023-04-24,0,True,Monday,^GSPC,4132.069824,4142.410156,4117.770020,4137.040039,4137.040039,3290940000,4133.520020,0.085158,-0.035084,0.120284,0.596105,0.085158,-0.343982,0.679714,4.181578,1.886749,-5.840691,4100.609009,0.888430,4035.128208,2.525616,3959.459061,4.484981,9.473933,-3.905978,Yahoo Finance via yfinance,-1.581086,0.745221,0.026108,1.343711,9.616298,-2.119630,1.205690,-2.145496,1.833923,-2.145496,10.669226
2023-04-26,2023-04-25,2023-04-26T00:00:00Z,52.400000,neutral,-4.657143,-14.857143,60.102857,58.107143,-0.762041,Tuesday,2023-04-25,0,True,Tuesday,^GSPC,4126.430176,4126.430176,4071.379883,4071.629883,4071.629883,3978640000,4137.040039,-1.581086,-0.256460,-1.328032,1.330669,-1.581086,-2.003438,-0.908021,2.365786,0.026282,-4.685398,4105.314002,-0.820500,4034.751607,0.914016,3960.320311,2.810620,11.406275,-5.425307,Yahoo Finance via yfinance,-0.384119,1.177666,1.167592,1.816231,11.413365,-0.547196,2.831545,-0.573477,3.469870,-0.573477,12.447111
2023-04-27,2023-04-26,2023-04-27T00:00:00Z,58.314286,greed,5.914286,-5.742857,58.954286,58.950000,-0.099582,Wednesday,2023-04-26,0,True,Wednesday,^GSPC,4087.780029,4089.669922,4049.350098,4055.989990,4055.989990,3837030000,4071.629883,-0.384119,0.396651,-0.777685,0.990263,-0.384119,-2.371634,-0.878798,2.133322,0.951273,-5.589465,4109.550000,-1.303306,4033.125606,0.566915,3961.328112,2.389650,11.507203,-5.788586,Yahoo Finance via yfinance,1.956615,0.857004,2.013076,1.460808,12.294166,0.475841,3.228063,-0.190088,3.868850,-0.190088,12.880707
2023-04-28,2023-04-27,2023-04-28T00:00:00Z,59.428571,greed,1.114285,-4.085715,58.137143,59.660000,-0.042026,Thursday,2023-04-27,0,True,Thursday,^GSPC,4075.290039,4138.240234,4075.290039,4135.350098,4135.350098,3750550000,4055.989990,1.956615,0.475841,1.473762,1.552030,1.956615,0.134633,-0.262169,2.669938,1.441152,-0.954448,4114.927002,0.496317,4033.110010,2.535019,3962.910862,4.351328,12.433462,-3.945231,Yahoo Finance via yfinance,0.825320,-1.792596,-0.114379,0.385208,10.449172,-2.105507,1.247049,-2.105507,1.875538,-2.105507,10.767408
2023-05-01,2023-04-30,2023-05-01T00:00:00Z,59.428571,greed,0.000000,-4.057143,57.325714,60.157143,-0.146835,Sunday,2023-04-28,2,False,Friday,^GSPC,4129.629883,4170.060059,4127.180176,4169.479980,4169.479980,4087800000,4135.350098,0.825320,-0.138325,0.964980,1.036911,0.825320,0.869960,0.769517,2.929027,1.220380,-0.346083,4120.859497,1.179863,4033.547607,3.370045,3964.749362,5.163772,12.583446,-3.152472,Yahoo Finance via yfinance,-0.038611,-0.796981,-1.088862,0.862703,9.528047,-2.906836,0.418276,-2.906836,1.041621,-2.906836,9.905078
2023-05-02,2023-05-01,2023-05-02T00:00:00Z,55.514286,greed,-3.914285,-1.542857,57.017143,59.858571,-0.859159,Monday,2023-05-01,0,True,Monday,^GSPC,4166.790039,4186.919922,4164.120117,4167.870117,4167.870117,3321370000,4169.479980,-0.038611,-0.064515,0.025921,0.546826,-0.038611,0.745221,0.398675,1.425058,-0.284458,-2.790201,4123.787500,1.068984,4035.096812,3.290461,3966.636813,5.073147,11.621543,-3.189865,Yahoo Finance via yfinance,-1.158626,-0.713794,-0.757949,0.903337,8.866400,-2.869333,-0.090454,-2.869333,1.517081,-2.869333,10.537749
2023-05-03,2023-05-02,2023-05-03T00:00:00Z,54.628571,neutral,-0.885715,2.228571,57.462857,60.078571,-1.159959,Tuesday,2023-05-02,0,True,Tuesday,^GSPC,4164.100098,4164.100098,4089.719971,4119.580078,4119.580078,4486130000,4167.870117,-1.158626,-0.090454,-1.069139,1.784608,-1.158626,1.177666,-0.849366,-0.119522,-0.408558,-0.298894,4123.541016,-0.096057,4035.906611,2.073226,3967.918914,3.822184,12.348016,-4.311533,Yahoo Finance via yfinance,-0.699831,-0.009956,-0.234980,1.462528,11.230511,-1.730760,0.697152,-1.730760,2.707073,-1.730760,11.833481
2023-05-04,2023-05-03,2023-05-04T00:00:00Z,49.600000,neutral,-5.028571,-8.714286,55.720000,59.927143,-2.069198,Wednesday,2023-05-03,0,True,Wednesday,^GSPC,4122.250000,4148.299805,4088.860107,4090.750000,4090.750000,4246510000,4119.580078,-0.699831,0.064811,-0.764146,1.442858,-0.699831,0.857004,-1.534955,-0.240211,-0.494519,-1.555330,4123.048511,-0.783365,4037.774810,1.311990,3969.218413,3.061852,12.429511,-4.981190,Yahoo Finance via yfinance,-0.721873,1.146248,1.662776,3.184502,12.178939,-1.038195,1.553011,-1.038195,3.463428,-1.038195,12.621642
2023-05-05,2023-05-04,2023-05-05T00:00:00Z,53.885714,neutral,4.285714,-5.542857,54.611428,59.858571,-1.178714,Thursday,2023-05-04,0,True,Thursday,^GSPC,4082.550049,4082.610107,4048.280029,4061.219971,4061.219971,4920090000,4090.750000,-0.721873,-0.200451,-0.522469,0.839212,-0.721873,-1.792596,-1.660377,-0.712890,-2.468300,-2.736452,4121.590515,-1.464739,4039.178208,0.545699,3969.841063,2.301828,12.661667,-5.667105,Yahoo Finance via yfinance,1.847475,1.708850,3.369181,5.445412,12.693477,0.578890,2.291425,0.578890,5.649779,0.578890,13.440539
2023-05-08,2023-05-07,2023-05-08T00:00:00Z,57.142857,greed,3.257143,-2.285714,54.154286,59.820000,-0.526401,Sunday,2023-05-05,2,False,Friday,^GSPC,4084.729980,4147.020020,4084.729980,4136.250000,4136.250000,4186270000,4061.219971,1.847475,0.578890,1.261283,1.533777,1.847475,-0.796981,0.066045,0.760775,0.446595,-3.811941,4123.152014,0.317669,4041.656807,2.340456,3970.722814,4.168692,14.272728,-3.924328,Yahoo Finance via yfinance,0.045213,-0.294226,1.347355,3.325235,9.117924,-0.902510,0.435897,-0.902510,3.941488,-0.902510,11.382770
2023-05-09,2023-05-08,2023-05-09T00:00:00Z,59.571429,greed,2.428572,4.057143,54.965714,59.874286,-0.059658,Monday,2023-05-08,0,True,Monday,^GSPC,4136.979980,4142.299805,4123.810059,4138.120117,4138.120117,3641640000,4136.250000,0.045213,0.017648,0.027560,0.447017,0.045213,-0.713794,0.026108,0.705999,1.387238,-0.211003,4124.602527,0.327731,4045.018408,2.301639,3971.418665,4.197529,14.271107,-3.880890,Yahoo Finance via yfinance,-0.457942,-0.044473,1.317259,3.521647,8.790707,-0.947295,0.390507,-0.947295,3.894514,-0.947295,11.332433
2023-05-10,2023-05-09,2023-05-10T00:00:00Z,59.971429,greed,0.400000,5.342858,56.034286,59.835714,0.026755,Tuesday,2023-05-09,0,True,Tuesday,^GSPC,4124.250000,4130.350098,4116.649902,4119.169922,4119.169922,3810140000,4138.120117,-0.457942,-0.335179,-0.123176,0.331073,-0.457942,-0.009956,1.167592,0.248969,0.701876,-0.101130,4125.114026,-0.144096,4047.757007,1.764259,3972.206365,3.699797,14.379801,-4.321060,Yahoo Finance via yfinance,0.448397,-0.225046,0.641152,3.601456,8.711946,-0.491604,0.852353,-0.491604,4.372480,-0.491604,11.844617
2023-05-11,2023-05-10,2023-05-11T00:00:00Z,59.057143,greed,-0.914286,9.457143,57.925714,59.630000,-0.114270,Wednesday,2023-05-10,0,True,Wednesday,^GSPC,4143.740234,4154.279785,4098.919922,4137.640137,4137.640137,4057160000,4119.169922,0.448397,0.596487,-0.147212,1.343957,0.448397,1.146248,2.013076,1.116587,0.008462,3.668037,4127.398535,0.248137,4051.106812,2.136042,3973.060365,4.142393,14.363567,-3.892039,Yahoo Finance via yfinance,-0.169662,0.510675,-0.541369,3.777275,9.203309,-0.930966,0.653266,-0.930966,3.906566,-0.930966,11.345348
2023-05-12,2023-05-11,2023-05-12T00:00:00Z,57.342857,greed,-1.714286,3.457143,58.617143,59.211429,-0.387317,Thursday,2023-05-11,0,True,Thursday,^GSPC,4132.240234,4132.799805,4109.290039,4130.620117,4130.620117,3752900000,4137.640137,-0.169662,-0.130507,-0.039207,0.568193,-0.169662,1.708850,-0.114379,-0.376249,-0.133211,3.238402,4126.618530,0.096970,4054.691416,1.872614,3974.108215,3.938290,13.573413,-4.055098,Yahoo Finance via yfinance,-0.158331,1.632435,0.500159,4.072990,8.927467,-0.762597,1.732914,-0.762597,4.648212,-0.762597,11.534581
2023-05-15,2023-05-14,2023-05-15T00:00:00Z,57.257143,greed,-0.085714,0.114286,58.640000,58.720000,-0.327447,Sunday,2023-05-12,2,False,Friday,^GSPC,4138.540039,4143.740234,4099.120117,4124.080078,4124.080078,3533740000,4130.620117,-0.158331,0.191737,-0.349398,1.080228,-0.158331,-0.294226,-1.088862,-0.327724,-0.567075,4.800292,4125.940527,-0.045092,4057.546016,1.639761,3974.610565,3.760608,13.565410,-4.207008,Yahoo Finance via yfinance,0.295816,1.646425,1.973049,5.209649,8.332280,-0.344809,2.153937,-0.487384,5.238739,-0.487384,11.711454
2023-05-16,2023-05-15,2023-05-16T00:00:00Z,55.285714,greed,-1.971429,-4.285715,57.782857,58.210000,-0.691261,Monday,2023-05-15,0,True,Monday,^GSPC,4126.649902,4141.250000,4110.270020,4136.279785,4136.279785,3562170000,4124.080078,0.295816,0.062313,0.233358,0.751197,0.295816,-0.044473,-0.757949,-0.362295,1.121400,5.246705,4125.188525,0.268867,4059.358814,1.894904,3974.929814,4.059190,13.554278,-3.923637,Yahoo Finance via yfinance,-0.637768,1.362338,1.673974,5.626553,8.039840,-0.638736,1.852640,-0.780890,5.780323,-0.780890,11.381968
2023-05-17,2023-05-16,2023-05-17T00:00:00Z,60.257143,greed,4.971429,0.285714,57.840000,57.860000,0.648122,Tuesday,2023-05-16,0,True,Tuesday,^GSPC,4127.950195,4135.540039,4109.859863,4109.899902,4109.899902,3654200000,4136.279785,-0.637768,-0.201379,-0.437270,0.620852,-0.637768,-0.225046,-0.234980,-1.082349,0.755311,2.137484,4122.940015,-0.316282,4060.588413,1.214393,3974.827864,3.398186,13.725426,-4.536381,Yahoo Finance via yfinance,1.189083,0.868152,1.701506,6.391638,8.616996,0.090518,2.506393,-0.144041,6.859533,-0.144041,12.096886
2023-05-18,2023-05-17,2023-05-18T00:00:00Z,64.914286,greed,4.657143,5.857143,59.011429,57.902857,1.855712,Wednesday,2023-05-17,0,True,Wednesday,^GSPC,4122.850098,4164.669922,4113.620117,4158.770020,4158.770020,4039080000,4109.899902,1.189083,0.315098,0.871240,1.242118,1.189083,0.510675,1.662776,0.102298,4.038434,3.761468,4123.152515,0.863842,4064.036411,2.331023,3975.028564,4.622393,14.415409,-3.401240,Yahoo Finance via yfinance,0.944505,-1.046699,1.496837,6.421846,7.957886,-1.317458,1.301830,-1.317458,6.743104,-1.317458,10.779625
2023-05-19,2023-05-18,2023-05-19T00:00:00Z,65.457143,greed,0.542857,8.114286,60.634286,58.000000,1.887318,Thursday,2023-05-18,0,True,Thursday,^GSPC,4157.680176,4202.200195,4153.500000,4198.049805,4198.049805,3980500000,4158.770020,0.944505,-0.026206,0.970965,1.171024,0.944505,1.632435,3.369181,1.652863,5.186599,2.670670,4126.565503,1.732295,4068.157207,3.192910,3975.562864,5.596363,14.594382,-2.488860,Yahoo Finance via yfinance,-0.144587,-1.114089,2.008559,5.039007,5.712416,-2.240798,0.353982,-2.240798,5.965161,-2.240798,9.743096
2023-05-22,2023-05-21,2023-05-22T00:00:00Z,67.857143,greed,2.400000,10.600000,62.754286,58.218571,2.205930,Sunday,2023-05-19,2,False,Friday,^GSPC,4204.149902,4212.910156,4180.200195,4191.979980,4191.979980,4041900000,4198.049805,-0.144587,0.145308,-0.289474,0.779170,-0.144587,1.646425,1.347355,1.414290,4.477706,6.837970,4129.488501,1.513298,4073.630405,2.905260,3975.746914,5.438804,14.617263,-2.629848,Yahoo Finance via yfinance,0.015503,0.321333,1.951585,4.693009,5.065628,-2.099247,0.498336,-2.099247,6.118594,-2.099247,9.902000
2023-05-23,2023-05-22,2023-05-23T00:00:00Z,65.800000,greed,-2.057143,10.514286,64.857143,58.655714,1.528575,Monday,2023-05-22,0,True,Monday,^GSPC,4190.779785,4209.220215,4179.680176,4192.629883,4192.629883,3728520000,4191.979980,0.015503,-0.028631,0.044147,0.704680,0.015503,1.362338,1.317259,1.343711,5.606741,7.481557,4132.267993,1.460745,4080.251201,2.754210,3975.950364,5.449754,14.618665,-2.614752,Yahoo Finance via yfinance,-1.122203,0.307448,2.175728,4.127721,4.239105,-2.114422,0.917568,-2.114422,6.102144,-2.114422,9.884964
2023-05-24,2023-05-23,2023-05-24T00:00:00Z,61.828571,greed,-3.971429,1.571428,65.171429,59.127143,0.602841,Tuesday,2023-05-23,0,True,Tuesday,^GSPC,4176.799805,4185.680176,4142.540039,4145.580078,4145.580078,4155320000,4192.629883,-1.122203,-0.377569,-0.747456,1.028952,-1.122203,0.868152,0.641152,1.816231,4.101714,6.259867,4135.965503,0.232463,4086.047603,1.456970,3975.952314,4.266343,14.008974,-3.707612,Yahoo Finance via yfinance,-0.731860,0.826181,2.941445,5.700289,5.406478,-1.003481,2.062920,-1.003481,7.306339,-1.003481,11.132091
2023-05-25,2023-05-24,2023-05-25T00:00:00Z,62.685714,greed,0.857143,-2.228572,64.725714,59.345714,0.734781,Wednesday,2023-05-24,0,True,Wednesday,^GSPC,4132.959961,4132.959961,4103.979980,4115.240234,4115.240234,0,4145.580078,-0.731860,-0.304423,-0.428742,0.699057,-0.731860,-1.046699,-0.541369,1.460808,3.654530,3.560622,4138.928015,-0.572317,4089.966606,0.617942,3975.828215,3.506490,14.219097,-4.412337,Yahoo Finance via yfinance,0.875758,2.570440,4.342151,5.664064,6.914050,0.352100,2.847706,0.352100,8.097461,0.352100,11.951419
2023-05-26,2023-05-25,2023-05-26T00:00:00Z,65.714286,greed,3.028572,0.257143,64.777143,59.660000,1.270928,Thursday,2023-05-25,0,True,Thursday,^GSPC,4155.709961,4165.740234,4129.729980,4151.279785,4151.279785,4147760000,4115.240234,0.875758,0.983411,-0.106605,0.875046,0.875758,-1.114089,0.500159,0.385208,5.058724,5.322869,4139.724499,0.279132,4095.153604,1.370551,3975.972263,4.409174,12.766863,-3.575221,Yahoo Finance via yfinance,1.304909,3.157829,3.555050,4.276754,5.691498,0.117563,3.357763,0.117563,7.159007,0.117563,10.979507
2023-05-30,2023-05-29,2023-05-30T00:00:00Z,66.085714,greed,0.371428,-1.771429,64.422857,59.992857,1.224802,Monday,2023-05-26,3,False,Friday,^GSPC,4156.160156,4212.870117,4156.160156,4205.450195,4205.450195,3715460000,4151.279785,1.304909,0.117563,1.185951,1.366084,1.304909,0.321333,1.973049,0.862703,5.628746,5.698306,4141.523010,1.543567,4100.057007,2.570530,3975.948313,5.772255,13.270524,-2.316965,Yahoo Finance via yfinance,0.001660,1.625030,3.173976,4.112757,5.482399,-0.934509,2.231143,-0.934509,5.778692,-0.934509,9.549979
2023-05-31,2023-05-30,2023-05-31T00:00:00Z,64.171429,greed,-1.914285,-1.628571,64.097143,60.425714,0.758106,Tuesday,2023-05-30,0,True,Tuesday,^GSPC,4226.709961,4231.100098,4192.180176,4205.520020,4205.520020,4228510000,4205.450195,0.001660,0.505529,-0.501334,0.925464,0.001660,0.307448,1.673974,0.903337,3.951912,3.639373,4143.405505,1.499117,4105.834609,2.427896,3975.939563,5.774244,13.267877,-2.315344,Yahoo Finance via yfinance,-0.610862,1.862554,3.887504,4.074165,4.061092,-0.936153,2.229445,-0.936153,5.776936,-0.936153,9.548161
2023-06-01,2023-05-31,2023-06-01T00:00:00Z,68.057143,greed,3.885714,6.228572,65.342857,61.097143,1.385524,Wednesday,2023-05-31,0,True,Wednesday,^GSPC,4190.740234,4195.439941,4166.149902,4179.830078,4179.830078,5980670000,4205.520020,-0.610862,-0.351438,-0.260340,0.696467,-0.610862,0.826181,1.701506,1.462528,3.245962,0.519206,4146.418005,0.805806,4110.399810,1.689137,3975.437964,5.141374,12.738939,-2.912062,Yahoo Finance via yfinance,0.985445,2.097931,4.611665,5.182265,5.404045,-0.195940,2.857765,-0.195940,6.427059,-0.195940,10.221462
2023-06-02,2023-06-01,2023-06-02T00:00:00Z,75.428571,extreme greed,7.371428,12.742857,67.891429,62.388571,2.494279,Thursday,2023-06-01,0,True,Thursday,^GSPC,4183.029785,4232.430176,4171.640137,4221.020020,4221.020020,4391860000,4179.830078,0.985445,0.076551,0.908199,1.454366,0.985445,2.570440,1.496837,3.184502,5.886305,2.150699,4152.931506,1.639529,4114.762808,2.582341,3975.057363,6.187650,12.782739,-1.955314,Yahoo Finance via yfinance,1.453442,1.727311,4.852377,5.433754,5.029354,0.473576,1.854049,0.473576,5.625653,0.473576,9.145889
2023-06-05,2023-06-04,2023-06-05T00:00:00Z,69.485714,greed,-5.942857,3.771428,68.645714,63.168571,1.250074,Sunday,2023-06-02,2,False,Friday,^GSPC,4241.009766,4290.669922,4241.009766,4282.370117,4282.370117,4454200000,4221.020020,1.453442,0.473576,0.975248,1.176497,1.453442,3.157829,2.008559,5.445412,7.273532,4.416727,4163.989014,2.842973,4121.670811,3.898887,3974.943213,7.734121,13.120160,-0.530291,Yahoo Finance via yfinance,-0.200358,0.385061,2.970778,4.044950,5.026650,-0.497395,0.939900,-0.497395,4.112439,-0.497395,7.582243
2023-06-06,2023-06-05,2023-06-06T00:00:00Z,73.514286,greed,4.028572,7.428572,70.131429,63.987143,1.782908,Monday,2023-06-05,0,True,Monday,^GSPC,4282.990234,4299.279785,4266.819824,4273.790039,4273.790039,3813290000,4282.370117,-0.200358,0.014481,-0.214808,0.757991,-0.200358,1.625030,1.951585,3.325235,9.071999,2.321628,4170.866016,2.467690,4128.172212,3.527416,3974.941963,7.518300,11.799017,-0.729586,Yahoo Finance via yfinance,0.235390,1.524177,2.688946,4.048626,5.640897,-0.297633,1.552249,-0.297633,4.321456,-0.297633,7.798226
2023-06-07,2023-06-06,2023-06-07T00:00:00Z,74.457143,greed,0.942857,10.285714,72.188571,64.731429,1.700409,Tuesday,2023-06-06,0,True,Tuesday,^GSPC,4271.339844,4288.330078,4263.089844,4283.850098,4283.850098,3996560000,4273.790039,0.235390,-0.057331,0.292888,0.590582,0.235390,1.862554,2.175728,3.521647,10.934874,4.266967,4178.152515,2.529768,4134.429414,3.614058,3974.942512,7.771372,11.792439,-0.495914,Yahoo Finance via yfinance,-0.381201,1.987924,1.910427,2.981891,5.224507,-0.531771,2.136396,-0.531771,4.076470,-0.531771,7.545076
2023-06-08,2023-06-07,2023-06-08T00:00:00Z,75.771429,extreme greed,1.314286,7.714286,73.731429,65.521429,1.678760,Wednesday,2023-06-07,0,True,Wednesday,^GSPC,4285.470215,4299.189941,4263.959961,4267.520020,4267.520020,4537800000,4283.850098,-0.381201,0.037819,-0.418862,0.822391,-0.381201,2.097931,2.941445,3.601456,10.679088,3.544640,4185.570020,1.957917,4140.229214,3.074487,3975.137712,7.355275,11.740771,-0.875225,Yahoo Finance via yfinance,0.618864,2.462082,2.680014,3.079779,5.817196,-0.151146,2.912694,-0.151146,4.474729,-0.151146,7.956607
2023-06-09,2023-06-08,2023-06-09T00:00:00Z,76.971429,extreme greed,1.200000,1.542858,74.040000,66.417143,1.645579,Thursday,2023-06-08,0,True,Thursday,^GSPC,4268.689941,4298.009766,4261.069824,4293.930176,4293.930176,3826740000,4267.520020,0.618864,0.027415,0.591288,0.865607,0.618864,1.727311,4.342151,3.777275,9.558878,3.202601,4193.384522,2.397721,4146.682417,3.550977,3975.917412,7.998475,11.807924,-0.261777,Yahoo Finance via yfinance,0.114806,3.072003,1.266902,2.692163,4.725273,-0.051933,3.383148,-0.051933,3.832149,-0.051933,7.292612
2023-06-12,2023-06-11,2023-06-12T00:00:00Z,78.057143,extreme greed,1.085714,8.571429,75.754286,67.452857,1.620839,Sunday,2023-06-09,2,False,Friday,^GSPC,4304.879883,4322.620117,4291.700195,4298.859863,4298.859863,3786510000,4293.930176,0.114806,0.255004,-0.139842,0.720084,0.114806,0.385061,3.555050,4.072990,10.455736,4.448495,4201.796509,2.310044,4152.103413,3.534509,3976.768062,8.099336,11.736544,-0.147271,Yahoo Finance via yfinance,0.932115,2.575799,0.696928,3.265980,3.875914,0.128179,3.480233,0.128179,3.713080,0.128179,7.169575
2023-06-13,2023-06-12,2023-06-13T00:00:00Z,79.628571,extreme greed,1.571428,6.114285,76.977143,68.571429,1.670382,Monday,2023-06-12,0,True,Monday,^GSPC,4308.319824,4340.129883,4304.370117,4338.930176,4338.930176,3945670000,4298.859863,0.932115,0.220057,0.710494,0.831843,0.932115,1.524177,3.173976,5.209649,9.561196,7.992148,4212.539014,3.000356,4157.865415,4.354753,3977.758862,9.079769,11.928723,0.000000,Yahoo Finance via yfinance,0.693249,1.147282,0.909901,3.070572,2.586120,-0.024893,2.524586,-0.250064,3.443468,-0.250064,6.179856
2023-06-14,2023-06-13,2023-06-14T00:00:00Z,79.628571,extreme greed,0.000000,5.171428,78.011429,69.788571,1.567572,Tuesday,2023-06-13,0,True,Tuesday,^GSPC,4352.609863,4375.370117,4349.310059,4369.009766,4369.009766,4275400000,4338.930176,0.693249,0.315278,0.376783,0.600610,0.693249,1.987924,3.887504,5.626553,11.549948,12.001191,4224.175513,3.428699,4163.059409,4.947091,3978.608311,9.812513,12.028910,0.000000,Yahoo Finance via yfinance,0.081943,-0.075986,0.179677,3.227969,2.025184,-0.713197,1.818729,-0.936818,3.395967,-0.936818,5.448833
2023-06-15,2023-06-14,2023-06-15T00:00:00Z,80.885714,extreme greed,1.257143,5.114285,79.034286,70.820000,1.591856,Wednesday,2023-06-14,0,True,Wednesday,^GSPC,4366.290039,4391.819824,4337.850098,4372.589844,4372.589844,4252110000,4369.009766,0.081943,-0.062250,0.144283,1.235285,0.081943,2.462082,4.611665,6.391638,10.654493,16.613905,4237.310010,3.192588,4168.021011,4.908057,3980.182960,9.859016,11.565513,0.000000,Yahoo Finance via yfinance,1.217814,0.212695,0.545446,3.037790,2.627050,-0.475005,1.735364,-1.017927,3.548696,-1.017927,5.362497
2023-06-16,2023-06-15,2023-06-16T00:00:00Z,81.257143,extreme greed,0.371429,4.285714,79.891428,71.637143,1.464002,Thursday,2023-06-15,0,True,Thursday,^GSPC,4365.330078,4439.200195,4362.600098,4425.839844,4425.839844,4176690000,4372.589844,1.217814,-0.166029,1.386144,1.751824,1.217814,3.072003,4.852377,6.421846,10.566661,18.481156,4250.663501,4.121153,4174.525806,6.020182,3982.159109,11.141713,11.594798,0.000000,Yahoo Finance via yfinance,-0.367162,-1.751301,0.554472,2.190549,0.814762,-1.909242,0.511324,-2.208841,2.417852,-2.208841,4.094816
2023-06-20,2023-06-19,2023-06-20T00:00:00Z,80.114286,extreme greed,-1.142857,2.057143,80.302857,72.370000,1.162418,Monday,2023-06-16,3,False,Friday,^GSPC,4440.950195,4448.470215,4407.439941,4409.589844,4409.589844,6848600000,4425.839844,-0.367162,0.341412,-0.706163,0.927062,-0.367162,2.575799,2.970778,5.039007,12.004660,16.348324,4261.240503,3.481365,4180.910005,5.469619,3984.276259,10.674802,11.583921,-0.367162,Yahoo Finance via yfinance,-0.473511,-1.831690,1.043181,3.297135,1.311916,-1.848466,-0.214078,-1.848466,3.463133,-1.848466,4.478421
2023-06-21,2023-06-20,2023-06-21T00:00:00Z,80.114286,extreme greed,0.000000,0.485715,80.400000,72.982857,1.050622,Tuesday,2023-06-20,0,True,Tuesday,^GSPC,4396.109863,4400.149902,4367.189941,4388.709961,4388.709961,4055790000,4409.589844,-0.473511,-0.305697,-0.168328,0.747461,-0.473511,1.147282,2.688946,4.693009,11.142598,19.688716,4271.077002,2.754176,4186.583804,4.827950,3986.444808,10.090825,11.789034,-0.838934,Yahoo Finance via yfinance,-0.524528,-0.234689,1.324076,4.033309,2.652035,-1.381497,-0.056731,-1.381497,4.322915,-1.381497,4.975491
2023-06-22,2023-06-21,2023-06-22T00:00:00Z,80.057143,extreme greed,-0.057143,0.428572,80.485714,73.695714,0.943516,Wednesday,2023-06-21,0,True,Wednesday,^GSPC,4380.009766,4386.220215,4360.140137,4365.689941,4365.689941,3709330000,4388.709961,-0.524528,-0.198240,-0.326936,0.594254,-0.524528,-0.075986,1.910427,4.127721,9.939586,18.799453,4279.730005,2.008536,4191.715405,4.150438,3988.439008,9.458611,12.073107,-1.359062,Yahoo Finance via yfinance,0.371080,0.255857,1.051378,3.875222,1.938523,-0.861487,0.564863,-0.861487,4.873004,-0.861487,5.529020
2023-06-23,2023-06-22,2023-06-23T00:00:00Z,75.714286,extreme greed,-4.342857,-5.171428,79.451429,74.390000,0.215529,Thursday,2023-06-22,0,True,Thursday,^GSPC,4355.399902,4382.250000,4351.819824,4381.890137,4381.890137,3511000000,4365.689941,0.371080,-0.235702,0.608216,0.697030,0.371080,0.212695,2.680014,5.700289,10.166111,16.391355,4291.545508,2.105177,4197.174409,4.400954,3990.727158,9.801797,11.012584,-0.993025,Yahoo Finance via yfinance,-0.765881,0.332044,0.389331,3.524728,1.634903,-1.228010,0.376550,-1.228010,4.485280,-1.228010,5.138871
2023-06-26,2023-06-25,2023-06-26T00:00:00Z,73.457143,greed,-2.257143,-7.800000,77.891429,74.928572,-0.267384,Sunday,2023-06-23,2,False,Friday,^GSPC,4354.169922,4366.549805,4341.339844,4348.330078,4348.330078,6053620000,4381.890137,-0.765881,-0.632609,-0.134121,0.575322,-0.765881,-1.751301,1.266902,5.664064,9.494697,15.650463,4303.200000,1.048756,4202.302012,3.474954,3992.927859,8.900792,11.054620,-1.751301,Yahoo Finance via yfinance,-0.448684,2.346873,1.407430,4.744581,2.199008,-0.465696,2.533154,-0.465696,5.291689,-0.465696,5.950324
2023-06-27,2023-06-26,2023-06-27T00:00:00Z,75.485714,extreme greed,2.028571,-4.628572,76.965714,75.417143,0.013558,Monday,2023-06-26,0,True,Monday,^GSPC,4344.839844,4362.060059,4328.080078,4328.819824,4328.819824,3415030000,4348.330078,-0.448684,-0.080266,-0.368714,0.781449,-0.448684,-1.831690,0.696928,4.276754,7.473286,14.044462,4312.077002,0.388277,4205.954004,2.921235,3994.672607,8.364821,11.104562,-2.192127,Yahoo Finance via yfinance,1.145585,2.928512,2.551271,5.512822,1.695159,0.142768,2.995277,0.142768,5.816835,0.142768,6.427849
2023-06-28,2023-06-27,2023-06-28T00:00:00Z,76.514286,extreme greed,1.028572,-3.600000,76.245714,75.938571,0.126312,Tuesday,2023-06-27,0,True,Tuesday,^GSPC,4337.359863,4384.419922,4335.000000,4378.410156,4378.410156,3573500000,4328.819824,1.145585,0.197283,0.946435,1.141649,1.145585,-0.234689,0.909901,4.112757,8.086740,11.929989,4320.725000,1.335080,4210.769404,3.981238,3996.533759,9.555190,10.909258,-1.071654,Yahoo Finance via yfinance,-0.035408,1.562432,2.141188,4.301558,-1.105656,-0.415446,1.828742,-0.415446,4.660597,-1.124614,5.222436
2023-06-29,2023-06-28,2023-06-29T00:00:00Z,79.200000,extreme greed,2.685714,-0.857143,76.074286,76.690000,0.684352,Wednesday,2023-06-28,0,True,Wednesday,^GSPC,4367.479980,4390.350098,4360.220215,4376.859863,4376.859863,3739330000,4378.410156,-0.035408,-0.249638,0.214766,0.688147,-0.035408,0.255857,0.179677,4.074165,6.510821,12.224008,4329.291992,1.098745,4215.280205,3.833189,3998.081257,9.474010,10.919164,-1.106682,Yahoo Finance via yfinance,0.447354,0.793491,3.042825,3.668162,-1.297730,-0.111716,1.864810,-0.111716,5.259706,-1.379291,5.259706
2023-06-30,2023-06-29,2023-06-30T00:00:00Z,79.485714,extreme greed,0.285714,3.771428,76.828571,77.261429,0.717987,Thursday,2023-06-29,0,True,Thursday,^GSPC,4374.939941,4398.390137,4371.970215,4396.439941,4396.439941,3696660000,4376.859863,0.447354,-0.043865,0.491435,0.603627,0.447354,0.332044,0.545446,5.182265,6.593030,15.043369,4340.122485,1.297601,4220.111602,4.178286,3999.511406,9.924426,10.512725,-0.664279,Yahoo Finance via yfinance,1.226900,0.057097,2.478823,4.225920,-1.341995,-0.259076,1.411143,-0.259076,4.790919,-2.132174,4.790919
2023-07-03,2023-07-02,2023-07-03T00:00:00Z,82.228571,extreme greed,2.742857,8.771428,78.582857,77.601429,1.421394,Sunday,2023-06-30,2,False,Friday,^GSPC,4422.439941,4458.479980,4422.439941,4450.379883,4450.379883,3923450000,4396.439941,1.226900,0.591388,0.631777,0.819755,1.226900,2.346873,0.554472,5.433754,8.529966,16.537782,4351.590479,2.270191,4226.028799,5.308792,4002.099856,11.201120,10.767093,0.000000,Yahoo Finance via yfinance,0.117068,-0.917901,1.627056,3.113893,-3.973820,-1.467966,0.136619,-1.467966,3.520822,-4.143464,3.520822
2023-07-05,2023-07-04,2023-07-05T00:00:00Z,79.257143,extreme greed,-2.971428,3.771429,79.337143,78.090000,0.440391,Tuesday,2023-07-03,1,False,Monday,^GSPC,4450.479980,4456.459961,4442.290039,4455.589844,4455.589844,2034280000,4450.379883,0.117068,0.002249,0.114816,0.318398,0.117068,2.928512,1.043181,4.044950,8.928510,17.705223,4360.251465,2.186534,4232.544795,5.269762,4004.647755,11.260468,9.817204,0.000000,Yahoo Finance via yfinance,-0.196832,-0.366508,2.230684,2.718835,-4.064110,-1.583181,-0.034334,-1.583181,3.399774,-4.869388,3.399774
2023-07-06,2023-07-05,2023-07-06T00:00:00Z,77.914286,extreme greed,-1.342857,1.400000,79.617143,78.310000,-0.163294,Wednesday,2023-07-05,0,True,Wednesday,^GSPC,4442.040039,4454.060059,4436.609863,4446.819824,4446.819824,3482620000,4455.589844,-0.196832,-0.304108,0.107603,0.391647,-0.196832,1.562432,1.324076,4.048626,8.326386,16.246696,4368.902954,1.783442,4238.810791,4.907250,4007.375104,10.965899,9.815303,-0.196832,Yahoo Finance via yfinance,-0.792251,0.569853,2.673830,1.497032,-3.308423,-1.389083,0.933701,-1.389083,3.603699,-4.681771,3.603699
2023-07-07,2023-07-06,2023-07-07T00:00:00Z,77.685714,extreme greed,-0.228572,-1.514286,79.314286,78.471429,-0.348457,Thursday,2023-07-06,0,True,Thursday,^GSPC,4422.620117,4422.620117,4385.049805,4411.589844,4411.589844,3682020000,4446.819824,-0.792251,-0.544203,-0.249406,0.844880,-0.792251,0.793491,1.051378,2.981891,7.361205,15.143328,4375.289941,0.829657,4244.301787,3.941474,4010.066403,10.012888,10.425635,-0.987524,Yahoo Finance via yfinance,-0.286510,2.231626,2.794464,2.046888,-2.800352,-0.491204,2.398003,-0.491204,4.431055,-3.920581,4.431055
2023-07-10,2023-07-09,2023-07-10T00:00:00Z,76.685714,extreme greed,-1.000000,-2.800000,78.754286,78.517143,-0.830220,Sunday,2023-07-07,2,False,Friday,^GSPC,4404.540039,4440.390137,4397.399902,4398.950195,4398.950195,3630480000,4411.589844,-0.286510,-0.159802,-0.126911,0.974484,-0.286510,0.057097,0.389331,3.079779,7.058031,14.404645,4381.861450,0.389988,4250.848193,3.484058,4012.561704,9.629472,10.367011,-1.271204,Yahoo Finance via yfinance,0.240503,2.420344,3.123237,1.797692,-2.513328,-0.205282,2.928189,-0.205282,4.731120,-3.644513,4.731120
2023-07-11,2023-07-10,2023-07-11T00:00:00Z,78.285714,extreme greed,1.600000,-3.942857,77.965714,78.582857,-0.136500,Monday,2023-07-10,0,True,Monday,^GSPC,4394.229980,4412.600098,4389.919922,4409.529785,4409.529785,3429600000,4398.950195,0.240503,-0.107303,0.348179,0.515582,0.240503,-0.917901,1.407430,2.692163,7.761088,12.988957,4387.641431,0.498864,4257.918989,3.560678,4015.329703,9.817378,10.227955,-1.033759,Yahoo Finance via yfinance,0.674221,2.568534,3.290835,2.469881,-4.083873,-0.024262,2.796677,-0.024262,4.479844,-4.378689,4.479844
2023-07-12,2023-07-11,2023-07-12T00:00:00Z,78.171429,extreme greed,-0.114285,-1.085714,77.748571,78.588571,-0.191740,Tuesday,2023-07-11,0,True,Tuesday,^GSPC,4415.549805,4443.640137,4408.459961,4439.259766,4439.259766,3624220000,4409.529785,0.674221,0.136523,0.536965,0.797821,0.674221,-0.366508,2.551271,3.265980,7.067631,13.845275,4394.661426,1.014830,4263.997183,4.110288,4018.576353,10.468469,10.404627,-0.366508,Yahoo Finance via yfinance,0.741123,2.606746,2.887873,1.354282,-3.953582,0.539960,2.771634,0.539960,3.780136,-5.019070,3.780136
2023-07-13,2023-07-12,2023-07-13T00:00:00Z,79.400000,extreme greed,1.228571,1.485714,78.045714,78.577143,0.379125,Wednesday,2023-07-12,0,True,Wednesday,^GSPC,4467.689941,4488.339844,4463.229980,4472.160156,4472.160156,3920290000,4439.259766,0.741123,0.640426,0.100057,0.565632,0.741123,0.569853,2.141188,3.070572,8.084802,16.026500,4401.322925,1.609453,4270.050786,4.733184,4022.147203,11.188376,10.238094,0.000000,Yahoo Finance via yfinance,0.847015,2.092055,2.115082,-0.099509,-4.784494,0.384595,2.376257,-0.242167,3.016656,-5.717818,3.016656
2023-07-14,2023-07-13,2023-07-14T00:00:00Z,79.800000,extreme greed,0.400000,2.114286,78.468571,78.585714,0.558263,Thursday,2023-07-13,0,True,Thursday,^GSPC,4491.500000,4517.379883,4489.359863,4510.040039,4510.040039,3839530000,4472.160156,0.847015,0.432450,0.412781,0.626543,0.847015,2.231626,3.042825,3.227969,8.641112,18.100974,4408.374438,2.306192,4276.894185,5.451289,4026.231254,12.016418,10.359481,0.000000,Yahoo Finance via yfinance,-0.102441,0.550551,0.606871,-0.913738,-4.468697,-0.232370,1.516398,-1.155646,2.151417,-6.509695,2.151417
2023-07-17,2023-07-16,2023-07-17T00:00:00Z,80.028571,extreme greed,0.228571,3.342857,79.137143,78.542857,0.695723,Sunday,2023-07-14,2,False,Friday,^GSPC,4514.609863,4527.759766,4499.560059,4505.419922,4505.419922,3647450000,4510.040039,-0.102441,0.101326,-0.203560,0.625265,-0.102441,2.420344,2.478823,3.037790,8.437082,18.508170,4415.015942,2.047648,4284.610981,5.153535,4030.483153,11.783619,10.398742,-0.102441,Yahoo Finance via yfinance,0.385538,0.686283,1.704837,-0.918230,-3.767901,-0.011542,1.620498,-1.363690,2.256169,-6.413825,2.256169
2023-07-18,2023-07-17,2023-07-18T00:00:00Z,81.685714,extreme greed,1.657143,3.400000,79.817143,78.564286,1.441038,Monday,2023-07-17,0,True,Monday,^GSPC,4508.859863,4532.850098,4504.899902,4522.790039,4522.790039,3538240000,4505.419922,0.385538,0.076351,0.308951,0.620368,0.385538,2.568534,1.627056,2.190549,8.864322,19.322869,4419.863452,2.328728,4293.251782,5.346490,4034.860653,12.092844,9.660561,0.000000,Yahoo Finance via yfinance,0.711728,0.704213,1.463033,-0.731182,-3.638237,-0.181308,1.230217,-1.742510,1.863447,-6.773249,1.863447
2023-07-19,2023-07-18,2023-07-19T00:00:00Z,82.342857,extreme greed,0.657143,4.171428,80.651428,78.675714,1.592318,Tuesday,2023-07-18,0,True,Tuesday,^GSPC,4521.779785,4562.299805,4514.589844,4554.979980,4554.979980,4090010000,4522.790039,0.711728,-0.022337,0.734228,1.054879,0.711728,2.606746,2.230684,3.297135,10.295679,17.908140,4427.132959,2.887806,4303.126982,5.852790,4039.040353,12.773817,9.712489,0.000000,Yahoo Finance via yfinance,0.235791,0.273985,0.477499,-2.571254,-3.908465,-0.601977,0.562903,-2.695732,1.143580,-7.432081,1.143580
2023-07-20,2023-07-19,2023-07-20T00:00:00Z,80.857143,extreme greed,-1.485714,1.457143,80.942857,78.712857,0.919018,Wednesday,2023-07-19,0,True,Wednesday,^GSPC,4563.870117,4578.430176,4557.479980,4565.720215,4565.720215,4115670000,4554.979980,0.235791,0.195174,0.040538,0.459940,0.235791,2.092055,2.673830,4.033309,10.455984,19.182952,4435.983472,2.924644,4311.716387,5.891014,4043.666604,12.910402,9.416729,0.000000,Yahoo Finance via yfinance,-0.675690,0.022555,-1.146152,-3.534823,-4.733324,-0.835797,0.366864,-3.551913,0.905654,-7.649834,0.905654
2023-07-21,2023-07-20,2023-07-21T00:00:00Z,81.028571,extreme greed,0.171428,1.228571,81.188571,78.761428,0.955602,Thursday,2023-07-20,0,True,Thursday,^GSPC,4554.379883,4564.740234,4527.560059,4534.870117,4534.870117,3761770000,4565.720215,-0.675690,-0.248380,-0.428374,0.814333,-0.675690,0.550551,2.794464,3.875222,9.616298,15.195004,4444.442480,2.034623,4319.651387,4.982317,4048.412854,12.015999,9.584683,-0.675690,Yahoo Finance via yfinance,0.032409,0.056011,-0.727253,-3.627673,-4.566621,-0.139145,1.592101,-3.749612,1.592101,-7.021589,1.592101
2023-07-24,2023-07-23,2023-07-24T00:00:00Z,82.514286,extreme greed,1.485715,2.485715,81.685714,79.101428,1.422083,Sunday,2023-07-21,2,False,Friday,^GSPC,4550.160156,4555.000000,4535.790039,4536.339844,4536.339844,3570190000,4534.870117,0.032409,0.337166,-0.303732,0.423606,0.032409,0.686283,3.123237,3.524728,11.413365,14.556932,4452.164966,1.890650,4327.994785,4.813893,4052.702404,11.933702,9.576149,-0.643499,Yahoo Finance via yfinance,0.403415,1.011612,-1.285399,-3.673223,-3.586812,-0.171499,1.559186,-4.431542,1.559186,-7.051713,1.559186
2023-07-25,2023-07-24,2023-07-25T00:00:00Z,81.228571,extreme greed,-1.285715,-0.457143,81.594286,79.490000,0.852200,Monday,2023-07-24,0,True,Monday,^GSPC,4543.390137,4563.410156,4541.290039,4554.640137,4554.640137,3856250000,4536.339844,0.403415,0.155418,0.247612,0.487620,0.403415,0.704213,3.290835,4.744581,12.294166,13.895902,4462.480469,2.065212,4336.334785,5.034329,4056.520955,12.279468,8.929962,-0.242680,Yahoo Finance via yfinance,0.281467,0.753513,-0.794798,-3.400271,-3.983628,-0.572605,1.151127,-4.815530,1.151127,-7.425174,1.151127
2023-07-26,2023-07-25,2023-07-26T00:00:00Z,80.600000,extreme greed,-0.628571,-1.742857,81.245714,79.745714,0.469267,Tuesday,2023-07-25,0,True,Tuesday,^GSPC,4555.189941,4580.620117,4552.419922,4567.459961,4567.459961,3812470000,4554.640137,0.281467,0.012071,0.269364,0.619153,0.281467,0.273985,2.887873,5.512822,10.449172,15.292445,4474.412476,2.079546,4345.071582,5.118175,4060.441854,12.486772,8.558508,0.000000,Yahoo Finance via yfinance,-0.015544,0.202958,-1.490546,-3.938954,-5.536116,-0.851675,0.867219,-5.082692,0.867219,-7.685010,0.867219
2023-07-27,2023-07-26,2023-07-27T00:00:00Z,77.657143,extreme greed,-2.942857,-3.200000,80.605714,79.802857,-1.240760,Wednesday,2023-07-26,0,True,Wednesday,^GSPC,4558.959961,4582.470215,4547.580078,4566.750000,4566.750000,3990290000,4567.459961,-0.015544,-0.186099,0.170873,0.763885,-0.015544,0.022555,2.115082,4.301558,9.528047,15.123118,4483.829468,1.849324,4353.924980,4.888119,4064.553004,12.355528,7.954163,-0.015544,Yahoo Finance via yfinance,-0.642467,-1.168443,-2.168720,-2.862873,-6.322877,-1.335742,0.882900,-5.067935,0.882900,-7.670659,0.882900
2023-07-28,2023-07-27,2023-07-28T00:00:00Z,76.914286,extreme greed,-0.742857,-4.114285,79.782857,79.688571,-1.505245,Thursday,2023-07-27,0,True,Thursday,^GSPC,4598.259766,4607.069824,4528.560059,4537.410156,4537.410156,4553210000,4566.750000,-0.642467,0.689982,-1.323318,1.719161,-0.642467,0.056011,0.606871,3.668162,8.866400,15.719261,4491.856982,1.014128,4361.947588,4.022574,4069.041755,11.510533,8.479149,-0.657911,Yahoo Finance via yfinance,0.987784,-0.782826,-1.511437,-3.550486,-6.903718,-1.143166,1.252037,-4.454085,1.252037,-7.073638,1.252037
2023-07-31,2023-07-30,2023-07-31T00:00:00Z,77.628571,extreme greed,0.714285,-4.885715,78.805714,79.595714,-1.035475,Sunday,2023-07-28,2,False,Friday,^GSPC,4565.750000,4590.160156,4564.009766,4582.229980,4582.229980,3981010000,4537.410156,0.987784,0.624582,0.360948,0.576329,0.987784,1.011612,1.704837,4.225920,11.230511,13.883549,4501.146484,1.801397,4371.394189,4.823079,4073.890956,12.477973,8.909835,0.000000,Yahoo Finance via yfinance,0.146871,-2.274006,-2.579097,-3.852273,-7.969699,-2.349951,0.261668,-5.388641,0.261668,-8.576823,0.261668
2023-08-01,2023-07-31,2023-08-01T00:00:00Z,77.342857,extreme greed,-0.285714,-3.885714,78.028571,79.351428,-1.081611,Monday,2023-07-31,0,True,Monday,^GSPC,4584.819824,4594.220215,4573.140137,4588.959961,4588.959961,4503600000,4582.229980,0.146871,0.056519,0.090301,0.460040,0.146871,0.753513,1.463033,3.113893,12.178939,12.683583,4508.075488,1.794213,4379.997988,4.770823,4078.891555,12.505074,8.056728,0.000000,Yahoo Finance via yfinance,-0.266509,-1.536732,-2.162576,-3.391834,-7.436975,-2.493161,-0.094571,-5.527394,-0.094571,-8.710901,-0.094571
2023-08-02,2023-08-01,2023-08-02T00:00:00Z,77.342857,extreme greed,0.000000,-3.257143,77.377143,79.255714,-1.001134,Tuesday,2023-08-01,0,True,Tuesday,^GSPC,4578.830078,4584.620117,4567.529785,4576.729980,4576.729980,4042370000,4588.959961,-0.266509,-0.220745,-0.045865,0.372423,-0.266509,0.202958,0.477499,2.718835,12.693477,10.808925,4514.132495,1.386700,4387.571592,4.311232,4083.890055,12.067904,8.194340,-0.266509,Yahoo Finance via yfinance,-1.383954,-1.690073,-3.034265,-1.728310,-8.520493,-2.454588,-0.563717,-5.274944,-0.563717,-8.637391,-0.563717
2023-08-03,2023-08-02,2023-08-03T00:00:00Z,73.628571,greed,-3.714286,-4.028572,76.571428,79.041428,-2.379591,Wednesday,2023-08-02,0,True,Wednesday,^GSPC,4550.930176,4550.930176,4505.750000,4513.390137,4513.390137,4270710000,4576.729980,-1.383954,-0.563717,-0.824887,0.987172,-1.383954,-1.168443,-1.146152,1.497032,9.117924,9.584747,4517.461011,-0.090114,4393.999795,2.717122,4088.107456,10.402923,9.765675,-1.646775,Yahoo Finance via yfinance,-0.254797,-1.012103,-2.416367,0.032791,-8.334315,-1.153458,0.597106,-3.945595,0.597106,-8.541035,0.617271
2023-08-04,2023-08-03,2023-08-04T00:00:00Z,64.500000,greed,-9.128571,-12.414286,74.088571,78.382143,-3.498070,Thursday,2023-08-03,0,True,Thursday,^GSPC,4494.270020,4519.490234,4485.540039,4501.890137,4501.890137,4149120000,4513.390137,-0.254797,-0.423631,0.169552,0.752211,-0.254797,-0.782826,-0.727253,2.046888,8.790707,10.038649,4521.976025,-0.444184,4400.185000,2.311383,4092.701556,9.998007,9.307408,-1.897376,Yahoo Finance via yfinance,-0.530007,-0.734360,-2.921668,0.128169,-8.541302,-0.976706,0.854079,-3.700225,0.854079,-8.843182,0.874296
2023-08-07,2023-08-06,2023-08-07T00:00:00Z,72.057143,greed,7.557143,-5.571428,72.974286,78.150714,-1.450570,Sunday,2023-08-04,2,False,Friday,^GSPC,4513.959961,4540.339844,4474.549805,4478.029785,4478.029785,4143310000,4501.890137,-0.530007,0.268106,-0.795979,1.461387,-0.530007,-2.274006,-1.285399,1.797692,8.711946,7.770076,4525.930005,-1.058351,4406.833994,1.615577,4096.701956,9.308166,9.481075,-2.417327,Yahoo Finance via yfinance,0.902409,-0.312190,-2.418917,0.842787,-6.949707,-0.760375,1.101831,-3.187110,1.411786,-8.357470,1.411786
2023-08-08,2023-08-07,2023-08-08T00:00:00Z,69.200000,greed,-2.857143,-8.142857,71.345714,77.696428,-1.826230,Monday,2023-08-07,0,True,Monday,^GSPC,4491.580078,4519.839844,4491.149902,4518.439941,4518.439941,3493920000,4478.029785,0.902409,0.302595,0.598005,0.640682,0.902409,-1.536732,-0.794798,2.469881,9.203309,8.827199,4531.375513,-0.285467,4414.897988,2.345285,4100.694255,10.187194,9.901473,-1.536732,Yahoo Finance via yfinance,-0.421828,-0.635612,-2.626347,-0.478259,-7.184784,-1.647913,0.197638,-4.052945,0.504822,-9.177065,0.504822
2023-08-09,2023-08-08,2023-08-09T00:00:00Z,67.314286,greed,-1.885714,-10.028571,69.340000,77.153571,-1.893703,Tuesday,2023-08-08,0,True,Tuesday,^GSPC,4498.029785,4503.310059,4464.390137,4499.379883,4499.379883,3884910000,4518.439941,-0.421828,-0.451708,0.030015,0.861358,-0.421828,-1.690073,-1.490546,1.354282,8.927467,8.544601,4534.381519,-0.771916,4421.859990,1.753106,4104.715355,9.614906,9.857802,-1.952078,Yahoo Finance via yfinance,-0.703873,-1.367300,-2.485455,-0.753435,-5.812357,-1.493316,0.622091,-3.646499,0.930575,-8.792325,0.930575
2023-08-10,2023-08-09,2023-08-10T00:00:00Z,66.342857,greed,-0.971429,-7.285714,67.882857,76.500714,-1.783642,Wednesday,2023-08-09,0,True,Wednesday,^GSPC,4501.569824,4502.439941,4461.330078,4467.709961,4467.709961,3803100000,4499.379883,-0.703873,0.048672,-0.752179,0.913678,-0.703873,-1.012103,-2.168720,-0.099509,8.332280,7.914134,4534.159009,-1.465521,4427.105186,0.917186,4108.725005,8.737138,9.885692,-2.642211,Yahoo Finance via yfinance,0.025071,-1.418621,-0.709540,-0.370880,-3.355862,-1.436086,1.335363,-2.963485,1.646034,-8.145788,1.646034
2023-08-11,2023-08-10,2023-08-11T00:00:00Z,65.028571,greed,-1.314286,0.528571,67.988571,75.762143,-1.736359,Thursday,2023-08-10,0,True,Thursday,^GSPC,4487.160156,4527.370117,4457.919922,4468.830078,4468.830078,4504370000,4467.709961,0.025071,0.435350,-0.408501,1.554492,0.025071,-0.734360,-1.511437,-0.913738,8.039840,8.401755,4532.098511,-1.396007,4432.371387,0.822555,4112.305405,8.669703,9.365011,-2.617802,Yahoo Finance via yfinance,-0.106969,-2.203490,-2.070341,-0.253754,-2.472464,-2.327231,0.481110,-2.987807,1.620557,-8.168811,1.620557
2023-08-14,2023-08-13,2023-08-14T00:00:00Z,66.285714,greed,1.257143,-5.771429,66.834286,75.075000,-1.364620,Sunday,2023-08-11,2,False,Friday,^GSPC,4450.689941,4476.229980,4443.979980,4464.049805,4464.049805,3753290000,4468.830078,-0.106969,-0.405926,0.300175,0.721665,-0.106969,-0.312190,-2.579097,-0.918230,8.616996,6.028387,4530.030005,-1.456507,4438.055781,0.585707,4115.638954,8.465535,9.365398,-2.721971,Yahoo Finance via yfinance,0.575048,-2.113324,-1.306882,0.524415,-2.196880,-2.883923,0.588709,-2.883923,1.729376,-8.070475,1.729376
2023-08-15,2023-08-14,2023-08-15T00:00:00Z,54.500000,neutral,-11.785714,-14.700000,63.894286,73.715714,-2.490724,Monday,2023-08-14,0,True,Monday,^GSPC,4458.129883,4490.330078,4453.439941,4489.720215,4489.720215,3896410000,4464.049805,0.575048,-0.132613,0.708601,0.826383,0.575048,-0.635612,-2.162576,-0.731182,7.957886,6.713384,4528.376514,-0.853646,4443.429785,1.041773,4118.792004,9.005752,9.503935,-2.162576,Yahoo Finance via yfinance,-1.155091,-2.003470,-1.256429,-0.619645,-2.479895,-3.439193,-0.241665,-3.439193,1.147728,-8.596091,1.147728
2023-08-16,2023-08-15,2023-08-16T00:00:00Z,49.485714,neutral,-5.014286,-17.828572,60.328571,72.072857,-2.469444,Tuesday,2023-08-15,0,True,Tuesday,^GSPC,4478.870117,4478.870117,4432.189941,4437.859863,4437.859863,3832250000,4489.720215,-1.155091,-0.241665,-0.915638,1.039712,-1.155091,-1.367300,-3.034265,-2.571254,5.712416,3.684683,4522.520508,-1.871979,4446.539580,-0.195202,4121.828303,7.667266,9.861998,-3.292687,Yahoo Finance via yfinance,-0.755540,-1.133656,1.346821,0.666539,-1.241141,-2.310794,0.272436,-2.310794,2.329730,-7.527955,2.329730
2023-08-17,2023-08-16,2023-08-17T00:00:00Z,46.142857,neutral,-3.342857,-20.200000,56.288571,70.337143,-2.288022,Wednesday,2023-08-16,0,True,Wednesday,^GSPC,4433.790039,4449.950195,4403.549805,4404.330078,4404.330078,3753910000,4437.859863,-0.755540,-0.091707,-0.664442,1.045558,-0.755540,-1.418621,-2.416367,-3.534823,5.065628,2.494448,4514.451001,-2.439298,4449.150381,-1.007390,4124.813453,6.776467,10.003330,-4.023349,Yahoo Finance via yfinance,-0.771291,0.719285,2.509804,2.287976,-1.293726,-1.567095,0.882089,-1.567095,3.108757,-6.823973,3.108757
2023-08-18,2023-08-17,2023-08-18T00:00:00Z,43.657143,fear,-2.485714,-21.371428,52.014286,68.468571,-2.100032,Thursday,2023-08-17,0,True,Thursday,^GSPC,4416.319824,4421.169922,4364.830078,4370.359863,4370.359863,3943700000,4404.330078,-0.771291,0.272226,-1.040685,1.279192,-0.771291,-2.203490,-2.921668,-3.627673,4.239105,1.513511,4506.225488,-3.015065,4450.880576,-1.809096,4127.159952,5.892670,10.071949,-4.763609,Yahoo Finance via yfinance,-0.014871,0.136149,3.141624,1.829597,1.026926,-0.801989,2.012190,-0.801989,3.910207,-6.099728,3.910207
2023-08-21,2023-08-20,2023-08-21T00:00:00Z,43.485714,fear,-0.171429,-22.800000,47.454286,66.517143,-1.832009,Sunday,2023-08-18,2,False,Friday,^GSPC,4344.879883,4381.819824,4335.310059,4369.709961,4369.709961,3940400000,4370.359863,-0.014871,-0.583018,0.571479,1.064209,-0.014871,-2.113324,-2.418917,-3.673223,5.406478,2.238396,4497.893994,-2.849868,4452.924375,-1.868759,4129.648602,5.813118,10.059950,-4.777771,Yahoo Finance via yfinance,0.687919,0.823853,3.342557,1.918201,0.957497,-0.307112,2.027362,-0.307112,3.925662,-6.085763,3.925662
2023-08-22,2023-08-21,2023-08-22T00:00:00Z,43.442857,fear,-0.042857,-11.057143,45.242857,64.627857,-1.620431,Monday,2023-08-21,0,True,Monday,^GSPC,4380.279785,4407.549805,4360.299805,4399.770020,4399.770020,3726850000,4369.709961,0.687919,0.241888,0.444954,1.081307,0.687919,-2.003470,-2.626347,-3.400271,6.914050,2.708609,4490.150488,-2.012861,4455.041172,-1.240643,4132.366952,6.470942,10.327797,-4.122719,Yahoo Finance via yfinance,-0.277747,0.762313,2.206026,1.004147,2.180345,-0.988233,1.330292,-0.988233,3.215622,-6.727402,3.215622
2023-08-23,2023-08-22,2023-08-23T00:00:00Z,50.171429,neutral,6.728572,0.685715,45.380000,63.106428,-1.003778,Tuesday,2023-08-22,0,True,Tuesday,^GSPC,4415.330078,4418.589844,4382.770020,4387.549805,4387.549805,3522760000,4399.770020,-0.277747,0.353656,-0.629178,0.814129,-0.277747,-1.133656,-2.485455,-3.938954,5.691498,3.761868,4481.154980,-2.088863,4456.814971,-1.554140,4135.506251,6.094624,10.192872,-4.389015,Yahoo Finance via yfinance,1.104488,2.508919,1.776166,0.333908,2.628576,-0.712465,2.566132,-0.712465,3.503099,-6.467619,3.503099
2023-08-24,2023-08-23,2023-08-24T00:00:00Z,40.585714,fear,-9.585715,-5.557143,44.268571,61.252857,-1.549106,Wednesday,2023-08-23,0,True,Wednesday,^GSPC,4396.439941,4443.180176,4396.439941,4436.009766,4436.009766,3837270000,4387.549805,1.104488,0.202622,0.900042,1.065292,1.104488,0.719285,-0.709540,-2.862873,5.482399,7.202036,4474.617969,-0.862827,4458.756562,-0.510160,4139.086851,7.173633,11.186808,-3.333003,Yahoo Finance via yfinance,-1.345797,1.777732,0.341081,-2.389755,1.628276,-1.797104,1.930567,-2.408467,2.372408,-7.489388,2.372408
2023-08-25,2023-08-24,2023-08-25T00:00:00Z,47.028571,neutral,6.442857,3.371428,44.942857,59.758571,-0.966782,Thursday,2023-08-24,0,True,Thursday,^GSPC,4455.160156,4458.299805,4375.549805,4376.310059,4376.310059,3723470000,4436.009766,-1.345797,0.431703,-1.769860,1.865415,-1.345797,0.136149,-2.070341,-3.550486,4.061092,5.996519,4466.562964,-2.020634,4458.902568,-1.852306,4142.115651,5.653980,11.861717,-4.633945,Yahoo Finance via yfinance,0.671797,3.001389,1.854991,-1.285329,3.146714,-0.457463,3.563498,-1.366901,3.768927,-6.227399,3.768927
2023-08-28,2023-08-27,2023-08-28T00:00:00Z,45.285714,neutral,-1.742857,1.800000,45.302857,58.141428,-1.001288,Sunday,2023-08-25,2,False,Friday,^GSPC,4389.379883,4418.459961,4356.290039,4405.709961,4405.709961,3296180000,4376.310059,0.671797,0.298649,0.372036,1.420601,0.671797,0.823853,-1.306882,-3.852273,5.404045,6.398325,4457.736963,-1.167117,4459.564971,-1.207629,4145.110200,6.286920,11.497277,-3.993280,Yahoo Finance via yfinance,0.626462,2.498123,1.855547,-1.549580,3.215598,0.210409,3.076463,-2.338097,3.076463,-6.853156,3.436447
2023-08-29,2023-08-28,2023-08-29T00:00:00Z,49.171429,neutral,3.885715,5.728572,46.448571,56.732857,-0.622417,Monday,2023-08-28,0,True,Monday,^GSPC,4426.029785,4439.560059,4414.979980,4433.310059,4433.310059,2957230000,4405.709961,0.626462,0.461216,0.164488,0.557914,0.626462,0.762313,-1.256429,-3.391834,5.029354,5.577119,4449.954468,-0.374035,4459.714375,-0.592063,4148.136200,6.874747,11.807564,-3.391834,Yahoo Finance via yfinance,1.450831,1.432790,0.644887,-3.604085,2.365724,-0.036764,2.434748,-3.774382,2.434748,-7.433053,2.792491
2023-08-30,2023-08-29,2023-08-30T00:00:00Z,50.428571,neutral,1.257142,0.257142,46.500000,55.387143,-0.442774,Tuesday,2023-08-29,0,True,Tuesday,^GSPC,4432.750000,4500.140137,4431.680176,4497.629883,4497.629883,3354820000,4433.310059,1.450831,-0.012633,1.463649,1.544218,1.450831,2.508919,1.346821,-1.728310,5.026650,10.842948,4445.999463,1.161278,4461.475176,0.810376,4151.881499,8.327511,13.121416,-1.990213,Yahoo Finance via yfinance,0.383318,-0.714819,-0.671241,-4.960838,1.311585,-1.228425,0.969847,-5.758589,0.969847,-8.756837,1.574169
2023-08-31,2023-08-30,2023-08-31T00:00:00Z,52.942857,neutral,2.514286,12.357143,48.971428,54.352857,-0.136252,Wednesday,2023-08-30,0,True,Wednesday,^GSPC,4500.339844,4521.649902,4493.589844,4514.870117,4514.870117,3064110000,4497.629883,0.383318,0.060253,0.322871,0.623885,0.383318,1.777732,2.509804,0.032791,5.640897,12.014559,4446.073462,1.547358,4463.998379,1.139600,4154.673999,8.669660,12.271039,-1.614524,Yahoo Finance via yfinance,-0.159694,-1.411557,-0.216396,-4.765805,0.984961,-1.869603,0.584289,-6.118454,0.584289,-9.105253,1.186303
2023-09-01,2023-08-31,2023-09-01T00:00:00Z,55.028571,greed,2.085714,8.000000,50.571428,53.879286,0.114099,Thursday,2023-08-31,0,True,Thursday,^GSPC,4517.009766,4532.259766,4507.390137,4507.660156,4507.660156,3946360000,4514.870117,-0.159694,0.047391,-0.206987,0.550838,-0.159694,3.001389,3.141624,0.128169,5.224507,13.082773,4446.361963,1.378615,4466.837783,0.913899,4157.247650,8.428954,12.249011,-1.771639,Yahoo Finance via yfinance,0.179913,-1.112993,-1.272064,-4.871937,0.948830,-1.712645,0.745173,-5.968291,0.745173,-8.959867,1.348150
2023-09-05,2023-09-04,2023-09-05T00:00:00Z,59.085714,greed,4.057143,13.800000,53.331428,53.230714,0.634871,Monday,2023-09-01,3,False,Friday,^GSPC,4530.600098,4541.250000,4501.350098,4515.770020,4515.770020,3246260000,4507.660156,0.179913,0.508910,-0.327331,0.885158,0.179913,2.498123,3.342557,0.842787,5.817196,14.178762,4448.248975,1.517924,4469.515381,1.034892,4160.040250,8.551114,12.092716,-1.594913,Yahoo Finance via yfinance,-0.419418,-0.626915,-1.378286,-5.035241,0.866300,-1.889159,-0.032774,-6.137162,-0.032774,-9.123366,1.166139
2023-09-06,2023-09-05,2023-09-06T00:00:00Z,56.714286,greed,-2.371428,7.542857,54.840000,52.606428,0.484593,Tuesday,2023-09-05,0,True,Tuesday,^GSPC,4510.060059,4514.290039,4496.009766,4496.830078,4496.830078,3526250000,4515.770020,-0.419418,-0.126445,-0.293344,0.404810,-0.419418,1.432790,2.206026,-0.478259,4.725273,13.360222,4447.168482,1.116701,4472.485381,0.544321,4162.565751,8.030247,11.754820,-2.007642,Yahoo Finance via yfinance,-0.697160,-0.776773,-1.175937,-5.945964,1.195286,-1.475931,-0.134763,-6.235056,0.337130,-8.740608,2.019424
2023-09-07,2023-09-06,2023-09-07T00:00:00Z,53.628571,neutral,-3.085715,3.200000,55.480000,51.922143,0.220235,Wednesday,2023-09-06,0,True,Wednesday,^GSPC,4490.350098,4490.350098,4442.379883,4465.479980,4465.479980,3418850000,4496.830078,-0.697160,-0.144101,-0.553857,1.066756,-0.697160,-0.714819,1.776166,-0.753435,3.875914,13.791644,4445.473486,0.450042,4475.218584,-0.217612,4165.099200,7.211852,11.918715,-2.690805,Yahoo Finance via yfinance,-0.321127,0.043891,-1.417088,-4.517543,2.291351,-0.784239,0.566345,-5.576775,1.041551,-8.099918,2.735656
2023-09-08,2023-09-07,2023-09-08T00:00:00Z,51.914286,neutral,-1.714285,-1.028571,55.274286,51.200714,0.102419,Thursday,2023-09-07,0,True,Thursday,^GSPC,4434.549805,4457.810059,4430.459961,4451.140137,4451.140137,3763760000,4465.479980,-0.321127,-0.692651,0.374115,0.612478,-0.321127,-1.411557,0.341081,-0.370880,2.586120,13.892626,4444.644995,0.146134,4476.673184,-0.570358,4167.622101,6.802873,11.709481,-3.003291,Yahoo Finance via yfinance,0.142662,1.212273,-2.721553,-4.334849,3.223663,-0.062012,1.367068,-5.272580,1.367068,-7.803851,3.330607
2023-09-11,2023-09-10,2023-09-11T00:00:00Z,52.200000,neutral,0.285714,-2.828571,54.708571,50.559286,0.265818,Sunday,2023-09-08,2,False,Friday,^GSPC,4451.299805,4473.529785,4448.379883,4457.490234,4457.490234,3259290000,4451.140137,0.142662,0.003587,0.139070,0.565022,0.142662,-1.112993,1.854991,-0.253754,2.025184,12.000897,4444.078003,0.301800,4478.285791,-0.464364,4170.082852,6.892126,11.722383,-2.864913,Yahoo Finance via yfinance,0.672345,-0.160862,-3.083129,-3.342469,2.519121,-0.230629,1.222661,-5.407528,1.222661,-7.935193,3.183404
2023-09-12,2023-09-11,2023-09-12T00:00:00Z,51.400000,neutral,-0.800000,-7.685714,53.171429,49.815000,0.319990,Monday,2023-09-11,0,True,Monday,^GSPC,4480.979980,4490.770020,4467.890137,4487.459961,4487.459961,3369920000,4457.490234,0.672345,0.526972,0.144611,0.513291,0.672345,-0.626915,1.855547,0.524415,2.627050,12.013440,4445.248511,0.949586,4480.106191,0.164143,4172.770452,7.541501,11.960953,-2.211830,Yahoo Finance via yfinance,-0.569589,-0.756111,-3.343094,-3.382756,1.776511,-1.010596,0.546640,-6.039269,0.546640,-8.550052,2.494288
2023-09-13,2023-09-12,2023-09-13T00:00:00Z,51.400000,neutral,0.000000,-5.314286,52.108571,49.660000,0.359037,Tuesday,2023-09-12,0,True,Tuesday,^GSPC,4473.270020,4487.109863,4456.830078,4461.899902,4461.899902,3435740000,4487.459961,-0.569589,-0.316213,-0.254179,0.674764,-0.569589,-0.776773,0.644887,-0.619645,0.814762,9.700144,4443.857495,0.406008,4480.336592,-0.411502,4175.062051,6.870266,11.957789,-2.768820,Yahoo Finance via yfinance,0.124163,-0.402288,-4.221747,-2.323218,1.959702,-1.015039,1.122623,-5.501013,1.122623,-8.026180,3.081428
2023-09-14,2023-09-13,2023-09-14T00:00:00Z,54.428571,neutral,3.028571,0.800000,52.268571,49.907143,0.911283,Wednesday,2023-09-13,0,True,Wednesday,^GSPC,4462.649902,4479.390137,4453.520020,4467.439941,4467.439941,3529430000,4461.899902,0.124163,0.016809,0.107336,0.579800,0.124163,0.043891,-0.671241,0.666539,1.311916,8.685989,4445.336499,0.497228,4480.573594,-0.293124,4177.262950,6.946582,11.197088,-2.648095,Yahoo Finance via yfinance,0.842992,-1.460339,-4.318585,-2.025539,2.644689,-1.478701,0.997222,-5.618201,0.997222,-8.140236,2.953598
2023-09-15,2023-09-14,2023-09-15T00:00:00Z,52.028571,neutral,-2.400000,0.114285,52.291428,50.201428,0.372828,Thursday,2023-09-14,0,True,Thursday,^GSPC,4487.779785,4511.990234,4478.689941,4505.100098,4505.100098,3648720000,4467.439941,0.842992,0.455291,0.385944,0.745400,0.842992,1.212273,-0.216396,2.287976,2.652035,14.555181,4450.375000,1.229674,4481.739199,0.521246,4179.657850,7.786337,11.136674,-1.827426,Yahoo Finance via yfinance,-1.215961,-3.886708,-4.559275,-3.451427,2.203503,-3.905134,-0.158046,-6.407181,-0.158046,-8.908133,2.311378
2023-09-18,2023-09-17,2023-09-18T00:00:00Z,49.485714,neutral,-2.542857,-2.714286,51.748571,50.492857,-0.216198,Sunday,2023-09-15,2,False,Friday,^GSPC,4497.979980,4497.979980,4447.209961,4450.319824,4450.319824,6932230000,4505.100098,-1.215961,-0.158046,-1.059590,1.126945,-1.215961,-0.160862,-1.272064,1.829597,1.938523,12.780247,4454.372998,-0.090993,4482.513799,-0.718213,4182.089750,6.413781,11.703723,-3.021167,Yahoo Finance via yfinance,0.072129,-2.926975,-3.646255,-2.753511,3.867590,-3.007190,0.360424,-5.255120,0.360424,-7.786857,3.896128
2023-09-19,2023-09-18,2023-09-19T00:00:00Z,49.942857,neutral,0.457143,-1.457143,51.457143,50.815714,-0.200126,Monday,2023-09-18,0,True,Monday,^GSPC,4445.129883,4466.359863,4442.109863,4453.529785,4453.529785,3161230000,4450.319824,0.072129,-0.116620,0.188969,0.544905,0.072129,-0.756111,-1.378286,1.918201,1.634903,14.153554,4458.563989,-0.112911,4483.605391,-0.670791,4184.569249,6.427437,11.697133,-2.951217,Yahoo Finance via yfinance,-0.215101,-2.606693,-3.708062,-1.794080,4.270105,-3.386743,0.168406,-5.323409,0.168406,-7.853321,4.275269
2023-09-20,2023-09-19,2023-09-20T00:00:00Z,48.285714,neutral,-1.657143,-3.114286,50.834285,51.057857,-0.683759,Tuesday,2023-09-19,0,True,Tuesday,^GSPC,4445.410156,4449.850098,4416.609863,4443.950195,4443.950195,3614880000,4453.529785,-0.215101,-0.182319,-0.032842,0.746380,-0.215101,-0.402288,-1.175937,1.004147,2.199008,14.732029,4460.772998,-0.377128,4484.293799,-0.899665,4186.388450,6.152361,11.530732,-3.159970,Yahoo Finance via yfinance,-0.939479,-3.834886,-4.826787,-1.592052,5.921301,-4.004775,0.384334,-5.119319,0.384334,-7.654685,5.979809
2023-09-21,2023-09-20,2023-09-21T00:00:00Z,37.157143,fear,-11.128571,-17.271428,47.380000,50.407143,-2.592562,Wednesday,2023-09-20,0,True,Wednesday,^GSPC,4452.810059,4461.029785,4401.379883,4402.200195,4402.200195,3308450000,4443.950195,-0.939479,0.199369,-1.136583,1.342272,-0.939479,-1.460339,-1.417088,0.333908,1.695159,12.880115,4461.505518,-1.329267,4483.552607,-1.814463,4188.016600,5.114201,12.011316,-4.069762,Yahoo Finance via yfinance,-1.640093,-2.900605,-3.145023,-1.989916,7.208886,-3.715649,-0.601972,-4.219481,-0.196047,-6.778892,7.640943
2023-09-22,2023-09-21,2023-09-22T00:00:00Z,33.157143,fear,-4.000000,-18.871428,43.605714,50.035714,-2.791502,Thursday,2023-09-21,0,True,Thursday,^GSPC,4374.359863,4375.700195,4329.169922,4330.000000,4330.000000,3662340000,4402.200195,-1.640093,-0.632419,-1.014088,1.056978,-1.640093,-3.886708,-2.721553,-2.389755,-1.105656,12.294572,4456.205029,-2.832119,4480.709404,-3.363517,4189.308101,3.358356,12.656417,-5.643108,Yahoo Finance via yfinance,-0.229560,-0.699765,-1.658431,-1.200924,8.988220,-2.110164,0.632792,-2.622397,1.468125,-5.224485,9.435793
2023-09-25,2023-09-24,2023-09-25T00:00:00Z,38.428571,fear,5.271428,-11.057143,41.394286,49.605714,-1.704908,Sunday,2023-09-22,2,False,Friday,^GSPC,4341.740234,4357.399902,4316.490234,4320.060059,4320.060059,3349570000,4330.000000,-0.229560,0.271137,-0.499343,0.944796,-0.229560,-2.926975,-3.083129,-1.285329,-1.297730,13.987861,4453.392529,-2.993953,4476.909805,-3.503527,4190.914200,3.081568,11.812067,-5.859713,Yahoo Finance via yfinance,0.402306,-0.740968,-0.267590,-2.219874,9.733661,-1.884932,0.427071,-2.398343,1.701591,-5.006418,9.941065
2023-09-26,2023-09-25,2023-09-26T00:00:00Z,24.228571,extreme fear,-14.200000,-25.714286,36.251428,48.552857,-2.813890,Monday,2023-09-25,0,True,Monday,^GSPC,4310.620117,4338.509766,4302.700195,4337.439941,4337.439941,3195650000,4320.060059,0.402306,-0.218514,0.622180,0.828914,0.402306,-2.606693,-3.343094,-1.549580,-1.341995,15.419146,4449.979028,-2.528980,4473.550205,-3.042556,4192.895100,3.447376,11.627303,-5.480981,Yahoo Finance via yfinance,-1.473453,-1.130847,-0.041033,-2.775829,9.935127,-2.278073,-0.098907,-3.417217,1.294079,-5.387052,9.942501
2023-09-27,2023-09-26,2023-09-27T00:00:00Z,22.828571,extreme fear,-1.400000,-25.457143,31.160000,47.235714,-2.351770,Tuesday,2023-09-26,0,True,Tuesday,^GSPC,4312.879883,4313.009766,4265.979980,4273.529785,4273.529785,3472340000,4337.439941,-1.473453,-0.566234,-0.912386,1.084275,-1.473453,-3.834886,-4.221747,-3.604085,-3.973820,15.712528,4441.990015,-3.792450,4468.565000,-4.364605,4194.593149,1.881866,12.314794,-6.873675,Yahoo Finance via yfinance,0.022931,-1.031456,1.982213,-0.604877,9.940736,-1.335654,1.395102,-1.972832,2.808920,-3.972126,11.804761
2023-09-28,2023-09-27,2023-09-28T00:00:00Z,29.000000,fear,6.171429,-8.157143,29.528571,46.164286,-1.544739,Wednesday,2023-09-27,0,True,Wednesday,^GSPC,4282.629883,4292.069824,4238.629883,4274.509766,4274.509766,3875880000,4273.529785,0.022931,0.212941,-0.189606,1.250487,0.022931,-2.900605,-4.318585,-4.960838,-4.064110,16.948370,4430.834009,-3.528100,4462.955596,-4.222445,4196.148148,1.867465,10.749629,-6.852319,Yahoo Finance via yfinance,0.589317,-0.251719,2.396542,-2.052627,11.047822,-1.358274,1.371856,-2.177790,2.785350,-3.994142,11.779129
2023-09-29,2023-09-28,2023-09-29T00:00:00Z,28.400000,fear,-0.600000,-4.757143,28.577143,44.937143,-1.417685,Thursday,2023-09-28,0,True,Thursday,^GSPC,4269.649902,4317.270020,4264.379883,4299.700195,4299.700195,3846230000,4274.509766,0.589317,-0.113694,0.703812,1.237338,0.589317,-0.699765,-4.559275,-4.765805,-3.308423,17.887532,4420.075513,-2.723377,4457.635195,-3.543022,4197.974750,2.423203,10.934361,-6.303384,Yahoo Finance via yfinance,-0.270958,-0.965422,1.160771,-3.778641,10.580498,-1.936182,0.777954,-3.995634,2.183167,-4.556606,11.124254
2023-10-02,2023-10-01,2023-10-02T00:00:00Z,28.314286,fear,-0.085714,-10.114285,26.554286,43.601428,-1.276702,Sunday,2023-09-29,2,False,Friday,^GSPC,4328.180176,4333.149902,4274.859863,4288.049805,4288.049805,3865960000,4299.700195,-0.270958,0.662371,-0.927188,1.355677,-0.270958,-0.740968,-3.646255,-4.871937,-2.800352,15.299910,4409.094995,-2.745352,4452.698789,-3.697735,4199.462199,2.109499,10.930440,-6.557263,Yahoo Finance via yfinance,0.007937,0.476911,0.926528,-3.980357,11.350153,-1.669748,0.840715,-4.297292,2.460793,-4.297292,11.582664
2023-10-03,2023-10-02,2023-10-03T00:00:00Z,20.528571,extreme fear,-7.785715,-3.700000,25.814286,41.673571,-1.699162,Monday,2023-10-02,0,True,Monday,^GSPC,4284.520020,4300.580078,4260.209961,4288.390137,4288.390137,3938660000,4288.049805,0.007937,-0.082317,0.090328,0.941456,0.007937,-1.130847,-3.708062,-5.035241,-2.513328,17.797707,4397.726001,-2.486191,4447.739795,-3.582711,4200.805900,2.084939,10.858127,-6.549846,Yahoo Finance via yfinance,-1.374407,1.102279,1.987686,-2.834871,11.500585,-1.677551,1.243820,-4.304887,2.452661,-4.304887,11.589431
2023-10-04,2023-10-03,2023-10-04T00:00:00Z,20.985714,extreme fear,0.457143,-1.842857,25.445714,39.887143,-1.484476,Tuesday,2023-10-03,0,True,Tuesday,^GSPC,4269.750000,4281.149902,4216.450195,4229.450195,4229.450195,3953830000,4288.390137,-1.374407,-0.434665,-0.943845,1.508718,-1.374407,-1.031456,-4.826787,-5.945964,-4.083873,17.955892,4384.357007,-3.533171,4441.235996,-4.768623,4201.976550,0.653827,11.555783,-7.834232,Yahoo Finance via yfinance,0.810976,3.045078,3.398787,-0.842908,13.096263,-0.234082,3.688654,-2.971318,3.880401,-2.971318,13.331511
2023-10-05,2023-10-04,2023-10-05T00:00:00Z,20.328571,extreme fear,-0.657143,-8.671429,23.711428,38.222143,-1.374805,Wednesday,2023-10-04,0,True,Wednesday,^GSPC,4233.830078,4268.500000,4220.479980,4263.750000,4263.750000,3777600000,4229.450195,0.810976,0.103557,0.706687,1.135373,0.810976,-0.251719,-3.145023,-4.517543,-3.953582,15.912226,4374.270508,-2.526604,4435.161797,-3.864838,4203.816550,1.425691,12.101497,-7.086790,Yahoo Finance via yfinance,-0.130403,2.654944,1.192614,-0.607215,11.869366,-1.036651,2.854529,-3.751867,3.044733,-3.751867,12.419814
2023-10-06,2023-10-05,2023-10-06T00:00:00Z,27.714286,fear,7.385715,-0.685714,23.574286,37.012143,-0.726478,Thursday,2023-10-05,0,True,Thursday,^GSPC,4259.310059,4267.129883,4225.910156,4258.189941,4258.189941,3581470000,4263.750000,-0.130403,-0.104132,-0.026298,0.966748,-0.130403,-0.965422,-1.658431,-4.334849,-4.784494,12.325736,4364.622998,-2.438540,4428.990596,-3.856424,4205.845699,1.244559,12.100988,-7.207952,Yahoo Finance via yfinance,1.181489,2.146920,0.465223,1.399417,11.381365,-0.907431,2.997991,-3.626192,3.179282,-3.626192,12.566604
2023-10-09,2023-10-08,2023-10-09T00:00:00Z,29.257143,fear,1.542857,0.942857,23.762857,35.865000,-0.533444,Sunday,2023-10-06,2,False,Friday,^GSPC,4234.790039,4324.100098,4219.549805,4308.500000,4308.500000,3902030000,4258.189941,1.181489,-0.549527,1.740581,2.455275,1.181489,0.476911,-0.267590,-3.342469,-4.468697,13.882662,4357.173486,-1.117089,4424.412393,-2.619837,4208.299900,2.381011,13.037843,-6.111624,Yahoo Finance via yfinance,0.630385,0.447483,-1.957522,1.156779,9.198330,-0.573517,1.795291,-4.751543,1.974465,-4.751543,11.252171
2023-10-10,2023-10-09,2023-10-10T00:00:00Z,32.314286,fear,3.057143,11.785715,26.120000,34.910714,-0.219090,Monday,2023-10-09,0,True,Monday,^GSPC,4289.020020,4341.729980,4283.790039,4335.660156,4335.660156,3174630000,4308.500000,0.630385,-0.452129,1.087431,1.344782,0.630385,1.102279,-0.041033,-3.382756,-3.767901,15.786807,4349.583496,-0.320107,4419.480996,-1.896622,4210.870100,2.963522,13.002835,-5.519765,Yahoo Finance via yfinance,0.520799,0.875754,-2.735918,0.699313,8.142244,-0.546398,1.157608,-5.348214,1.335660,-5.348214,10.555247
2023-10-11,2023-10-10,2023-10-11T00:00:00Z,34.342857,fear,2.028571,13.357143,28.791429,34.057857,0.025452,Tuesday,2023-10-10,0,True,Tuesday,^GSPC,4339.750000,4385.459961,4339.640137,4358.240234,4358.240234,3520240000,4335.660156,0.520799,0.094330,0.426067,1.056813,0.520799,3.045078,1.982213,-2.323218,-3.638237,19.743062,4344.400513,0.318565,4414.866602,-1.282629,4213.269102,3.440823,13.132391,-5.027713,Yahoo Finance via yfinance,0.429301,0.343257,-2.536805,0.462105,7.778369,-1.061667,0.810639,-5.838605,0.810639,-5.838605,9.982460
2023-10-12,2023-10-11,2023-10-12T00:00:00Z,35.685714,fear,1.342857,15.357143,31.862857,33.120714,0.253031,Wednesday,2023-10-11,0,True,Wednesday,^GSPC,4366.589844,4378.640137,4345.339844,4376.950195,4376.950195,3601660000,4358.240234,0.429301,0.191582,0.237264,0.764077,0.429301,2.654944,2.396542,-2.025539,-3.908465,21.164944,4339.876025,0.854268,4410.871006,-0.769027,4216.041903,3.816572,13.249989,-4.619996,Yahoo Finance via yfinance,-0.624643,-1.424510,-4.345039,0.133188,8.832402,-1.670349,0.379708,-6.241113,0.379708,-6.241113,9.512322
2023-10-13,2023-10-12,2023-10-13T00:00:00Z,26.271429,fear,-9.414285,-1.442857,31.574286,31.832857,-0.604404,Thursday,2023-10-12,0,True,Thursday,^GSPC,4380.939941,4385.850098,4325.430176,4349.609863,4349.609863,3713140000,4376.950195,-0.624643,0.091154,-0.715145,1.380411,-0.624643,2.146920,1.160771,-3.451427,-4.733324,21.198208,4332.101514,0.404154,4407.595400,-1.315582,4218.565852,3.106364,12.885325,-5.215781,Yahoo Finance via yfinance,-0.501886,-1.646351,-4.882734,-0.051953,9.354635,-1.837404,1.010664,-5.651773,1.010664,-5.651773,10.200684
2023-10-16,2023-10-15,2023-10-16T00:00:00Z,35.742857,fear,9.471428,6.485714,32.871429,31.145714,0.555147,Sunday,2023-10-13,2,False,Friday,^GSPC,4360.490234,4377.100098,4311.970215,4327.779785,4327.779785,3566560000,4349.609863,-0.501886,0.250146,-0.750155,1.497373,-0.501886,0.447483,0.926528,-2.753511,-4.566621,20.988075,4325.974512,0.041731,4404.113193,-1.733230,4221.058501,2.528306,12.356700,-5.691490,Yahoo Finance via yfinance,1.059437,-2.394291,-4.861839,2.020908,10.528965,-2.420410,1.520180,-5.175864,2.085365,-5.175864,10.756555
2023-10-17,2023-10-16,2023-10-17T00:00:00Z,39.142857,fear,3.400000,6.828571,34.237143,30.605714,1.172260,Monday,2023-10-16,0,True,Monday,^GSPC,4342.370117,4383.330078,4342.370117,4373.629883,4373.629883,3409960000,4327.779785,1.059437,0.337132,0.719878,0.946443,1.059437,0.875754,1.987686,-1.794080,-3.586812,19.175402,4321.979516,1.195063,4402.025195,-0.645051,4224.010551,3.542116,13.055164,-4.692350,Yahoo Finance via yfinance,-0.009825,-3.580318,-4.728568,0.867013,9.296862,-4.216399,0.455913,-6.169934,1.100456,-6.169934,9.714359
2023-10-18,2023-10-17,2023-10-18T00:00:00Z,30.571429,fear,-8.571428,-3.771428,33.482857,29.720000,0.142381,Tuesday,2023-10-17,0,True,Tuesday,^GSPC,4345.229980,4393.569824,4337.540039,4373.200195,4373.200195,3794850000,4373.629883,-0.009825,-0.649344,0.643699,1.281082,-0.009825,0.343257,3.398787,-1.592052,-3.983628,22.051763,4318.442016,1.268008,4399.120400,-0.589213,4226.630151,3.467775,13.048836,-4.701714,Yahoo Finance via yfinance,-1.339982,-2.870210,-4.102268,2.801152,9.389689,-4.206987,-0.205799,-6.160715,3.097725,-6.160715,9.814316
2023-10-19,2023-10-18,2023-10-19T00:00:00Z,29.542857,fear,-1.028572,-6.142857,32.254286,29.339286,0.035601,Wednesday,2023-10-18,0,True,Wednesday,^GSPC,4357.350098,4364.200195,4303.839844,4314.600098,4314.600098,3686030000,4373.200195,-1.339982,-0.362437,-0.981101,1.380233,-1.339982,-1.424510,1.192614,-1.989916,-5.536116,17.309919,4314.062012,0.012473,4395.424805,-1.838837,4229.005652,2.023985,13.470565,-5.978694,Yahoo Finance via yfinance,-0.848285,-2.962733,-1.778618,4.363783,10.461685,-3.086733,0.578036,-4.886207,4.787693,-4.886207,11.305794
2023-10-20,2023-10-19,2023-10-20T00:00:00Z,22.857143,extreme fear,-6.685714,-3.414286,31.571429,28.824286,-1.025432,Thursday,2023-10-19,0,True,Thursday,^GSPC,4321.359863,4339.540039,4269.689941,4278.000000,4278.000000,3969730000,4314.600098,-0.848285,0.156672,-1.003385,1.618924,-0.848285,-1.646351,0.465223,-1.200924,-6.322877,15.000619,4311.462012,-0.776118,4391.630605,-2.587435,4231.274952,1.104278,12.527786,-6.776262,Yahoo Finance via yfinance,-1.258528,-3.290557,0.929869,5.381960,10.780972,-3.508651,-0.033659,-4.072469,5.684196,-4.072469,12.258062
2023-10-23,2023-10-22,2023-10-23T00:00:00Z,25.842857,fear,2.985714,-9.900000,29.591429,28.195000,-0.436341,Sunday,2023-10-20,2,False,Friday,^GSPC,4273.850098,4276.560059,4223.029785,4224.160156,4224.160156,4004030000,4278.000000,-1.258528,-0.097006,-1.162651,1.251292,-1.258528,-2.394291,-1.957522,-2.219874,-6.903718,14.316031,4306.667017,-1.915794,4386.737207,-3.706104,4233.130903,-0.211918,13.228165,-7.949509,Yahoo Finance via yfinance,-0.168557,-2.528077,3.176482,6.861953,13.180840,-2.849806,0.833769,-2.849806,7.031215,-2.849806,13.688869
2023-10-24,2023-10-23,2023-10-24T00:00:00Z,33.485714,fear,7.642857,-5.657143,28.460000,28.657857,0.889207,Monday,2023-10-23,0,True,Monday,^GSPC,4210.399902,4255.839844,4189.220215,4217.040039,4217.040039,3776100000,4224.160156,-0.168557,-0.325751,0.157708,1.577109,-0.168557,-3.580318,-2.735918,-2.775829,-7.969699,15.038000,4300.647021,-1.944056,4381.797012,-3.760032,4235.175603,-0.428213,13.090062,-8.104667,Yahoo Finance via yfinance,0.726579,-1.190888,3.531860,7.833453,14.767942,-2.685776,1.004018,-2.685776,8.064183,-2.685776,14.821528
2023-10-25,2023-10-24,2023-10-25T00:00:00Z,25.214286,fear,-8.271428,-5.357143,27.388571,28.777143,-0.669750,Tuesday,2023-10-24,0,True,Tuesday,^GSPC,4235.790039,4259.379883,4219.430176,4247.680176,4247.680176,3821820000,4217.040039,0.726579,0.444625,0.280706,0.947340,0.726579,-2.870210,-2.536805,-0.604877,-7.436975,13.188466,4299.354541,-1.201910,4376.956211,-2.953560,4236.938604,0.253522,12.424418,-7.436975,Yahoo Finance via yfinance,-1.433963,-1.268466,3.076967,6.839257,14.190098,-3.387741,-0.359261,-3.387741,7.284675,-3.387741,14.613388
2023-10-26,2023-10-25,2023-10-26T00:00:00Z,22.714286,extreme fear,-2.500000,-6.828571,26.022857,28.462857,-1.047325,Wednesday,2023-10-25,0,True,Wednesday,^GSPC,4232.419922,4232.419922,4181.419922,4186.770020,4186.770020,3869370000,4247.680176,-1.433963,-0.359261,-1.078577,1.200655,-1.433963,-2.962733,-4.345039,-2.052627,-8.520493,10.255335,4294.967554,-2.519170,4371.934414,-4.235297,4238.412003,-1.218428,13.385232,-8.764294,Yahoo Finance via yfinance,-1.183252,1.220269,4.681646,8.833781,16.189809,-1.982202,1.406099,-1.982202,9.115861,-1.982202,16.280812
2023-10-27,2023-10-26,2023-10-27T00:00:00Z,21.614286,extreme fear,-1.100000,-1.242857,25.774286,28.123571,-1.142256,Thursday,2023-10-26,0,True,Thursday,^GSPC,4175.990234,4183.600098,4127.899902,4137.229980,4137.229980,4277640000,4186.770020,-1.183252,-0.257473,-0.928169,1.330386,-1.183252,-3.290557,-4.882734,-3.778641,-8.334315,7.206840,4286.844043,-3.490075,4366.592412,-5.252664,4239.501903,-2.412357,13.650270,-9.843842,Yahoo Finance via yfinance,-0.480028,4.364026,5.078763,10.202717,17.676557,-0.808517,4.410928,-0.808517,10.422437,-0.808517,18.525685
2023-10-30,2023-10-29,2023-10-30T00:00:00Z,29.200000,fear,7.585714,3.357143,26.445714,28.167857,0.180963,Sunday,2023-10-27,2,False,Friday,^GSPC,4152.930176,4156.700195,4103.779785,4117.370117,4117.370117,4019500000,4137.229980,-0.480028,0.379486,-0.856264,1.279127,-0.480028,-2.528077,-4.861839,-3.980357,-8.541302,7.486295,4278.310059,-3.761764,4361.532617,-5.598090,4240.240703,-2.897727,13.687066,-10.276617,Yahoo Finance via yfinance,1.201002,5.852516,7.234475,10.517880,18.866170,0.378150,6.223633,0.378150,10.955053,0.378150,19.097386
2023-10-31,2023-10-30,2023-10-31T00:00:00Z,30.142857,fear,0.942857,-3.342857,25.777143,28.648571,0.275486,Monday,2023-10-30,0,True,Monday,^GSPC,4139.390137,4177.470215,4132.939941,4166.819824,4166.819824,3911140000,4117.370117,1.201002,0.534808,0.662650,1.081522,1.201002,-1.190888,-4.728568,-2.834871,-6.949707,9.442906,4272.231543,-2.467369,4357.474814,-4.375355,4241.158953,-1.752802,14.554401,-9.199037,Yahoo Finance via yfinance,0.647496,4.779668,5.873304,9.313345,17.378971,-0.328781,4.963025,-0.328781,9.638294,-0.328781,17.756230
2023-11-01,2023-10-31,2023-11-01T00:00:00Z,32.171429,fear,2.028572,6.957143,27.168572,29.207857,0.574016,Tuesday,2023-10-31,0,True,Tuesday,^GSPC,4171.330078,4195.549805,4153.120117,4193.799805,4193.799805,4249470000,4166.819824,0.647496,0.108242,0.538671,1.018275,0.647496,-1.268466,-4.102268,-0.842908,-7.184784,7.504108,4270.449023,-1.794875,4353.355410,-3.665118,4242.132501,-1.139349,14.039877,-8.611105,Yahoo Finance via yfinance,1.050600,4.401261,7.198732,8.507327,17.505136,0.093958,4.589155,0.093958,9.391014,0.093958,17.538039
2023-11-02,2023-11-01,2023-11-02T00:00:00Z,37.685714,fear,5.514285,14.971428,30.162857,30.075714,1.507131,Wednesday,2023-11-01,0,True,Wednesday,^GSPC,4201.270020,4245.640137,4197.740234,4237.859863,4237.859863,4224900000,4193.799805,1.050600,0.178125,0.870923,1.142160,1.050600,1.220269,-1.778618,-0.607215,-5.812357,9.449426,4269.154516,-0.733041,4350.361611,-2.586032,4243.366951,-0.129781,14.256290,-7.650973,Yahoo Finance via yfinance,1.885856,3.419649,6.253629,7.785532,16.213617,0.717341,3.618344,0.717341,8.253701,0.717341,16.358020
2023-11-03,2023-11-02,2023-11-03T00:00:00Z,36.114286,fear,-1.571428,14.500000,33.062857,30.495714,1.082584,Thursday,2023-11-02,0,True,Thursday,^GSPC,4268.259766,4319.720215,4268.259766,4317.779785,4317.779785,4669780000,4237.859863,1.885856,0.717341,1.160192,1.214303,1.885856,4.364026,0.929869,1.399417,-3.355862,11.972710,4272.134009,1.068454,4347.997012,-0.694969,4245.311549,1.707018,15.776992,-5.909404,Yahoo Finance via yfinance,0.939373,0.684850,4.411074,6.411862,12.225499,0.380987,1.751366,0.380987,6.522110,0.380987,14.204292
2023-11-06,2023-11-05,2023-11-06T00:00:00Z,38.914286,fear,2.800000,9.714286,35.005714,30.978572,1.440723,Sunday,2023-11-03,2,False,Friday,^GSPC,4334.229980,4373.620117,4334.229980,4358.339844,4358.339844,4570960000,4317.779785,0.939373,0.380987,0.556266,0.912278,0.939373,5.852516,3.176482,1.156779,-2.472464,15.922853,4274.626001,1.958390,4347.637607,0.246162,4247.608998,2.606898,15.573714,-5.025542,Yahoo Finance via yfinance,0.175299,1.305552,3.572006,4.851387,12.570156,-0.330399,1.369557,-0.330399,5.530782,-0.330399,13.141472
2023-11-07,2023-11-06,2023-11-07T00:00:00Z,39.628571,fear,0.714285,9.485714,36.902857,31.344286,1.419846,Monday,2023-11-06,0,True,Monday,^GSPC,4364.270020,4372.209961,4347.529785,4365.979980,4365.979980,3656340000,4358.339844,0.175299,0.136065,0.039181,0.566275,0.175299,4.779668,3.531860,0.699313,-2.196880,17.368527,4276.141992,2.100912,4346.843008,0.440250,4249.575847,2.739194,15.436638,-4.859053,Yahoo Finance via yfinance,0.284012,1.043748,4.154850,4.608363,13.573811,-0.504813,1.277601,-0.504813,5.346111,-0.504813,13.955860
2023-11-08,2023-11-07,2023-11-08T00:00:00Z,39.771429,fear,0.142858,7.600000,38.422857,31.615714,1.336644,Tuesday,2023-11-07,0,True,Tuesday,^GSPC,4366.209961,4386.259766,4355.410156,4378.379883,4378.379883,3791230000,4365.979980,0.284012,0.005268,0.278730,0.706591,0.284012,4.401261,3.076967,0.462105,-2.479895,16.120455,4277.148975,2.366785,4345.744404,0.750976,4251.368696,2.987536,15.361386,-4.588841,Yahoo Finance via yfinance,0.100492,2.679537,3.649982,3.904640,12.891302,-0.786591,2.975759,-0.786591,5.047763,-0.786591,13.633129
2023-11-09,2023-11-08,2023-11-09T00:00:00Z,41.000000,fear,1.228571,3.314286,39.085714,31.881429,1.425494,Wednesday,2023-11-08,0,True,Wednesday,^GSPC,4384.370117,4391.200195,4359.759766,4382.779785,4382.779785,3729510000,4378.379883,0.100492,0.136814,-0.036273,0.718084,0.100492,3.419649,4.681646,0.133188,-1.241141,15.130286,4277.440454,2.462672,4343.447402,0.905557,4253.197845,3.046694,15.291497,-4.492961,Yahoo Finance via yfinance,-0.808384,2.740272,3.966440,4.627430,13.038533,-0.886192,3.157588,-0.886192,4.942305,-0.886192,13.519051
2023-11-10,2023-11-09,2023-11-10T00:00:00Z,41.457143,fear,0.457143,5.342857,40.154286,32.640714,1.337028,Thursday,2023-11-09,0,True,Thursday,^GSPC,4391.410156,4393.399902,4343.939941,4347.350098,4347.350098,3900780000,4382.779785,-0.808384,0.196915,-1.003324,1.128507,-0.808384,0.684850,5.078763,-0.051953,-1.293726,13.563873,4277.327466,1.637065,4340.097002,0.167118,4254.853496,2.173908,15.406286,-5.265024,Yahoo Finance via yfinance,1.561644,3.700878,4.876298,5.912108,14.898960,0.137779,3.998294,0.137779,6.023897,0.137779,15.010064
2023-11-13,2023-11-12,2023-11-13T00:00:00Z,39.885714,fear,-1.571429,0.971428,40.348571,32.847857,1.041161,Sunday,2023-11-10,2,False,Friday,^GSPC,4364.149902,4418.029785,4353.339844,4415.240234,4415.240234,3665080000,4347.350098,1.561644,0.386438,1.170682,1.488032,1.561644,1.305552,7.234475,2.020908,1.026926,17.784653,4281.700488,3.118848,4338.248603,1.774717,4256.627548,3.726252,16.230581,-3.785601,Yahoo Finance via yfinance,-0.083584,2.237246,3.061893,4.692830,13.196789,-0.485147,2.399183,-0.485147,4.721594,-0.485147,13.253178
2023-11-14,2023-11-13,2023-11-14T00:00:00Z,46.600000,neutral,6.714286,6.971429,41.742857,33.220714,1.830646,Monday,2023-11-13,0,True,Monday,^GSPC,4406.660156,4421.759766,4393.819824,4411.549805,4411.549805,3326240000,4415.240234,-0.083584,-0.194329,0.110960,0.632807,-0.083584,1.043748,5.873304,0.867013,0.957497,11.504982,4283.596484,2.987054,4336.164199,1.738532,4258.332496,3.598059,15.841605,-3.866021,Yahoo Finance via yfinance,1.907502,3.078965,3.249206,5.262332,13.942040,1.074915,3.299522,1.074915,5.267545,1.074915,14.020249
2023-11-15,2023-11-14,2023-11-15T00:00:00Z,52.542857,neutral,5.942857,12.771428,44.297143,34.319286,2.156307,Tuesday,2023-11-14,0,True,Tuesday,^GSPC,4458.970215,4508.669922,4458.970215,4495.700195,4495.700195,4700350000,4411.549805,1.907502,1.074915,0.823732,1.126582,1.907502,2.679537,7.198732,2.801152,2.180345,12.591512,4289.721484,4.801680,4336.141601,3.679737,4260.722147,5.514982,17.156342,-2.032264,Yahoo Finance via yfinance,0.159701,0.945120,1.220719,4.702041,11.703175,-0.175059,1.365964,-0.175059,4.759876,-0.175059,12.293746
2023-11-16,2023-11-15,2023-11-16T00:00:00Z,55.057143,greed,2.514286,14.057143,47.108571,35.595000,2.038563,Wednesday,2023-11-15,0,True,Wednesday,^GSPC,4505.299805,4521.169922,4495.310059,4502.879883,4502.879883,4347170000,4495.700195,0.159701,0.213529,-0.053713,0.575213,0.159701,2.740272,6.253629,4.363783,2.628576,13.788107,4299.135474,4.739195,4336.889600,3.827404,4262.853546,5.630649,16.237397,-1.875808,Yahoo Finance via yfinance,0.119043,1.193464,1.441742,4.811808,10.000046,-0.334226,1.455742,-0.334226,5.234204,-0.334226,12.114697
2023-11-17,2023-11-16,2023-11-17T00:00:00Z,58.857143,greed,3.800000,17.400000,50.588571,37.395000,2.068307,Thursday,2023-11-16,0,True,Thursday,^GSPC,4497.080078,4511.990234,4487.830078,4508.240234,4508.240234,3964520000,4502.879883,0.119043,-0.128802,0.248164,0.536549,0.119043,3.700878,4.411074,5.381960,1.628276,12.939509,4310.647485,4.583830,4338.031601,3.923637,4264.798698,5.708160,15.750031,-1.758998,Yahoo Finance via yfinance,0.128205,1.133471,1.916261,4.679203,10.921776,-0.190320,1.335109,-0.190320,5.109080,-0.190320,11.981391
2023-11-20,2023-11-19,2023-11-20T00:00:00Z,61.285714,greed,2.428571,21.400000,54.868571,39.167143,1.959730,Sunday,2023-11-17,2,False,Friday,^GSPC,4509.549805,4520.120117,4499.660156,4514.020020,4514.020020,3777240000,4508.240234,0.128205,0.029048,0.099128,0.453835,0.128205,2.237246,3.572006,6.861953,3.146714,14.025244,4325.140478,4.367015,4339.162197,4.029760,4266.469999,5.802221,14.702821,-1.633048,Yahoo Finance via yfinance,0.739028,0.806602,1.235257,5.018587,11.424627,-0.081084,1.205359,-0.081084,5.217079,-0.081084,11.838009
2023-11-21,2023-11-20,2023-11-21T00:00:00Z,61.171429,greed,-0.114285,14.571429,57.782857,40.551429,1.688386,Monday,2023-11-20,0,True,Monday,^GSPC,4511.700195,4557.109863,4510.359863,4547.379883,4547.379883,3644790000,4514.020020,0.739028,-0.051392,0.790826,1.035662,0.739028,3.078965,4.154850,7.833453,3.215598,15.223886,4341.657471,4.738338,4340.360596,4.769633,4268.524498,6.532828,14.642188,-0.906089,Yahoo Finance via yfinance,-0.202093,0.165156,0.435422,4.859727,10.075911,-0.480939,0.462910,-0.480939,4.866760,-0.480939,11.017559
2023-11-22,2023-11-21,2023-11-22T00:00:00Z,65.057143,greed,3.885714,12.514286,60.285714,42.543571,1.756930,Tuesday,2023-11-21,0,True,Tuesday,^GSPC,4538.770020,4542.140137,4525.509766,4538.189941,4538.189941,3511080000,4547.379883,-0.202093,-0.189337,-0.012781,0.365713,-0.202093,0.945120,3.649982,6.839257,2.365724,14.446424,4356.182959,4.178130,4341.886396,4.521158,4270.660048,6.264369,14.723033,-1.106351,Yahoo Finance via yfinance,0.406113,0.273019,0.245691,3.529164,9.636437,0.051118,1.089646,-0.020927,5.284482,-0.020927,11.242372
2023-11-24,2023-11-23,2023-11-24T00:00:00Z,66.857143,greed,1.800000,11.800000,62.645714,44.750714,1.698019,Thursday,2023-11-22,1,False,Wednesday,^GSPC,4553.040039,4568.430176,4545.049805,4556.620117,4556.620117,3042810000,4538.189941,0.406113,0.327225,0.078630,0.515192,0.406113,1.193464,3.966440,8.833781,1.311585,15.359225,4374.675464,4.159043,4343.670000,4.902539,4272.623148,6.646900,13.155476,-0.704731,Yahoo Finance via yfinance,0.059687,0.245350,0.635772,4.172608,9.331032,-0.425313,0.680768,-0.425313,4.858637,-0.425313,10.792430
2023-11-27,2023-11-26,2023-11-27T00:00:00Z,65.314286,greed,-1.542857,6.457143,63.937143,46.935714,1.459582,Sunday,2023-11-24,2,False,Friday,^GSPC,4555.839844,4560.310059,4552.799805,4559.339844,4559.339844,1639500000,4556.620117,0.059687,-0.017124,0.076824,0.164821,0.059687,1.133471,4.876298,10.202717,0.984961,13.881570,4395.780957,3.720815,4344.754795,4.938945,4274.830548,6.655452,11.807966,-0.645465,Yahoo Finance via yfinance,-0.195416,0.774016,0.987649,4.283296,11.573823,-0.484711,0.878423,-0.484711,4.796087,-0.484711,11.735258
2023-11-28,2023-11-27,2023-11-28T00:00:00Z,65.085714,greed,-0.228572,3.800000,64.697143,48.730000,1.309742,Monday,2023-11-27,0,True,Monday,^GSPC,4554.859863,4560.520020,4546.319824,4550.430176,4550.430176,3403990000,4559.339844,-0.195416,-0.098259,-0.097252,0.311453,-0.195416,0.806602,3.061893,10.517880,0.948830,12.990722,4417.433960,3.010712,4346.757002,4.685635,4277.175199,6.388679,11.538141,-0.839619,Yahoo Finance via yfinance,0.098012,0.425226,1.582483,4.929640,11.831181,-0.289861,1.075941,-0.289861,5.148745,-0.289861,12.320371
2023-11-29,2023-11-28,2023-11-29T00:00:00Z,63.285714,greed,-1.800000,2.114285,65.120000,50.387143,1.067418,Tuesday,2023-11-28,0,True,Tuesday,^GSPC,4545.549805,4568.140137,4540.509766,4554.890137,4554.890137,3586240000,4550.430176,0.098012,-0.107251,0.205483,0.607203,0.098012,0.165156,3.249206,9.313345,0.866300,13.133488,4436.837476,2.660739,4348.784209,4.739392,4279.497350,6.435167,11.316278,-0.742430,Yahoo Finance via yfinance,-0.094625,0.269821,1.949774,4.976848,11.298618,-0.387493,0.976972,-0.387493,5.060495,-0.387493,12.210392
2023-11-30,2023-11-29,2023-11-30T00:00:00Z,64.371429,greed,1.085715,-0.685714,64.982857,51.997143,1.060615,Wednesday,2023-11-29,0,True,Wednesday,^GSPC,4571.839844,4587.640137,4547.149902,4550.580078,4550.580078,4418760000,4554.890137,-0.094625,0.372121,-0.465016,0.888940,-0.094625,0.273019,1.220719,8.507327,1.195286,14.799420,4454.676489,2.152874,4350.916807,4.588993,4281.563800,6.283131,11.449134,-0.836353,Yahoo Finance via yfinance,0.378407,-0.027254,3.439337,5.115172,11.594128,-0.293146,1.072612,-0.293146,5.333819,-0.293146,12.316671
2023-12-01,2023-11-30,2023-12-01T00:00:00Z,64.514286,greed,0.142857,-2.342857,64.514286,53.338572,0.973853,Thursday,2023-11-30,0,True,Thursday,^GSPC,4554.870117,4569.890137,4537.240234,4567.799805,4567.799805,5399300000,4550.580078,0.378407,0.094275,0.283865,0.717489,0.378407,0.245350,1.441742,7.785532,2.291351,15.417559,4471.173486,2.161095,4354.228799,4.904910,4283.722150,6.631561,11.197350,-0.461110,Yahoo Finance via yfinance,0.587374,0.389466,3.322168,4.422923,10.989097,-0.466303,0.691587,-0.466303,4.936731,-0.466303,11.893259
2023-12-04,2023-12-03,2023-12-04T00:00:00Z,63.714286,greed,-0.800000,-1.600000,64.194286,54.718572,0.822083,Sunday,2023-12-01,2,False,Friday,^GSPC,4559.430176,4599.390137,4554.709961,4594.629883,4594.629883,4397120000,4567.799805,0.587374,-0.183231,0.772020,0.978155,0.587374,0.774016,1.916261,6.411862,3.223663,12.610439,4485.015991,2.444002,4359.521396,5.392988,4285.957299,7.201952,9.730646,0.000000,Yahoo Finance via yfinance,-0.540851,0.211992,2.710992,3.225509,10.917966,-1.047525,0.317764,-1.047525,4.323959,-1.047525,11.239865
2023-12-05,2023-12-04,2023-12-05T00:00:00Z,65.142857,greed,1.428571,0.057143,64.205714,56.030000,0.866897,Monday,2023-12-04,0,True,Monday,^GSPC,4564.370117,4572.370117,4546.720215,4569.779785,4569.779785,4369910000,4594.629883,-0.540851,-0.658590,0.118519,0.558258,-0.540851,0.425226,1.235257,4.851387,2.519121,12.098644,4495.587988,1.650325,4364.515791,4.703019,4288.354148,6.562556,9.884229,-0.540851,Yahoo Finance via yfinance,-0.056887,1.152357,3.737166,2.954853,12.414171,-0.509429,1.180148,-0.509429,4.891265,-0.509429,12.485291
2023-12-06,2023-12-05,2023-12-06T00:00:00Z,63.971429,greed,-1.171428,0.685715,64.342857,57.247143,0.678893,Tuesday,2023-12-05,0,True,Tuesday,^GSPC,4557.250000,4578.560059,4551.680176,4567.180176,4567.180176,3909950000,4569.779785,-0.056887,-0.274188,0.217898,0.588210,-0.056887,0.269821,0.435422,4.608363,1.776511,12.168879,4505.647998,1.365668,4369.110596,4.533407,4290.794598,6.441361,9.938283,-0.597430,Yahoo Finance via yfinance,-0.390620,1.675432,4.405124,2.660285,12.343941,-0.452800,1.680468,-0.452800,4.950968,-0.452800,12.753816
2023-12-07,2023-12-06,2023-12-07T00:00:00Z,66.142857,greed,2.171428,1.771428,64.697143,58.565714,0.824940,Wednesday,2023-12-06,0,True,Wednesday,^GSPC,4586.229980,4590.740234,4546.500000,4549.339844,4549.339844,4245680000,4567.180176,-0.390620,0.417102,-0.804367,0.968655,-0.390620,-0.027254,0.245691,3.904640,1.959702,13.766486,4514.195996,0.778518,4374.626797,3.993782,4293.554597,5.957424,10.173025,-0.985717,Yahoo Finance via yfinance,0.796819,3.467536,3.275426,3.251030,11.634876,0.349070,3.524689,0.349070,5.362535,0.349070,13.195982
2023-12-08,2023-12-07,2023-12-08T00:00:00Z,65.942857,greed,-0.200000,1.428571,64.982857,59.812857,0.736084,Thursday,2023-12-07,0,True,Thursday,^GSPC,4568.839844,4590.919922,4565.220215,4585.589844,4585.589844,3818880000,4549.339844,0.796819,0.428634,0.366614,0.564911,0.796819,0.389466,0.635772,4.627430,2.644689,16.348321,4524.336499,1.353864,4380.848398,4.673557,4296.527296,6.727818,10.386497,-0.196752,Yahoo Finance via yfinance,0.409550,2.921325,3.514491,3.880639,11.321770,-0.251435,3.336103,-0.251435,4.529624,-0.251435,12.301145
2023-12-11,2023-12-10,2023-12-11T00:00:00Z,67.285714,greed,1.342857,3.571428,65.697143,61.104286,0.850664,Sunday,2023-12-08,2,False,Friday,^GSPC,4576.200195,4609.229980,4574.060059,4604.370117,4604.370117,3707010000,4585.589844,0.409550,-0.204764,0.615575,0.766966,0.409550,0.211992,0.987649,5.912108,2.203503,17.042802,4537.187500,1.480711,4386.941797,4.956262,4299.487546,7.091137,9.647397,0.000000,Yahoo Finance via yfinance,0.392449,2.493714,3.263416,3.304032,12.010106,-0.238469,2.914616,-0.238469,4.103269,-0.238469,12.189507
2023-12-12,2023-12-11,2023-12-12T00:00:00Z,67.885714,greed,0.600000,2.742857,66.245714,62.504286,0.991399,Monday,2023-12-11,0,True,Monday,^GSPC,4593.390137,4623.709961,4593.390137,4622.439941,4622.439941,3823210000,4604.370117,0.392449,-0.238469,0.632426,0.658501,0.392449,1.152357,1.582483,4.692830,3.867590,16.624909,4547.547485,1.646876,4393.629600,5.207775,4302.749546,7.429909,8.416485,0.000000,Yahoo Finance via yfinance,0.459936,2.555363,3.295014,3.483231,10.843840,-0.310444,2.749199,-0.310444,3.696313,-0.310444,12.262351
2023-12-13,2023-12-12,2023-12-13T00:00:00Z,67.542857,greed,-0.342857,3.571428,66.960000,63.551429,0.987620,Tuesday,2023-12-12,0,True,Tuesday,^GSPC,4618.299805,4643.930176,4608.089844,4643.700195,4643.700195,3808380000,4622.439941,0.459936,-0.089566,0.549994,0.775355,0.459936,1.675432,1.949774,5.262332,4.270105,18.028770,4559.155005,1.854405,4400.735801,5.520995,4306.056847,7.841126,8.368122,0.000000,Yahoo Finance via yfinance,1.365068,2.684711,2.969181,2.940328,10.212540,-0.010126,2.691598,-0.010126,3.333544,-0.010126,11.748381
2023-12-14,2023-12-13,2023-12-14T00:00:00Z,70.542857,greed,3.000000,4.400000,67.840000,64.451429,1.782746,Wednesday,2023-12-13,0,True,Wednesday,^GSPC,4646.200195,4709.689941,4643.229980,4707.089844,4707.089844,5063650000,4643.700195,1.365068,0.053836,1.310526,1.431185,1.365068,3.467536,3.439337,4.702041,5.921301,17.955620,4569.724487,3.005988,4410.288594,6.729747,4309.741547,9.219771,7.071030,0.000000,Yahoo Finance via yfinance,0.264706,-0.185672,1.620115,1.630312,9.946277,-0.270868,1.506662,-0.530688,2.024819,-0.530688,10.243482
2023-12-15,2023-12-14,2023-12-15T00:00:00Z,69.457143,greed,-1.085714,3.514286,68.542857,65.171429,1.534207,Thursday,2023-12-14,0,True,Thursday,^GSPC,4721.040039,4738.569824,4694.339844,4719.549805,4719.549805,6314040000,4707.089844,0.264706,0.296366,-0.031566,0.939646,0.264706,2.921325,3.322168,4.811808,7.208886,17.411962,4580.557983,3.034386,4419.404590,6.791531,4313.582346,9.411376,7.066820,0.000000,Yahoo Finance via yfinance,-0.007625,0.576330,1.065362,0.983784,9.444974,-0.460425,1.238677,-0.793295,1.755466,-0.793295,9.952431
2023-12-18,2023-12-17,2023-12-18T00:00:00Z,70.485714,greed,1.028571,3.200000,69.182857,65.752857,1.810258,Sunday,2023-12-15,2,False,Friday,^GSPC,4714.229980,4725.529785,4704.689941,4719.189941,4719.189941,8218980000,4719.549805,-0.007625,-0.112719,0.105213,0.441564,-0.007625,2.493714,2.710992,4.679203,8.988220,18.117945,4591.105469,2.789839,4428.624590,6.561074,4317.271545,9.309546,7.108850,-0.007625,Yahoo Finance via yfinance,0.452834,0.750975,0.500936,0.424226,9.139069,-0.452834,1.246397,-0.785730,1.763226,-0.785730,9.960816
2023-12-19,2023-12-18,2023-12-19T00:00:00Z,82.971429,extreme greed,12.485715,15.085715,72.200000,66.837143,3.594126,Monday,2023-12-18,0,True,Monday,^GSPC,4725.580078,4749.520020,4725.580078,4740.560059,4740.560059,4060340000,4719.189941,0.452834,0.135407,0.316998,0.507289,0.452834,2.555363,3.737166,5.018587,9.733661,21.685428,4602.432471,3.001187,4437.265791,6.835161,4320.746146,9.716236,7.140602,0.000000,Yahoo Finance via yfinance,0.586641,0.721222,-0.754130,0.851796,7.942728,-0.901586,0.931539,-1.232981,1.304484,-1.232981,9.465120
2023-12-20,2023-12-19,2023-12-20T00:00:00Z,75.571429,extreme greed,-7.400000,8.028572,73.805714,67.557143,1.711309,Tuesday,2023-12-19,0,True,Tuesday,^GSPC,4743.720215,4768.689941,4743.720215,4768.370117,4768.370117,4026970000,4740.560059,0.586641,0.066662,0.519632,0.526725,0.586641,2.684711,4.405124,4.859727,9.935127,23.777892,4613.481982,3.357294,4445.919990,7.252720,4324.345897,10.268009,7.020557,0.000000,Yahoo Finance via yfinance,-1.468427,0.277033,-1.671220,1.498205,7.991196,-1.479547,0.356936,-1.809009,1.545595,-1.809009,8.826698
2023-12-21,2023-12-20,2023-12-21T00:00:00Z,77.000000,extreme greed,1.428571,6.457143,75.097143,68.154286,1.737447,Wednesday,2023-12-20,0,True,Wednesday,^GSPC,4764.729980,4778.009766,4697.819824,4698.350098,4698.350098,4201320000,4768.370117,-1.468427,-0.076339,-1.393151,1.681705,-1.468427,-0.185672,3.275426,3.529164,9.940736,23.068849,4621.489990,1.663102,4452.722187,5.516354,4327.905797,8.559435,9.181109,-1.468427,Yahoo Finance via yfinance,1.030147,1.809146,-0.023622,3.236883,10.219751,0.212841,2.020916,-0.345658,3.619570,-0.345658,10.448554
2023-12-22,2023-12-21,2023-12-22T00:00:00Z,79.742857,extreme greed,2.742857,10.285714,77.154286,68.798571,1.920845,Thursday,2023-12-21,0,True,Thursday,^GSPC,4724.290039,4748.709961,4708.350098,4746.750000,4746.750000,3431180000,4698.350098,1.030147,0.552107,0.475415,0.859022,1.030147,0.576330,3.514491,4.172608,11.047822,24.207793,4630.996484,2.499538,4460.118184,6.426552,4331.679497,9.582207,9.644818,-0.453407,Yahoo Finance via yfinance,0.166006,0.486229,0.353717,2.482753,10.067312,-0.210249,0.980667,-1.361777,2.563020,-1.361777,10.100383
2023-12-26,2023-12-25,2023-12-26T00:00:00Z,81.942857,extreme greed,2.200000,11.457143,79.445714,69.630000,1.942232,Monday,2023-12-22,3,False,Friday,^GSPC,4753.919922,4772.939941,4736.770020,4754.629883,4754.629883,3046770000,4746.750000,0.166006,0.151049,0.014934,0.761993,0.166006,0.750975,3.263416,4.283296,10.580498,22.591298,4640.760986,2.453669,4468.218584,6.409966,4335.861046,9.658262,9.630747,-0.288154,Yahoo Finance via yfinance,0.423169,-0.248175,0.039333,2.395979,10.240543,-0.672186,0.813311,-1.525251,3.134845,-1.525251,10.652148
2023-12-27,2023-12-26,2023-12-27T00:00:00Z,81.171429,extreme greed,-0.771428,-1.800000,79.085714,70.434286,1.592958,Tuesday,2023-12-26,0,True,Tuesday,^GSPC,4758.859863,4784.720215,4758.450195,4774.750000,4774.750000,2513910000,4754.629883,0.423169,0.088965,0.333906,0.552515,0.423169,0.721222,3.295014,4.929640,11.350153,24.915305,4651.976978,2.639158,4477.157988,6.646895,4340.426846,10.006462,9.533770,0.000000,Yahoo Finance via yfinance,0.143046,-1.464787,0.182213,2.500867,9.622078,-1.571601,0.388498,-1.940209,2.700250,-1.940209,10.185876
2023-12-28,2023-12-27,2023-12-28T00:00:00Z,81.257143,extreme greed,0.085714,5.685714,80.222857,71.332857,1.431580,Wednesday,2023-12-27,0,True,Wednesday,^GSPC,4773.450195,4785.390137,4768.899902,4781.580078,4781.580078,2748450000,4774.750000,0.143046,-0.027222,0.170315,0.345363,0.143046,0.277033,2.969181,4.976848,11.500585,24.364209,4663.311475,2.536151,4485.316992,6.605176,4345.055946,10.046456,9.526049,0.000000,Yahoo Finance via yfinance,0.037017,-1.942870,-0.028021,2.287740,9.131079,-1.966929,0.245102,-2.080279,2.616496,-2.080279,10.028485
2023-12-29,2023-12-28,2023-12-29T00:00:00Z,80.714286,extreme greed,-0.542857,3.714286,80.965714,72.150000,1.218051,Thursday,2023-12-28,0,True,Thursday,^GSPC,4786.439941,4793.299805,4780.979980,4783.350098,4783.350098,2698860000,4781.580078,0.037017,0.101637,-0.064554,0.257652,0.037017,1.809146,1.620115,5.115172,13.096263,24.916109,4674.949976,2.318744,4493.519990,6.449957,4349.376246,9.977841,9.475151,0.000000,Yahoo Finance via yfinance,-0.282648,-1.800200,0.010034,3.022569,8.785265,-2.116513,0.106203,-2.116513,3.051417,-2.116513,9.987770
2024-01-02,2024-01-01,2024-01-02T00:00:00Z,79.714286,extreme greed,-1.000000,-0.028571,80.960000,72.910000,0.974313,Monday,2023-12-29,3,False,Friday,^GSPC,4782.879883,4788.430176,4751.990234,4769.830078,4769.830078,3126060000,4783.350098,-0.282648,-0.009830,-0.272844,0.761808,-0.282648,0.486229,1.065362,4.422923,11.869366,26.078582,4685.051489,1.809555,4502.624590,5.934439,4353.765747,9.556424,9.646666,-0.282648,Yahoo Finance via yfinance,-0.566058,-0.131871,-0.080718,3.252530,10.035162,-1.839064,-0.110906,-1.839064,3.380828,-1.839064,10.299529
2024-01-03,2024-01-02,2024-01-03T00:00:00Z,76.714286,extreme greed,-3.000000,-5.228571,79.914286,73.560000,0.472115,Tuesday,2024-01-02,0,True,Tuesday,^GSPC,4745.200195,4754.330078,4722.669922,4742.830078,4742.830078,3743050000,4769.830078,-0.566058,-0.516368,-0.049948,0.663759,-0.566058,-0.248175,0.500936,3.225509,11.381365,23.213433,4692.461499,1.073394,4511.921191,5.117751,4357.678497,8.838458,9.926307,-0.847105,Yahoo Finance via yfinance,-0.801631,0.288223,-0.076328,2.167900,10.785122,-1.280253,0.477355,-1.280253,3.969355,-1.280253,11.006509
2024-01-04,2024-01-03,2024-01-04T00:00:00Z,78.685714,extreme greed,1.971428,-2.485715,79.417143,74.237143,0.687992,Wednesday,2024-01-03,0,True,Wednesday,^GSPC,4725.069824,4729.290039,4699.709961,4704.810059,4704.810059,3950760000,4742.830078,-0.801631,-0.374465,-0.428772,0.623680,-0.801631,-1.464787,-0.754130,2.954853,9.198330,22.537051,4699.213013,0.119106,4521.534189,4.053400,4361.619348,7.868424,10.209876,-1.641946,Yahoo Finance via yfinance,-0.342838,1.671484,1.618129,4.280298,11.455509,-0.482489,1.827699,-0.482489,4.809541,-0.482489,11.903563
2024-01-05,2024-01-04,2024-01-05T00:00:00Z,75.771429,extreme greed,-2.914285,-5.485714,78.320000,74.827143,0.157337,Thursday,2024-01-04,0,True,Thursday,^GSPC,4697.419922,4726.779785,4687.529785,4688.680176,4688.680176,3715480000,4704.810059,-0.342838,-0.157076,-0.186054,0.834253,-0.342838,-1.942870,-1.671220,2.660285,8.142244,22.607444,4705.288013,-0.352961,4530.966992,3.480784,4365.304899,7.407851,10.335545,-1.979155,Yahoo Finance via yfinance,0.182569,1.952790,3.223293,5.757051,11.029327,-0.140131,2.342233,-0.140131,6.112805,-0.140131,12.288531
2024-01-08,2024-01-07,2024-01-08T00:00:00Z,76.171429,extreme greed,0.400000,-4.542857,77.411429,75.328572,0.149274,Sunday,2024-01-05,2,False,Friday,^GSPC,4690.569824,4721.490234,4682.109863,4697.240234,4697.240234,3844370000,4688.680176,0.182569,0.040302,0.142209,0.839903,0.182569,-1.800200,-0.023622,3.251030,7.778369,21.912194,4712.683032,-0.327686,4539.958193,3.464394,4368.776749,7.518431,10.148694,-1.800200,Yahoo Finance via yfinance,1.411463,1.843420,3.261275,5.227960,10.947918,0.054917,2.238754,0.054917,5.919429,0.054917,12.083901
2024-01-09,2024-01-08,2024-01-09T00:00:00Z,75.685714,extreme greed,-0.485715,-4.028572,76.605714,75.815714,-0.025018,Monday,2024-01-08,0,True,Monday,^GSPC,4703.700195,4764.540039,4699.819824,4763.540039,4763.540039,3742320000,4697.240234,1.411463,0.137527,1.272187,1.377835,1.411463,-0.131871,0.353717,3.880639,8.832402,25.089675,4721.580542,0.888675,4551.493594,4.658832,4372.909600,8.932964,10.867647,-0.414146,Yahoo Finance via yfinance,-0.147790,0.051221,2.121533,4.003114,8.054302,-0.696749,0.815777,-1.022773,4.445223,-1.022773,10.523897
2024-01-10,2024-01-09,2024-01-10T00:00:00Z,76.371429,extreme greed,0.685715,-0.342857,76.537143,76.270000,0.021163,Tuesday,2024-01-09,0,True,Tuesday,^GSPC,4741.930176,4765.470215,4730.350098,4756.500000,4756.500000,3529960000,4763.540039,-0.147790,-0.453651,0.307255,0.737269,-0.147790,0.288223,0.039333,3.304032,9.354635,22.115590,4729.187036,0.577540,4563.878994,4.220555,4376.948500,8.671601,10.900217,-0.561324,Yahoo Finance via yfinance,0.566597,-0.363503,2.355720,5.015454,9.415323,-0.876278,0.964993,-0.876278,5.117001,-0.876278,10.687482
2024-01-11,2024-01-10,2024-01-11T00:00:00Z,74.657143,greed,-1.714286,-4.028571,75.731429,76.608572,-0.444334,Wednesday,2024-01-10,0,True,Wednesday,^GSPC,4759.939941,4790.799805,4756.200195,4783.450195,4783.450195,3498680000,4756.500000,0.566597,0.072321,0.493919,0.727417,0.566597,1.671484,0.182213,3.483231,10.528965,22.901836,4737.237549,0.975519,4577.200596,4.506021,4381.010801,9.185994,10.965766,0.000000,Yahoo Finance via yfinance,-0.067106,-0.052478,2.314437,4.483374,8.758112,-1.434746,0.396151,-1.434746,4.535423,-1.434746,10.063864
2024-01-12,2024-01-11,2024-01-12T00:00:00Z,73.085714,greed,-1.571429,-2.685715,75.194286,76.885714,-0.964125,Thursday,2024-01-11,0,True,Thursday,^GSPC,4792.129883,4798.500000,4739.580078,4780.240234,4780.240234,3759890000,4783.450195,-0.067106,0.181452,-0.248108,1.231745,-0.067106,1.952790,-0.028021,2.940328,9.296862,21.968240,4744.064551,0.762546,4589.469004,4.156717,4385.024352,9.012855,10.942805,-0.067106,Yahoo Finance via yfinance,0.075098,1.246168,2.316410,5.153917,8.988459,-1.368559,1.293441,-1.368559,5.226094,-1.368559,10.137772
2024-01-16,2024-01-15,2024-01-16T00:00:00Z,72.285714,greed,-0.800000,-3.885715,74.417143,76.972857,-1.229936,Monday,2024-01-12,3,False,Friday,^GSPC,4791.180176,4802.399902,4768.979980,4783.830078,4783.830078,3486340000,4780.240234,0.075098,0.228858,-0.153409,0.699126,0.075098,1.843420,0.010034,1.630312,9.389689,20.511334,4747.901563,0.756724,4601.269609,3.967611,4389.087152,8.993736,9.951906,0.000000,Yahoo Finance via yfinance,-0.373134,1.392192,3.012233,4.975297,7.876744,-1.442573,1.768041,-1.442573,5.530298,-1.442573,10.055123
2024-01-17,2024-01-16,2024-01-17T00:00:00Z,57.214286,greed,-15.071428,-18.471428,70.722857,76.360714,-3.400466,Tuesday,2024-01-16,0,True,Tuesday,^GSPC,4772.350098,4782.339844,4747.120117,4765.979980,4765.979980,4260550000,4783.830078,-0.373134,-0.239975,-0.133480,0.736224,-0.373134,0.051221,-0.080718,0.983784,10.461685,19.652942,4750.223071,0.331709,4611.832012,3.342445,4392.778002,8.495808,10.054260,-0.373134,Yahoo Finance via yfinance,-0.561690,2.069252,3.335940,3.927628,9.086905,-1.073445,2.149194,-1.073445,5.925542,-1.073445,10.467315
2024-01-18,2024-01-17,2024-01-18T00:00:00Z,66.457143,greed,9.242857,-9.914286,68.740000,76.159286,-1.639828,Wednesday,2024-01-17,0,True,Wednesday,^GSPC,4739.129883,4744.229980,4714.819824,4739.209961,4739.209961,3928600000,4765.979980,-0.561690,-0.563370,0.001690,0.617085,-0.561690,-0.363503,-0.076328,0.424226,10.780972,18.507207,4751.224072,-0.252863,4620.260615,2.574516,4396.219901,7.801931,10.286684,-0.932728,Yahoo Finance via yfinance,0.880526,2.729144,2.245943,5.515902,8.106841,0.028694,3.470414,0.028694,6.523876,0.028694,11.091303
2024-01-19,2024-01-18,2024-01-19T00:00:00Z,72.828571,greed,6.371428,-1.828572,68.374286,75.652143,-0.492443,Thursday,2024-01-18,0,True,Thursday,^GSPC,4760.100098,4785.790039,4740.569824,4780.939941,4780.939941,4019000000,4739.209961,0.880526,0.440794,0.437803,0.954172,0.880526,-0.052478,1.618129,0.851796,13.180840,19.793934,4753.243066,0.582694,4628.712617,3.288762,4399.578051,8.668147,10.629925,-0.060415,Yahoo Finance via yfinance,1.231350,2.368158,2.619778,5.203789,5.874993,0.103121,2.567283,0.103121,5.594092,0.103121,10.121653
2024-01-22,2024-01-21,2024-01-22T00:00:00Z,72.857143,greed,0.028572,-0.228571,68.328571,75.516429,-0.461055,Sunday,2024-01-19,2,False,Friday,^GSPC,4796.279785,4842.069824,4785.870117,4839.810059,4839.810059,4287200000,4780.939941,1.231350,0.320854,0.907584,1.175495,1.231350,1.246168,3.223293,1.498205,14.767942,23.186113,4756.815063,1.744760,4638.189219,4.346973,4403.154552,9.916879,11.291734,0.000000,Yahoo Finance via yfinance,0.219433,1.057070,2.454638,3.424923,4.372074,0.087601,1.381870,0.087601,4.309675,0.087601,8.782164
2024-01-23,2024-01-22,2024-01-23T00:00:00Z,70.257143,greed,-2.600000,-2.028571,67.922857,75.179286,-0.838145,Monday,2024-01-22,0,True,Monday,^GSPC,4853.419922,4868.410156,4844.049805,4850.430176,4850.430176,4297610000,4839.810059,0.219433,0.281207,-0.061601,0.503333,0.219433,1.392192,3.261275,3.236883,14.190098,24.406685,4764.419067,1.805280,4647.630225,4.363513,4406.903702,10.064356,9.706482,0.000000,Yahoo Finance via yfinance,0.292137,1.597796,1.904571,2.578732,3.541537,-0.124939,1.626245,-0.124939,4.081287,-0.124939,8.543983
2024-01-24,2024-01-23,2024-01-24T00:00:00Z,72.485714,greed,2.228571,15.271428,70.977143,74.816429,-0.401875,Tuesday,2024-01-23,0,True,Tuesday,^GSPC,4856.799805,4866.479980,4844.370117,4864.600098,4864.600098,3912800000,4850.430176,0.292137,0.131321,0.160606,0.455833,0.292137,2.069252,2.121533,2.482753,16.189809,22.453500,4770.311572,1.976570,4657.266631,4.451827,4410.774803,10.289015,9.168802,0.000000,Yahoo Finance via yfinance,0.081193,1.241009,1.842492,2.409236,3.011964,0.027543,1.366808,-0.399831,3.778112,-0.399831,8.227809
2024-01-25,2024-01-24,2024-01-25T00:00:00Z,73.228571,greed,0.742857,6.771428,72.331428,74.380714,-0.207282,Wednesday,2024-01-24,0,True,Wednesday,^GSPC,4888.560059,4903.680176,4865.939941,4868.549805,4868.549805,4330030000,4864.600098,0.081193,0.492537,-0.409328,0.775814,0.081193,2.729144,2.355720,2.395979,17.676557,21.113927,4776.007568,1.937648,4667.690625,4.303181,4414.592452,10.283109,9.168625,0.000000,Yahoo Finance via yfinance,0.526037,-0.470364,2.598520,4.487578,2.026891,-0.480634,1.284572,-0.480634,4.638760,-0.480634,8.140007
2024-01-26,2024-01-25,2024-01-26T00:00:00Z,73.800000,greed,0.571429,0.971429,72.525714,74.012143,-0.039848,Thursday,2024-01-25,0,True,Thursday,^GSPC,4886.660156,4898.149902,4869.339844,4894.160156,4894.160156,4020430000,4868.549805,0.526037,0.371987,0.153479,0.591759,0.526037,2.368158,2.314437,2.500867,18.866170,21.837718,4781.978076,2.345935,4677.269023,4.637132,4418.517704,10.764752,9.220855,0.000000,Yahoo Finance via yfinance,-0.065179,0.245799,2.119873,3.976978,2.379161,-1.001403,0.754566,-1.001403,4.431810,-1.001403,7.574128
2024-01-29,2024-01-28,2024-01-29T00:00:00Z,74.114286,greed,0.314286,1.257143,72.777143,73.655000,0.091048,Sunday,2024-01-26,2,False,Friday,^GSPC,4888.910156,4906.689941,4881.470215,4890.970215,4890.970215,3353400000,4894.160156,-0.065179,-0.107271,0.042137,0.515302,-0.065179,1.057070,2.316410,2.287740,17.378971,21.780437,4787.447583,2.162376,4686.857432,4.355003,4422.427855,10.594686,9.245095,-0.065179,Yahoo Finance via yfinance,0.755677,1.382949,2.773267,3.650801,3.671656,-0.936835,1.723990,-0.936835,4.499922,-0.936835,7.644289
2024-01-30,2024-01-29,2024-01-30T00:00:00Z,74.228571,greed,0.114285,3.971428,73.571428,73.330714,0.188323,Monday,2024-01-29,0,True,Monday,^GSPC,4892.950195,4929.310059,4887.399902,4927.930176,4927.930176,3525160000,4890.970215,0.755677,0.040482,0.714906,0.856888,0.755677,1.597796,3.012233,3.022569,17.505136,21.364739,4794.676587,2.779199,4695.502031,4.950017,4426.607756,11.325205,9.513000,0.000000,Yahoo Finance via yfinance,-0.060065,0.301950,1.905661,3.048947,2.916026,-1.679818,0.961050,-1.679818,3.716162,-1.679818,6.836946
2024-01-31,2024-01-30,2024-01-31T00:00:00Z,64.114286,greed,-10.114285,-8.371428,71.897143,72.550714,-1.707348,Tuesday,2024-01-30,0,True,Tuesday,^GSPC,4925.890137,4931.089844,4916.270020,4924.970215,4924.970215,3836130000,4927.930176,-0.060065,-0.041397,-0.018675,0.300731,-0.060065,1.241009,3.335940,3.252530,16.213617,20.989990,4802.433594,2.551553,4703.943838,4.698746,4430.501506,11.160558,9.410781,-0.060065,Yahoo Finance via yfinance,-1.610574,0.594110,0.572586,2.939907,2.506608,-1.620727,1.021728,-1.620727,3.778497,-1.620727,6.901156
2024-02-01,2024-01-31,2024-02-01T00:00:00Z,72.342857,greed,8.228571,-0.885714,71.720000,72.332143,0.002212,Wednesday,2024-01-31,0,True,Wednesday,^GSPC,4899.189941,4906.750000,4845.149902,4845.649902,4845.649902,4696120000,4924.970215,-1.610574,-0.523461,-1.092835,1.250771,-1.610574,-0.470364,2.245943,2.167900,12.225499,20.605457,4807.574585,0.791986,4710.692031,2.864927,4434.041555,9.282916,11.066945,-1.669672,Yahoo Finance via yfinance,1.249369,3.083387,3.198131,5.172064,5.248214,0.162416,3.183066,0.162416,5.477287,0.162416,8.651062
2024-02-02,2024-02-01,2024-02-02T00:00:00Z,74.600000,greed,2.257143,0.800000,71.880000,72.127857,0.532442,Thursday,2024-02-01,0,True,Thursday,^GSPC,4861.109863,4906.970215,4853.520020,4906.189941,4906.189941,4386090000,4845.649902,1.249369,0.319048,0.927362,1.103055,1.249369,0.245799,2.619778,4.280298,12.570156,20.350042,4817.643579,1.837960,4718.535430,3.976965,4437.815906,10.554156,11.220708,-0.441164,Yahoo Finance via yfinance,1.068445,1.869479,2.518044,4.706099,4.279899,0.036694,1.920227,0.036694,4.772341,0.036694,7.310360
2024-02-05,2024-02-04,2024-02-05T00:00:00Z,73.314286,greed,-1.285714,-0.800000,71.720000,72.005000,0.286275,Sunday,2024-02-02,2,False,Friday,^GSPC,4916.060059,4975.290039,4907.990234,4958.609863,4958.609863,3974350000,4906.189941,1.068445,0.201177,0.865527,1.371733,1.068445,1.382949,2.454638,5.757051,13.573811,20.377692,4831.140063,2.638503,4726.760029,4.905048,4441.834604,11.634275,11.411538,0.000000,Yahoo Finance via yfinance,-0.318634,1.371352,0.947039,3.475578,1.554470,-0.817165,1.440932,-0.817165,3.853097,-0.817165,6.175929
2024-02-06,2024-02-05,2024-02-06T00:00:00Z,73.200000,greed,-0.114286,-1.028571,71.514286,71.856429,0.300016,Monday,2024-02-05,0,True,Monday,^GSPC,4957.189941,4957.189941,4918.089844,4942.810059,4942.810059,4023640000,4958.609863,-0.318634,-0.028635,-0.290081,0.788529,-0.318634,0.301950,1.904571,5.227960,12.891302,18.255841,4843.418555,2.052094,4734.852432,4.392061,4445.776055,11.179915,11.606888,-0.318634,Yahoo Finance via yfinance,0.231041,1.598884,0.661561,2.748231,1.529091,-0.160439,2.136033,-0.455207,4.185066,-0.455207,6.515323
2024-02-07,2024-02-06,2024-02-07T00:00:00Z,73.771429,greed,0.571429,9.657143,73.445714,71.760714,0.455722,Tuesday,2024-02-06,0,True,Tuesday,^GSPC,4950.160156,4957.770020,4934.879883,4954.229980,4954.229980,4440880000,4942.810059,0.231041,0.148703,0.082216,0.463100,0.231041,0.594110,1.842492,4.003114,13.038533,19.769224,4852.953052,2.086913,4742.804629,4.457813,4449.898254,11.333556,10.777217,-0.088329,Yahoo Finance via yfinance,0.824146,-0.021397,0.556491,3.038409,2.219724,-0.684666,1.900601,-0.684666,3.944911,-0.684666,6.269796
2024-02-08,2024-02-07,2024-02-08T00:00:00Z,74.600000,greed,0.828571,2.257143,73.897143,71.672143,0.675904,Wednesday,2024-02-07,0,True,Wednesday,^GSPC,4973.049805,4999.890137,4969.049805,4995.060059,4995.060059,4895590000,4954.229980,0.824146,0.379874,0.442591,0.622505,0.824146,3.083387,2.598520,5.015454,14.898960,21.502378,4864.881055,2.675893,4751.519033,5.125540,4454.205955,12.142548,10.914192,0.000000,Yahoo Finance via yfinance,0.057058,0.111311,1.841214,3.249206,2.657225,-1.496479,1.067656,-1.496479,3.414575,-1.496479,5.401137
2024-02-09,2024-02-08,2024-02-09T00:00:00Z,75.428571,extreme greed,0.828571,0.828571,74.062857,71.710714,0.852120,Thursday,2024-02-08,0,True,Thursday,^GSPC,4995.160156,5000.399902,4987.089844,4997.910156,4997.910156,4341860000,4995.060059,0.057058,0.002004,0.055053,0.266464,0.057058,1.869479,2.119873,4.483374,13.196789,20.026661,4875.604053,2.508532,4760.468633,4.987776,4458.510305,12.098208,10.866202,0.000000,Yahoo Finance via yfinance,0.574234,0.636663,1.818553,2.516648,3.658131,-1.552651,1.010022,-1.552651,3.828592,-1.552651,5.341031
2024-02-12,2024-02-11,2024-02-12T00:00:00Z,75.828571,extreme greed,0.400000,2.514285,74.565714,71.847857,0.894384,Sunday,2024-02-09,2,False,Friday,^GSPC,5004.169922,5030.060059,5000.339844,5026.609863,5026.609863,3912990000,4997.910156,0.574234,0.125248,0.448425,0.594653,0.574234,1.371352,2.773267,5.153917,13.942040,22.068502,4887.922534,2.837347,4769.903027,5.381804,4463.285205,12.621301,10.878543,0.000000,Yahoo Finance via yfinance,-0.094895,-0.418573,0.853854,1.816932,3.204751,-2.114741,0.433299,-2.114741,3.235777,-2.114741,4.739581
2024-02-13,2024-02-12,2024-02-13T00:00:00Z,66.742857,greed,-9.085714,-6.457143,73.274286,71.570714,-1.051270,Monday,2024-02-12,0,True,Monday,^GSPC,5026.830078,5048.390137,5016.830078,5021.839844,5021.839844,3805740000,5026.609863,-0.094895,0.004381,-0.099272,0.627860,-0.094895,1.598884,1.905661,4.975297,11.703175,23.039075,4899.823022,2.490229,4779.328223,5.074178,4468.114454,12.392820,10.932188,-0.094895,Yahoo Finance via yfinance,-1.367426,-0.922572,1.121906,3.055258,3.302178,-2.021765,0.335741,-2.021765,3.333836,-2.021765,4.839068
2024-02-14,2024-02-13,2024-02-14T00:00:00Z,67.514286,greed,0.771429,-6.257143,72.022857,72.085714,-1.389158,Tuesday,2024-02-13,0,True,Tuesday,^GSPC,4967.939941,4971.299805,4920.310059,4953.169922,4953.169922,4302190000,5021.839844,-1.367426,-1.073310,-0.297307,1.015360,-1.367426,-0.021397,0.572586,3.927628,10.000046,21.090781,4909.182520,0.896023,4787.035625,3.470505,4472.203553,10.754572,12.177071,-1.461023,Yahoo Finance via yfinance,0.957976,0.578011,2.353843,4.282917,5.267539,-0.144754,1.726778,-0.144754,4.766439,-0.144754,6.292540
2024-02-15,2024-02-14,2024-02-15T00:00:00Z,73.857143,greed,6.342857,-0.742857,71.874286,72.455714,0.462466,Wednesday,2024-02-14,0,True,Wednesday,^GSPC,4976.439941,5002.520020,4956.450195,5000.620117,5000.620117,3845600000,4953.169922,0.957976,0.469801,0.485893,0.930108,0.957976,0.111311,3.198131,5.515902,10.921776,20.867043,4922.253027,1.592098,4795.155430,4.284839,4476.359254,11.711769,12.118239,-0.517043,Yahoo Finance via yfinance,0.582125,1.727979,1.912761,2.996826,4.440650,-1.092267,1.875168,-1.092267,3.772325,-1.092267,5.283944
2024-02-16,2024-02-15,2024-02-16T00:00:00Z,73.485714,greed,-0.371429,-1.942857,71.485714,72.488571,0.328208,Thursday,2024-02-15,0,True,Thursday,^GSPC,5003.140137,5032.720215,4999.439941,5029.729980,5029.729980,4137970000,5000.620117,0.582125,0.050394,0.531463,0.665523,0.582125,0.636663,2.518044,5.203789,11.424627,21.604740,4934.692529,1.925904,4804.354434,4.691068,4480.668553,12.254007,11.964684,0.000000,Yahoo Finance via yfinance,-0.480347,1.174413,2.134311,1.736870,3.811138,-1.664701,1.616987,-1.664701,3.171737,-1.664701,4.674607
2024-02-20,2024-02-19,2024-02-20T00:00:00Z,63.742857,greed,-9.742857,-12.085714,69.068571,72.032857,-2.296564,Monday,2024-02-16,3,False,Friday,^GSPC,5031.129883,5038.700195,4999.520020,5005.569824,5005.569824,3833270000,5029.729980,-0.480347,0.027833,-0.508038,0.778972,-0.480347,-0.418573,0.947039,3.424923,10.075911,20.685932,4942.980518,1.266226,4813.122227,3.998394,4485.098502,11.604457,11.653979,-0.480347,Yahoo Finance via yfinance,-0.600532,1.277776,2.504817,2.873801,4.816841,-1.190071,2.107457,-1.190071,3.669711,-1.190071,5.179835
2024-02-21,2024-02-20,2024-02-21T00:00:00Z,63.700000,greed,-0.042857,-3.042857,68.460000,71.705000,-1.976352,Tuesday,2024-02-20,0,True,Tuesday,^GSPC,4989.319824,4993.709961,4955.020020,4975.509766,4975.509766,4034880000,5005.569824,-0.600532,-0.324638,-0.276792,0.772938,-0.600532,-0.922572,0.661561,2.578732,9.636437,21.638415,4949.234497,0.530896,4821.645625,3.191113,4489.522301,10.824926,11.968091,-1.077995,Yahoo Finance via yfinance,0.126420,2.063515,2.072956,4.079984,6.685549,-0.593100,2.724350,-0.593100,4.296042,-0.593100,6.758101
2024-02-22,2024-02-21,2024-02-22T00:00:00Z,73.942857,greed,10.242857,6.428571,69.745714,71.777857,0.530873,Wednesday,2024-02-21,0,True,Wednesday,^GSPC,4963.029785,4983.209961,4946.000000,4981.799805,4981.799805,3788390000,4975.509766,0.126420,-0.250828,0.378197,0.747862,0.126420,0.578011,0.556491,2.409236,9.331032,22.130174,4955.094482,0.538947,4829.569824,3.152040,4494.125200,10.851380,11.952777,-0.952937,Yahoo Finance via yfinance,2.112288,1.765626,2.468184,4.874148,6.329044,1.144772,2.594650,1.144772,4.905660,-0.566858,6.898921
2024-02-23,2024-02-22,2024-02-23T00:00:00Z,73.342857,greed,-0.600000,-0.514286,69.642857,71.783571,0.382140,Thursday,2024-02-22,0,True,Thursday,^GSPC,5038.830078,5094.390137,5038.830078,5087.029785,5087.029785,4051710000,4981.799805,2.112288,1.144772,0.956565,1.115261,2.112288,1.727979,1.841214,4.487578,11.573823,27.260370,4966.018481,2.436787,4839.223018,5.120797,4498.879099,13.073272,13.880212,0.000000,Yahoo Finance via yfinance,0.034795,0.181643,1.382537,3.037136,4.250815,-0.584619,0.472383,-0.593862,3.421846,-2.623726,4.687617
2024-02-26,2024-02-25,2024-02-26T00:00:00Z,71.914286,greed,-1.428571,-1.571428,69.328571,71.689286,0.055514,Sunday,2024-02-23,2,False,Friday,^GSPC,5100.919922,5111.060059,5081.459961,5088.799805,5088.799805,3672790000,5087.029785,0.034795,0.273050,-0.237606,0.581874,0.034795,1.174413,1.818553,3.976978,11.831181,27.505287,4975.750464,2.272006,4848.550215,4.955081,4503.632498,12.993230,13.847626,0.000000,Yahoo Finance via yfinance,-0.378675,0.948756,0.685626,2.856870,4.310055,-0.619198,1.012621,-0.628439,3.385873,-2.657596,4.651203
2024-02-27,2024-02-26,2024-02-27T00:00:00Z,75.771429,extreme greed,3.857143,12.028572,71.734286,71.772143,0.970325,Monday,2024-02-26,0,True,Monday,^GSPC,5093.000000,5097.660156,5068.910156,5069.529785,5069.529785,3683930000,5088.799805,-0.378675,0.082538,-0.460833,0.564966,-0.378675,1.277776,0.853854,3.650801,11.298618,26.349087,4984.678442,1.702243,4857.066807,4.374306,4508.384297,12.446709,13.971051,-0.378675,Yahoo Finance via yfinance,0.170635,1.211560,0.954924,2.932425,4.968515,-0.241438,1.580820,-0.250713,3.778858,-2.287583,5.048998
2024-02-28,2024-02-27,2024-02-28T00:00:00Z,76.771429,extreme greed,1.000000,13.071429,74.348572,71.899286,1.149386,Tuesday,2024-02-27,0,True,Tuesday,^GSPC,5074.600098,5080.689941,5057.290039,5078.180176,5078.180176,3925950000,5069.529785,0.170635,0.100015,0.070549,0.461579,0.170635,2.063515,1.121906,3.048947,11.594128,27.912568,4992.190942,1.722475,4864.488613,4.392889,4513.086997,12.521212,13.806427,-0.208686,Yahoo Finance via yfinance,-0.165816,0.009250,1.911902,2.469387,4.506134,-0.420630,1.407783,-0.420630,3.602076,-2.454031,4.870053
2024-02-29,2024-02-28,2024-02-29T00:00:00Z,77.457143,extreme greed,0.685714,3.514286,75.051429,72.566429,1.225138,Wednesday,2024-02-28,0,True,Wednesday,^GSPC,5067.200195,5077.370117,5058.350098,5069.759766,5069.759766,3789370000,5078.180176,-0.165816,-0.216219,0.050513,0.374544,-0.165816,1.765626,2.353843,2.939907,10.989097,27.309248,4999.430420,1.406747,4871.492812,4.069942,4517.782695,12.217876,13.833237,-0.374156,Yahoo Finance via yfinance,0.522909,0.690368,1.884710,3.525423,3.907090,-0.255238,1.576212,-0.255238,3.774150,-2.292016,5.367515
2024-03-01,2024-02-29,2024-03-01T00:00:00Z,76.828571,extreme greed,-0.628572,3.485714,75.748572,72.790714,0.984072,Thursday,2024-02-29,0,True,Thursday,^GSPC,5085.359863,5104.990234,5061.890137,5096.270020,5096.270020,5219740000,5069.759766,0.522909,0.307709,0.214541,0.850141,0.522909,0.181643,1.912761,5.172064,10.917966,28.364675,5011.961426,1.682148,4879.034414,4.452430,4522.643645,12.683431,12.212854,0.000000,Yahoo Finance via yfinance,0.800783,1.198717,1.063718,3.101878,4.090250,-0.774099,1.360801,-0.774099,3.307911,-2.800283,4.819404
2024-03-04,2024-03-03,2024-03-04T00:00:00Z,79.228571,extreme greed,2.400000,7.314285,77.211429,73.022143,1.431823,Sunday,2024-03-01,2,False,Friday,^GSPC,5098.509766,5140.330078,5094.160156,5137.080078,5137.080078,4748110000,5096.270020,0.800783,0.043949,0.756502,0.905955,0.800783,0.948756,2.134311,4.706099,12.414171,30.006914,5023.505933,2.260854,4886.964814,5.118008,4527.647646,13.460244,11.826242,0.000000,Yahoo Finance via yfinance,-0.119326,-0.260657,-0.389136,2.076860,3.289027,-1.562371,1.015746,-1.562371,2.487211,-3.572458,3.986697
2024-03-05,2024-03-04,2024-03-05T00:00:00Z,76.114286,extreme greed,-3.114285,0.342857,77.280000,73.162143,0.672556,Monday,2024-03-04,0,True,Monday,^GSPC,5130.990234,5149.669922,5127.180176,5130.950195,5130.950195,4758440000,5137.080078,-0.119326,-0.118547,-0.000780,0.437792,-0.119326,1.211560,2.504817,3.475578,12.343941,28.874630,5032.122949,1.963927,4894.216416,4.837011,4532.752898,13.197218,11.458975,-0.119326,Yahoo Finance via yfinance,-1.019310,-0.253564,0.359967,1.458986,2.650581,-1.444769,1.136428,-1.444769,2.609651,-3.457257,4.110928
2024-03-06,2024-03-05,2024-03-06T00:00:00Z,72.542857,greed,-3.571429,-4.228572,76.434286,73.129286,-0.133534,Tuesday,2024-03-05,0,True,Tuesday,^GSPC,5110.520020,5114.540039,5056.819824,5078.649902,5078.649902,4418410000,5130.950195,-1.019310,-0.398175,-0.623618,1.124942,-1.019310,0.009250,2.072956,2.748231,11.634876,25.533909,5038.914941,0.788562,4901.822412,3.607383,4537.352297,11.929812,12.109495,-1.137420,Yahoo Finance via yfinance,0.514110,1.902476,1.966268,2.615662,3.088027,0.245936,2.177938,0.245936,3.666333,-2.463053,5.183070
2024-03-07,2024-03-06,2024-03-07T00:00:00Z,73.857143,greed,1.314286,-3.600000,75.714286,73.133571,0.164736,Wednesday,2024-03-06,0,True,Wednesday,^GSPC,5108.029785,5127.970215,5092.220215,5104.759766,5104.759766,4559050000,5078.649902,0.514110,0.578498,-0.064017,0.703927,0.514110,0.690368,2.468184,3.038409,11.321770,26.092645,5046.441431,1.155633,4908.982607,3.988141,4541.885847,12.392956,12.179699,-0.629157,Yahoo Finance via yfinance,1.030413,1.186154,2.348012,0.831581,3.384097,-0.266803,1.655318,-0.266803,3.136099,-2.961936,4.645079
2024-03-08,2024-03-07,2024-03-08T00:00:00Z,70.028571,greed,-3.828572,-6.800000,74.354286,72.905000,-0.649197,Thursday,2024-03-07,0,True,Thursday,^GSPC,5132.379883,5165.620117,5128.209961,5157.359863,5157.359863,4137980000,5104.759766,1.030413,0.541066,0.486713,0.732849,1.030413,1.198717,1.382537,3.249206,12.010106,29.374838,5054.556421,2.033877,4917.037207,4.887550,4546.712747,13.430519,12.351346,0.000000,Yahoo Finance via yfinance,-0.652852,-0.133399,1.632035,0.910931,2.443887,-1.283985,0.618532,-1.283985,2.084210,-3.951630,3.577800
2024-03-11,2024-03-10,2024-03-11T00:00:00Z,62.771429,greed,-7.257142,-16.457142,71.062857,72.272143,-1.928131,Sunday,2024-03-08,2,False,Friday,^GSPC,5164.459961,5189.259766,5117.500000,5123.689941,5123.689941,4208870000,5157.359863,-0.652852,0.137669,-0.789434,1.391405,-0.652852,-0.260657,0.685626,2.516648,10.843840,28.348625,5060.845410,1.241779,4924.016006,4.055103,4551.368047,12.574722,12.684573,-0.652852,Yahoo Finance via yfinance,-0.112224,-0.128815,2.156458,1.536006,3.272054,-0.635281,1.096479,-0.635281,2.755049,-3.320456,4.258453
2024-03-12,2024-03-11,2024-03-12T00:00:00Z,72.200000,greed,9.428571,-3.914286,70.280000,72.090714,0.022506,Monday,2024-03-11,0,True,Monday,^GSPC,5111.959961,5124.660156,5091.140137,5117.939941,5117.939941,3896430000,5123.689941,-0.112224,-0.228936,0.116980,0.654216,-0.112224,-0.253564,0.954924,1.816932,10.212540,30.615668,5065.411914,1.036994,4930.743203,3.796522,4556.229846,12.328397,12.597575,-0.764343,Yahoo Finance via yfinance,1.120179,0.615091,1.958796,1.797016,4.612986,-0.265533,1.210061,-0.265533,2.870494,-3.211837,4.615533
2024-03-13,2024-03-12,2024-03-13T00:00:00Z,71.771429,greed,-0.428571,-0.771428,70.125714,72.342143,-0.121641,Tuesday,2024-03-12,0,True,Tuesday,^GSPC,5134.299805,5179.870117,5114.479980,5175.270020,5175.270020,4080510000,5117.939941,1.120179,0.319657,0.797971,1.277665,1.120179,1.902476,1.911902,3.055258,9.946277,34.019145,5073.083423,2.014290,4938.581602,4.792640,4561.529995,13.454697,13.086014,0.000000,Yahoo Finance via yfinance,-0.192453,0.062601,0.547026,-0.282688,3.433443,-1.370362,0.097387,-1.370362,1.730926,-4.284027,3.614885
2024-03-14,2024-03-13,2024-03-14T00:00:00Z,70.400000,greed,-1.371429,-3.457143,69.434286,72.486429,-0.455699,Wednesday,2024-03-13,0,True,Wednesday,^GSPC,5173.490234,5179.140137,5151.879883,5165.310059,5165.310059,4282890000,5175.270020,-0.192453,-0.034390,-0.158117,0.526741,-0.192453,1.186154,1.884710,4.282917,9.444974,33.963474,5083.690430,1.605519,4946.491201,4.423719,4566.600146,13.110627,11.883835,-0.192453,Yahoo Finance via yfinance,-0.287109,1.148238,1.610362,0.653397,3.517314,-1.180180,1.178630,-1.180180,1.927087,-4.099463,4.061131
2024-03-15,2024-03-14,2024-03-15T00:00:00Z,68.628571,greed,-1.771429,-1.400000,69.154286,72.225000,-0.774270,Thursday,2024-03-14,0,True,Thursday,^GSPC,5175.140137,5176.850098,5123.299805,5150.479980,5150.479980,4687970000,5165.310059,-0.287109,0.190310,-0.476512,1.036729,-0.287109,-0.133399,1.063718,2.996826,9.139069,31.413596,5091.183423,1.164691,4954.644199,3.952570,4571.325295,12.669295,11.667866,-0.479010,Yahoo Finance via yfinance,-0.648292,1.767793,2.016708,-0.525579,4.083310,-0.895642,2.147763,-0.895642,2.220572,-3.823331,4.360761
2024-03-18,2024-03-17,2024-03-18T00:00:00Z,70.742857,greed,2.114286,7.971428,70.748571,72.087857,-0.289482,Sunday,2024-03-15,2,False,Friday,^GSPC,5123.310059,5136.859863,5104.350098,5117.089844,5117.089844,7753670000,5150.479980,-0.648292,-0.527522,-0.121410,0.631199,-0.648292,-0.128815,-0.389136,1.736870,7.942728,31.479496,5095.551416,0.422691,4962.889795,3.107062,4575.883145,11.827372,11.879415,-1.124196,Yahoo Finance via yfinance,0.631806,2.288221,2.475629,-1.080106,5.046423,0.283364,2.814300,-1.262820,2.887584,-3.195758,5.058742
2024-03-19,2024-03-18,2024-03-19T00:00:00Z,70.857143,greed,0.114286,-1.342857,70.480000,72.443571,-0.375295,Monday,2024-03-18,0,True,Monday,^GSPC,5154.770020,5175.600098,5145.470215,5149.419922,5149.419922,4036220000,5117.089844,0.631806,0.736359,-0.103789,0.588809,0.631806,0.615091,0.359967,2.873801,7.991196,30.026662,5102.743921,0.914724,4972.104590,3.566203,4580.731094,12.414805,11.828578,-0.499493,Yahoo Finance via yfinance,0.564915,1.335491,1.095077,-1.903317,5.274572,-0.346254,2.168791,-2.128198,2.241615,-3.803533,5.783760
2024-03-20,2024-03-19,2024-03-20T00:00:00Z,69.628571,greed,-1.228572,-2.142858,70.051428,72.740000,-0.826570,Tuesday,2024-03-19,0,True,Tuesday,^GSPC,5139.089844,5180.310059,5131.589844,5178.509766,5178.509766,4031760000,5149.419922,0.564915,-0.200607,0.767060,0.946130,0.564915,0.062601,1.966268,4.079984,10.219751,32.218174,5112.893921,1.283341,4981.729980,3.950029,4585.518542,12.931825,11.575846,0.000000,Yahoo Finance via yfinance,0.890417,0.484122,0.636872,-3.018239,4.928647,-0.134401,1.594867,-3.307125,1.667281,-4.343908,5.189528
2024-03-21,2024-03-20,2024-03-21T00:00:00Z,71.371429,greed,1.742858,0.971429,70.245714,72.611429,-0.329355,Wednesday,2024-03-20,0,True,Wednesday,^GSPC,5181.689941,5226.189941,5171.549805,5224.620117,5224.620117,4064850000,5178.509766,0.890417,0.061411,0.828498,1.055132,0.890417,1.148238,2.348012,4.874148,10.067312,32.216310,5125.034937,1.943112,4990.951582,4.681843,4590.229792,13.820448,11.824113,0.000000,Yahoo Finance via yfinance,0.323654,0.456878,-1.481642,-4.086422,3.961627,-0.405775,0.698232,-4.263085,0.770008,-5.188130,4.261169
2024-03-22,2024-03-21,2024-03-22T00:00:00Z,69.514286,greed,-1.857143,0.885715,70.422857,72.420000,-0.760126,Thursday,2024-03-21,0,True,Thursday,^GSPC,5253.430176,5261.100098,5240.660156,5241.529785,5241.529785,4207730000,5224.620117,0.323654,0.551429,-0.226526,0.391224,0.323654,1.767793,1.632035,3.037136,10.240543,30.944288,5132.759937,2.119130,5000.652178,4.816924,4595.068491,14.068589,9.556576,0.000000,Yahoo Finance via yfinance,-0.140219,0.244591,-0.709525,-5.233201,4.420469,-0.727075,0.444914,-5.494002,0.444914,-5.494002,4.711796
2024-03-25,2024-03-24,2024-03-25T00:00:00Z,67.428571,greed,-2.085715,-3.314286,69.760000,72.195714,-1.197120,Sunday,2024-03-22,2,False,Friday,^GSPC,5242.479980,5246.089844,5229.870117,5234.180176,5234.180176,3374700000,5241.529785,-0.140219,0.018128,-0.158318,0.309446,-0.140219,2.288221,2.156458,2.856870,9.622078,32.949456,5140.028955,1.831725,5009.666777,4.481603,4599.820142,13.790975,9.604975,-0.140219,Yahoo Finance via yfinance,-0.305496,0.183216,-0.607355,-4.271540,4.830739,-0.587680,0.585955,-5.361300,0.585955,-5.361300,4.894744
2024-03-26,2024-03-25,2024-03-26T00:00:00Z,67.914286,greed,0.485715,-2.942857,69.171429,71.802857,-0.972535,Monday,2024-03-25,0,True,Monday,^GSPC,5219.520020,5229.089844,5216.089844,5218.189941,5218.189941,3331360000,5234.180176,-0.305496,-0.280085,-0.025483,0.248367,-0.305496,1.335491,1.958796,2.932425,9.131079,32.148898,5147.461963,1.374036,5018.425771,3.980614,4604.573491,13.326239,9.555678,-0.445287,Yahoo Finance via yfinance,-0.279980,-0.237245,-0.158672,-2.829336,4.886368,-0.654252,0.894183,-5.071296,0.894183,-5.071296,5.506504
2024-03-27,2024-03-26,2024-03-27T00:00:00Z,69.771429,greed,1.857143,0.142858,69.200000,71.452857,-0.437421,Tuesday,2024-03-26,0,True,Tuesday,^GSPC,5228.850098,5235.160156,5203.419922,5203.580078,5203.580078,3871790000,5218.189941,-0.279980,0.204288,-0.483281,0.608261,-0.279980,0.484122,0.547026,2.469387,8.785265,31.039869,5153.731958,0.967224,5026.820771,3.516324,4609.121741,12.897432,9.673625,-0.724020,Yahoo Finance via yfinance,0.863063,0.152014,-0.825200,-2.535758,5.016547,-0.375324,1.177459,-4.804769,1.177459,-4.804769,5.802730
2024-03-28,2024-03-27,2024-03-28T00:00:00Z,68.771429,greed,-1.000000,-2.600000,68.680000,71.018571,-0.621848,Wednesday,2024-03-27,0,True,Wednesday,^GSPC,5226.310059,5249.259766,5213.919922,5248.490234,5248.490234,3850500000,5203.580078,0.863063,0.436814,0.424395,0.679145,0.863063,0.456878,1.610362,3.525423,10.035162,31.953504,5162.668481,1.662353,5036.470977,4.209679,4613.869893,13.754622,9.950518,0.000000,Yahoo Finance via yfinance,0.111649,-1.929703,-0.941798,-3.811959,3.798804,-1.951612,0.311706,-5.619334,0.311706,-5.619334,4.897400
2024-04-01,2024-03-31,2024-04-01T00:00:00Z,71.257143,greed,2.485714,1.742857,69.028572,70.740000,0.154504,Sunday,2024-03-28,3,False,Thursday,^GSPC,5248.029785,5264.850098,5245.819824,5254.350098,5254.350098,3998270000,5248.490234,0.111649,-0.008773,0.120432,0.362586,0.111649,0.244591,2.016708,3.101878,10.785122,32.309062,5170.572485,1.620277,5046.773779,4.113050,4618.446992,13.768765,9.866672,0.000000,Yahoo Finance via yfinance,-0.201358,-0.951788,-2.492029,-2.938330,4.090890,-2.060960,0.182708,-5.724591,0.182708,-5.724591,4.780414
2024-04-02,2024-04-01,2024-04-02T00:00:00Z,71.142857,greed,-0.114286,3.714286,69.771429,70.335714,0.299822,Monday,2024-04-01,0,True,Monday,^GSPC,5257.970215,5263.950195,5229.200195,5243.770020,5243.770020,3325930000,5254.350098,-0.201358,0.068898,-0.270070,0.661357,-0.201358,0.183216,2.475629,2.076860,11.455509,30.189109,5175.906982,1.311133,5056.030381,3.713183,4622.820793,13.432258,9.634831,-0.201358,Yahoo Finance via yfinance,-0.723906,-0.789125,-3.469836,-2.433366,4.464915,-1.863353,0.244477,-5.534376,0.244477,-5.534376,4.991824
2024-04-03,2024-04-02,2024-04-03T00:00:00Z,69.400000,greed,-1.742857,1.485714,70.068572,70.000000,-0.257788,Tuesday,2024-04-02,0,True,Tuesday,^GSPC,5204.290039,5208.339844,5184.049805,5205.810059,5205.810059,3886590000,5243.770020,-0.723906,-0.752893,0.029207,0.463217,-0.723906,-0.237245,1.095077,1.458986,11.029327,28.512180,5179.649976,0.505055,5063.350381,2.813546,4626.986895,12.509721,10.051185,-0.923807,Yahoo Finance via yfinance,0.109112,0.078760,-2.965915,-3.267889,5.322132,-1.147756,0.975444,-4.845548,0.975444,-4.845548,5.757408
2024-04-04,2024-04-03,2024-04-04T00:00:00Z,53.800000,neutral,-15.600000,-15.971429,66.874286,69.062857,-3.600985,Wednesday,2024-04-03,0,True,Wednesday,^GSPC,5194.370117,5228.750000,5194.370117,5211.490234,5211.490234,3703250000,5205.810059,0.109112,-0.219753,0.329590,0.660414,0.109112,0.152014,0.636872,2.615662,10.947918,26.821538,5186.291992,0.485862,5070.571582,2.779147,4630.915146,12.536941,9.183352,-0.815702,Yahoo Finance via yfinance,-1.233434,-0.975730,-3.631980,-3.705276,4.777707,-1.396722,0.865388,-4.949259,0.865388,-4.949259,5.989648
2024-04-05,2024-04-04,2024-04-05T00:00:00Z,58.100000,greed,4.300000,-10.671429,64.740000,68.275000,-2.148546,Thursday,2024-04-04,0,True,Thursday,^GSPC,5244.049805,5256.589844,5146.060059,5147.209961,5147.209961,4075680000,5211.490234,-1.233434,0.624765,-1.846661,2.120886,-1.233434,-1.929703,-1.481642,0.831581,8.054302,24.795679,5188.414502,-0.794164,5076.223779,1.398405,4634.603247,11.060423,10.249058,-2.039075,Yahoo Finance via yfinance,1.109919,1.007344,-2.643954,-1.612714,6.370051,-0.165328,1.507615,-3.762230,1.507615,-3.762230,7.313286
2024-04-08,2024-04-07,2024-04-08T00:00:00Z,64.028571,greed,5.928571,-7.228572,63.294286,67.975000,-0.820751,Sunday,2024-04-05,2,False,Friday,^GSPC,5158.950195,5222.180176,5157.209961,5204.339844,5204.339844,3386780000,5147.209961,1.109919,0.228089,0.879823,1.262241,1.109919,-0.951788,-0.709525,0.910931,9.415323,26.916542,5190.763501,0.261548,5082.939580,2.388387,4638.681396,12.194380,10.353960,-0.951788,Yahoo Finance via yfinance,-0.037463,-1.555042,-4.556003,-1.470884,5.854151,-1.852298,0.393330,-4.818667,0.393330,-4.818667,6.135270
2024-04-09,2024-04-08,2024-04-09T00:00:00Z,59.628571,greed,-4.400000,-11.514286,60.991428,67.817857,-1.626984,Monday,2024-04-08,0,True,Monday,^GSPC,5211.370117,5219.569824,5197.350098,5202.390137,5202.390137,3278180000,5204.339844,-0.037463,0.135085,-0.172315,0.426946,-0.037463,-0.789125,-0.607355,1.536006,8.758112,27.185990,5194.698511,0.148067,5089.104180,2.226049,4642.864897,12.051293,10.027250,-0.988894,Yahoo Finance via yfinance,0.144549,-2.702033,-3.686575,-0.416153,6.432234,-2.881751,0.430954,-4.782995,0.430954,-4.782995,6.475483
2024-04-10,2024-04-09,2024-04-10T00:00:00Z,49.671429,neutral,-9.957142,-19.728571,57.045714,66.691429,-2.680393,Tuesday,2024-04-09,0,True,Tuesday,^GSPC,5217.029785,5224.810059,5160.779785,5209.910156,5209.910156,3400680000,5202.390137,0.144549,0.281402,-0.136469,1.230786,0.144549,0.078760,-0.158672,1.797016,8.988459,26.915585,5199.297022,0.204126,5095.482979,2.245659,4647.004998,12.113289,10.003993,-0.845774,Yahoo Finance via yfinance,-0.945698,-3.042279,-2.674909,-0.426302,6.857696,-3.264549,0.035886,-4.920432,0.035886,-4.920432,6.917968
2024-04-11,2024-04-10,2024-04-11T00:00:00Z,56.657143,greed,6.985714,2.857143,57.617143,65.935714,-1.404232,Wednesday,2024-04-10,0,True,Wednesday,^GSPC,5167.879883,5178.430176,5138.700195,5160.640137,5160.640137,3845930000,5209.910156,-0.945698,-0.806737,-0.140091,0.762585,-0.945698,-0.975730,-0.825200,-0.282688,7.876744,25.590220,5198.565527,-0.729536,5100.137178,1.186301,4651.066548,10.956059,9.871901,-1.783474,Yahoo Finance via yfinance,0.744480,-2.682423,-1.724791,0.523768,7.987574,-2.972308,0.990956,-4.012682,0.990956,-4.012682,8.186382
2024-04-12,2024-04-11,2024-04-12T00:00:00Z,45.014286,neutral,-11.642857,-13.085714,55.000000,64.666429,-2.457431,Thursday,2024-04-11,0,True,Thursday,^GSPC,5172.950195,5211.779785,5138.770020,5199.060059,5199.060059,3509380000,5160.640137,0.744480,0.238537,0.504738,1.414742,0.744480,1.007344,-0.941798,0.653397,9.086905,26.530447,5200.253027,-0.022941,5105.618975,1.830162,4655.417749,11.677627,10.199914,-1.052272,Yahoo Finance via yfinance,-1.455069,-3.614883,-2.897449,0.288899,7.269005,-3.792415,-0.462204,-4.722007,0.312359,-4.722007,7.533861
2024-04-15,2024-04-14,2024-04-15T00:00:00Z,38.400000,fear,-6.614286,-25.628571,49.874286,63.155000,-2.513057,Sunday,2024-04-12,2,False,Friday,^GSPC,5171.509766,5175.029785,5107.939941,5123.410156,5123.410156,3963220000,5199.060059,-1.455069,-0.529909,-0.930088,1.290423,-1.455069,-1.555042,-2.492029,-0.525579,8.106841,25.207058,5198.899536,-1.452026,5111.174180,0.239397,4659.142749,9.964653,11.453873,-2.492029,Yahoo Finance via yfinance,-1.202135,-3.048364,-0.457707,1.937577,9.964067,-3.315177,0.878712,-3.315177,2.268997,-3.315177,9.992953
2024-04-16,2024-04-15,2024-04-16T00:00:00Z,35.114286,fear,-3.285714,-24.514285,44.971429,61.373572,-2.285181,Monday,2024-04-15,0,True,Monday,^GSPC,5149.669922,5168.430176,5052.470215,5061.819824,5061.819824,3950210000,5123.410156,-1.202135,0.512545,-1.705936,2.263336,-1.202135,-2.702033,-3.469836,-1.080106,5.874993,22.082754,5196.136035,-2.584925,5114.286777,-1.025890,4662.567549,8.562927,12.009573,-3.664207,Yahoo Finance via yfinance,-0.205651,-1.011884,1.073726,3.153018,10.326725,-2.138752,0.355999,-2.138752,3.513367,-2.138752,11.470783
2024-04-17,2024-04-16,2024-04-17T00:00:00Z,31.157143,fear,-3.957143,-18.514286,41.268572,59.388571,-2.157530,Tuesday,2024-04-16,0,True,Tuesday,^GSPC,5064.589844,5079.839844,5039.830078,5051.410156,5051.410156,4006200000,5061.819824,-0.205651,0.054724,-0.260232,0.790423,-0.205651,-3.042279,-2.965915,-1.903317,4.372074,22.084328,5191.235547,-2.693490,5116.142783,-1.265262,4665.842400,8.263626,11.742484,-3.862322,Yahoo Finance via yfinance,-0.578060,0.378897,-0.311204,3.865654,11.164010,-1.937085,0.525592,-1.937085,3.938701,-1.937085,11.960025
2024-04-18,2024-04-17,2024-04-18T00:00:00Z,30.400000,fear,-0.757143,-26.257143,36.017143,57.427143,-1.883625,Wednesday,2024-04-17,0,True,Wednesday,^GSPC,5068.970215,5077.959961,5007.250000,5022.209961,5022.209961,3596130000,5051.410156,-0.578060,0.347627,-0.922480,1.399806,-0.578060,-2.682423,-3.631980,-3.018239,3.541537,20.978633,5183.420557,-3.110120,5117.730781,-1.866468,4668.701550,7.571879,11.592501,-4.418056,Yahoo Finance via yfinance,-0.220816,0.984027,-0.076059,5.693508,12.126340,-1.366926,1.339451,-1.366926,5.765386,-1.366926,12.837575
2024-04-19,2024-04-18,2024-04-19T00:00:00Z,27.671429,fear,-2.728571,-17.342857,32.548572,55.242143,-1.790081,Thursday,2024-04-18,0,True,Thursday,^GSPC,5031.520020,5056.660156,5001.890137,5011.120117,5011.120117,3619760000,5022.209961,-0.220816,0.185378,-0.405442,1.090556,-0.220816,-3.614883,-2.643954,-4.086422,3.011964,20.608346,5172.745557,-3.124558,5118.868584,-2.104927,4671.479202,7.270522,10.920606,-4.629116,Yahoo Finance via yfinance,-0.875855,0.744341,1.059246,5.706907,13.092484,-1.148647,1.563720,-1.148647,6.273450,-1.148647,13.141768
2024-04-22,2024-04-21,2024-04-22T00:00:00Z,34.171429,fear,6.500000,-4.228571,31.702857,53.475000,-1.229306,Sunday,2024-04-19,2,False,Friday,^GSPC,5005.439941,5019.020020,4953.560059,4967.229980,4967.229980,3878750000,5011.120117,-0.875855,-0.113351,-0.763369,1.306294,-0.875855,-3.048364,-4.556003,-5.233201,2.026891,19.562066,5159.030566,-3.717764,5118.311982,-2.951794,4674.081252,6.271794,10.978680,-5.464427,Yahoo Finance via yfinance,0.873125,2.672113,3.232386,6.765140,12.502744,0.043685,2.967250,0.043685,7.212476,0.043685,14.141482
2024-04-23,2024-04-22,2024-04-23T00:00:00Z,36.571429,fear,2.400000,1.457143,31.994286,51.932143,-0.973712,Monday,2024-04-22,0,True,Monday,^GSPC,4987.330078,5038.839844,4969.399902,5010.600098,5010.600098,3820250000,4967.229980,0.873125,0.404654,0.466583,1.397961,0.873125,-1.011884,-3.686575,-4.271540,2.379161,21.328204,5147.851562,-2.666189,5118.565781,-2.109296,4677.076304,7.131032,11.698467,-4.639013,Yahoo Finance via yfinance,1.196458,2.106930,3.395604,5.938007,10.657201,-0.399553,2.253026,-0.399553,6.284480,-0.399553,13.153511
2024-04-24,2024-04-23,2024-04-24T00:00:00Z,37.485714,fear,0.914285,6.328571,33.260000,50.410714,-0.827493,Tuesday,2024-04-23,0,True,Tuesday,^GSPC,5028.850098,5076.120117,5027.959961,5070.549805,5070.549805,3751400000,5010.600098,1.196458,0.364228,0.829210,0.961165,1.196458,0.378897,-2.674909,-2.829336,3.671656,22.669052,5140.469556,-1.360182,5119.444580,-0.955080,4680.434302,8.335028,12.715759,-3.498060,Yahoo Finance via yfinance,0.021301,-0.687497,2.310408,4.947399,8.568108,-1.577141,1.044077,-1.577141,5.027866,-1.577141,11.815684
2024-04-25,2024-04-24,2024-04-25T00:00:00Z,39.085714,fear,1.600000,8.685714,34.997143,48.876429,-0.647679,Wednesday,2024-04-24,0,True,Wednesday,^GSPC,5084.859863,5089.479980,5047.020020,5071.629883,5071.629883,3656740000,5070.549805,0.021301,0.282219,-0.260184,0.837384,0.021301,0.984027,-1.724791,-2.535758,2.916026,22.590786,5133.872046,-1.212382,5120.440381,-0.953248,4683.744802,8.281516,12.716853,-3.477504,Yahoo Finance via yfinance,-0.457643,-1.049756,2.288023,4.641109,9.716408,-1.598102,1.022558,-1.598102,5.005498,-1.598102,11.791871
2024-04-26,2024-04-25,2024-04-26T00:00:00Z,40.514286,fear,1.428572,12.842857,37.565714,47.463572,-0.480395,Thursday,2024-04-25,0,True,Thursday,^GSPC,5019.879883,5057.750000,4990.580078,5048.419922,5048.419922,3958050000,5071.629883,-0.457643,-1.020382,0.568540,1.324425,-0.457643,0.744341,-2.897449,-3.811959,2.506608,23.990148,5123.868530,-1.472493,5122.345381,-1.443196,4686.790603,7.715927,12.209450,-3.919232,Yahoo Finance via yfinance,1.020914,0.312578,3.281426,4.346309,10.049091,-0.740234,1.487006,-0.740234,5.812907,-0.740234,12.305831
2024-04-29,2024-04-28,2024-04-29T00:00:00Z,42.428571,fear,1.914285,8.257142,39.217143,46.022143,-0.268890,Sunday,2024-04-26,2,False,Friday,^GSPC,5084.649902,5114.620117,5073.140137,5099.959961,5099.959961,3604140000,5048.419922,1.020914,0.717650,0.301104,0.821643,1.020914,2.672113,-0.457707,-2.938330,5.248214,25.738968,5116.149024,-0.316431,5124.332178,-0.475617,4689.929602,8.742783,12.914932,-2.938330,Yahoo Finance via yfinance,0.317845,0.545692,2.406298,4.014938,6.415147,-1.743350,0.767852,-1.743350,4.743565,-1.743350,11.170871
2024-04-30,2024-04-29,2024-04-30T00:00:00Z,40.542857,fear,-1.885714,3.971428,40.011428,44.492143,-0.328523,Monday,2024-04-29,0,True,Monday,^GSPC,5114.129883,5123.490234,5088.649902,5116.169922,5116.169922,3447450000,5099.959961,0.317845,0.277844,0.039890,0.683149,0.317845,2.106930,1.073726,-2.433366,4.279899,23.717939,5109.769019,0.125268,5126.060977,-0.192956,4692.960251,9.017968,13.016441,-2.629824,Yahoo Finance via yfinance,-1.573051,1.262083,2.057203,3.711177,5.532465,-2.054664,1.267160,-2.054664,4.411698,-2.054664,10.818640
2024-05-01,2024-04-30,2024-05-01T00:00:00Z,40.514286,fear,-0.028571,3.028572,40.617143,43.047857,-0.241023,Tuesday,2024-04-30,0,True,Tuesday,^GSPC,5103.779785,5110.830078,5035.310059,5035.689941,5035.689941,4082470000,5116.169922,-1.573051,-0.242176,-1.334106,1.476105,-1.573051,-0.687497,-0.311204,-3.267889,1.554470,20.775012,5101.263013,-1.285428,5126.663379,-1.774516,4695.611602,7.242472,13.860663,-4.161507,Yahoo Finance via yfinance,-0.343544,3.018658,4.189897,4.592424,8.408186,-0.489310,3.267478,-0.489310,6.080397,-0.489310,12.589734
2024-05-02,2024-05-01,2024-05-02T00:00:00Z,42.228571,fear,1.714285,3.142857,41.245714,42.469286,-0.023593,Wednesday,2024-05-01,0,True,Wednesday,^GSPC,5029.029785,5096.120117,5013.450195,5018.390137,5018.390137,4544170000,5035.689941,-0.343544,-0.132259,-0.211565,1.641680,-0.343544,-1.049756,-0.076059,-3.705276,1.529091,20.406586,5091.608008,-1.438011,5127.520986,-2.128335,4698.089602,6.817676,13.836186,-4.490754,Yahoo Finance via yfinance,0.912844,3.373189,5.773959,4.325886,8.870373,-0.146269,3.623470,-0.146269,6.446086,-0.146269,12.977863
2024-05-03,2024-05-02,2024-05-03T00:00:00Z,43.257143,fear,1.028572,2.742857,41.794286,41.727143,0.160662,Thursday,2024-05-02,0,True,Thursday,^GSPC,5049.319824,5073.209961,5011.049805,5064.200195,5064.200195,4381660000,5018.390137,0.912844,0.616327,0.294701,1.238647,0.912844,0.312578,1.059246,-1.612714,2.219724,22.930010,5087.457520,-0.457150,5129.168994,-1.266654,4700.635703,7.734369,13.776474,-3.618904,Yahoo Finance via yfinance,1.255674,2.959596,4.598947,4.212108,7.350415,0.731014,2.983682,0.731014,5.483189,0.731014,11.955881
2024-05-06,2024-05-05,2024-05-06T00:00:00Z,39.000000,fear,-4.257143,-3.428571,41.108571,40.475714,-0.185546,Sunday,2024-05-03,2,False,Friday,^GSPC,5122.779785,5139.120117,5101.220215,5127.790039,5127.790039,3924990000,5064.200195,1.255674,1.156739,0.097803,0.748389,1.255674,0.545692,3.232386,-1.470884,2.657225,25.350853,5083.630029,0.868671,5129.984199,-0.042771,4703.446052,9.021981,13.951723,-2.408672,Yahoo Finance via yfinance,1.032612,1.850507,3.422137,3.034638,7.693563,0.285306,2.181644,0.285306,4.175090,0.285306,10.567513
2024-05-07,2024-05-06,2024-05-07T00:00:00Z,37.171429,fear,-1.828571,-3.371428,40.434286,39.352857,-0.331909,Monday,2024-05-06,0,True,Monday,^GSPC,5142.419922,5181.000000,5142.419922,5180.740234,5180.740234,3683250000,5127.790039,1.032612,0.285306,0.745181,0.752372,1.032612,1.262083,3.395604,-0.416153,3.658131,27.566107,5082.547534,1.931958,5131.823008,0.953213,4706.675403,10.072180,14.491824,-1.400932,Yahoo Finance via yfinance,0.134343,0.785210,2.458908,2.134823,5.133242,-0.287225,1.137288,-0.287225,3.110360,-0.287225,9.437448
2024-05-08,2024-05-07,2024-05-08T00:00:00Z,38.171429,fear,1.000000,-2.342857,39.965714,38.777857,-0.099271,Tuesday,2024-05-07,0,True,Tuesday,^GSPC,5187.200195,5200.229980,5178.959961,5187.700195,5187.700195,3987890000,5180.740234,0.134343,0.124692,0.009639,0.410559,0.134343,3.018658,2.310408,-0.426302,3.204751,25.420373,5081.437036,2.091203,5134.186416,1.042303,4709.932205,10.143840,14.490361,-1.268471,Yahoo Finance via yfinance,-0.000584,1.136920,2.577442,3.206230,3.062241,-0.421002,1.208048,-0.421002,3.208743,-0.421002,9.290624
2024-05-09,2024-05-08,2024-05-09T00:00:00Z,42.228571,fear,4.057142,0.000000,39.965714,38.056429,0.919860,Wednesday,2024-05-08,0,True,Wednesday,^GSPC,5168.979980,5191.950195,5165.859863,5187.669922,5187.669922,3842100000,5187.700195,-0.000584,-0.360858,0.361579,0.502927,-0.000584,3.373189,2.288023,0.523768,3.302178,25.362961,5082.788525,2.063462,5136.376211,0.998636,4713.097354,10.069229,14.069560,-1.269047,Yahoo Finance via yfinance,0.509095,2.322430,2.300452,3.186210,-0.025827,-0.139943,2.392015,-0.139943,3.367218,-1.318707,9.291262
2024-05-10,2024-05-09,2024-05-10T00:00:00Z,46.028571,neutral,3.800000,2.771428,40.520000,38.107143,1.713718,Thursday,2024-05-09,0,True,Thursday,^GSPC,5189.029785,5215.299805,5180.410156,5214.080078,5214.080078,3727370000,5187.669922,0.509095,0.026213,0.482755,0.672550,0.509095,2.959596,3.281426,0.288899,5.267539,26.580845,5083.539526,2.567907,5139.262617,1.455801,4716.330454,10.553748,13.935158,-0.766413,Yahoo Finance via yfinance,0.164940,1.592228,1.031050,2.549062,0.497685,-0.084385,2.136717,-0.429604,3.087793,-1.818543,8.737684
2024-05-13,2024-05-12,2024-05-13T00:00:00Z,48.114286,neutral,2.085715,9.114286,42.342857,38.592857,1.853665,Sunday,2024-05-10,2,False,Friday,^GSPC,5225.490234,5239.660156,5209.680176,5222.680176,5222.680176,3617900000,5214.080078,0.164940,0.218834,-0.053776,0.574981,0.164940,1.850507,2.406298,1.937577,4.440650,26.223644,5088.503027,2.636869,5141.790820,1.573175,4719.610105,10.659145,12.804318,-0.602737,Yahoo Finance via yfinance,-0.024130,1.543074,1.570842,2.644425,-0.443837,-0.220577,1.968531,-0.593565,2.918040,-1.980217,8.558628
2024-05-14,2024-05-13,2024-05-14T00:00:00Z,55.285714,greed,7.171428,18.114285,45.965714,39.601429,2.500546,Monday,2024-05-13,0,True,Monday,^GSPC,5233.080078,5237.259766,5211.160156,5221.419922,5221.419922,4255710000,5222.680176,-0.024130,0.199130,-0.222816,0.499736,-0.024130,0.785210,2.057203,3.153018,3.811138,26.407652,5096.483032,2.451433,5143.477617,1.515362,4723.030154,10.552331,11.864849,-0.626722,Yahoo Finance via yfinance,0.483781,1.660659,1.620634,2.947472,1.874780,-0.065881,1.993142,-0.569572,2.959545,-1.956559,8.584830
2024-05-15,2024-05-14,2024-05-15T00:00:00Z,59.371429,greed,4.085715,21.200000,50.205714,41.012143,2.496863,Tuesday,2024-05-14,0,True,Tuesday,^GSPC,5221.100098,5250.370117,5217.979980,5246.680176,5246.680176,4763580000,5221.419922,0.483781,-0.006125,0.489937,0.620332,0.483781,1.136920,4.189897,3.865654,4.816841,27.220618,5106.246533,2.750232,5145.792217,1.960591,4726.352405,11.009077,11.836947,-0.145973,Yahoo Finance via yfinance,1.171593,1.424329,0.386340,3.323046,1.857936,0.316002,1.502094,-1.048282,3.822795,-2.428591,8.062046
2024-05-16,2024-05-15,2024-05-16T00:00:00Z,62.314286,greed,2.942857,20.085715,54.222857,42.607857,2.366528,Wednesday,2024-05-15,0,True,Wednesday,^GSPC,5263.259766,5311.759766,5263.259766,5308.149902,5308.149902,4360810000,5246.680176,1.171593,0.316002,0.852896,0.924394,1.171593,2.322430,5.773959,5.693508,6.685549,28.331500,5120.543530,3.663798,5150.382217,3.063223,4729.948354,12.224268,11.955088,0.000000,Yahoo Finance via yfinance,-0.208167,-0.021479,-1.369025,2.365991,0.682728,-0.462686,0.326674,-2.194168,2.620501,-3.558493,6.810660
2024-05-17,2024-05-16,2024-05-17T00:00:00Z,62.800000,greed,0.485714,16.771429,57.577143,44.364286,2.117354,Thursday,2024-05-16,0,True,Thursday,^GSPC,5310.069824,5325.490234,5296.189941,5297.100098,5297.100098,3817470000,5308.149902,-0.208167,0.036169,-0.244248,0.551987,-0.208167,1.592228,4.598947,5.706907,6.329044,28.886353,5134.842529,3.159933,5154.229023,2.771919,4733.550205,11.905438,11.948143,-0.208167,Yahoo Finance via yfinance,0.116477,-0.552383,-0.369831,2.539125,2.592552,-0.758338,0.845364,-1.990144,2.834568,-3.357315,7.033468
2024-05-20,2024-05-19,2024-05-20T00:00:00Z,60.428571,greed,-2.371429,12.314285,60.040000,45.677143,1.627923,Sunday,2024-05-17,2,False,Friday,^GSPC,5303.100098,5305.450195,5283.589844,5303.270020,5303.270020,3578120000,5297.100098,0.116477,0.113270,0.003204,0.412685,0.116477,1.543074,3.422137,6.765140,4.250815,27.520156,5151.644531,2.943244,5157.147227,2.833404,4737.499604,11.942384,11.168033,-0.091932,Yahoo Finance via yfinance,0.091639,0.027345,-0.374677,3.204814,2.865024,-0.873798,0.728039,-2.104171,3.492750,-3.469751,6.908943
2024-05-21,2024-05-20,2024-05-21T00:00:00Z,59.428571,greed,-1.000000,4.142857,60.868571,46.820000,1.357057,Monday,2024-05-20,0,True,Monday,^GSPC,5305.350098,5325.319824,5302.399902,5308.129883,5308.129883,3420100000,5303.270020,0.091639,0.039223,0.052396,0.432185,0.091639,1.660659,2.458908,5.938007,4.310055,26.442756,5166.521021,2.740894,5160.836025,2.854070,4741.530803,11.949708,11.007503,-0.000377,Yahoo Finance via yfinance,0.250187,-0.039371,-0.316308,3.370300,4.428873,-0.964553,0.635817,-2.193799,3.433413,-3.558129,6.811062
2024-05-22,2024-05-21,2024-05-22T00:00:00Z,58.514286,greed,-0.914285,-0.857143,60.697143,47.871429,1.135998,Tuesday,2024-05-21,0,True,Tuesday,^GSPC,5298.689941,5324.319824,5297.870117,5321.410156,5321.410156,3662240000,5308.129883,0.250187,-0.177839,0.428789,0.498287,0.250187,1.424329,2.577442,4.947399,4.968515,26.942642,5179.064038,2.748491,5164.905430,3.030157,4745.747705,12.130069,10.474854,0.000000,Yahoo Finance via yfinance,-0.270612,-1.023412,0.612988,2.851871,4.375529,-1.211709,0.384667,-2.437887,3.459978,-3.798812,6.544501
2024-05-23,2024-05-22,2024-05-23T00:00:00Z,52.371429,neutral,-6.142857,-9.942857,58.708571,48.535714,0.417736,Wednesday,2024-05-22,0,True,Wednesday,^GSPC,5319.279785,5323.180176,5286.009766,5307.009766,5307.009766,3847130000,5321.410156,-0.270612,-0.040034,-0.230671,0.698507,-0.270612,-0.021479,2.300452,4.641109,4.506134,26.579496,5190.833032,2.238113,5167.540225,2.698954,4749.690554,11.733800,10.607507,-0.270612,Yahoo Finance via yfinance,-0.738079,-1.347836,0.865840,2.969852,5.676271,-1.599953,0.657058,-2.173156,3.740713,-3.537774,6.833606
2024-05-24,2024-05-23,2024-05-24T00:00:00Z,51.742857,neutral,-0.628572,-11.057143,56.497143,49.097143,0.293724,Thursday,2024-05-23,0,True,Thursday,^GSPC,5340.259766,5341.879883,5256.930176,5267.839844,5267.839844,3869520000,5307.009766,-0.738079,0.626530,-1.356112,1.600708,-0.738079,-0.552383,1.031050,4.346309,3.907090,27.071236,5201.804028,1.269479,5169.590820,1.900518,4753.532854,10.819469,10.891261,-1.006694,Yahoo Finance via yfinance,0.700104,0.183565,1.502521,3.417535,6.250765,-1.445748,0.912524,-1.445748,4.512095,-2.820512,7.627986
2024-05-28,2024-05-27,2024-05-28T00:00:00Z,54.685714,neutral,2.942857,-5.742857,55.348571,49.710000,0.556153,Monday,2024-05-24,3,False,Friday,^GSPC,5281.450195,5311.649902,5278.390137,5304.720215,5304.720215,3005510000,5267.839844,0.700104,0.258367,0.440599,0.631374,0.700104,0.027345,1.570842,4.014938,4.090250,28.904266,5212.042041,1.778155,5172.675625,2.552733,4757.717905,11.497157,10.632954,-0.313638,Yahoo Finance via yfinance,0.024880,-0.401912,1.056980,3.102512,5.959407,-2.130933,0.210943,-2.130933,3.785488,-3.496140,6.879716
2024-05-29,2024-05-28,2024-05-29T00:00:00Z,49.971429,neutral,-4.714285,-9.457142,53.457143,50.181429,-0.024186,Tuesday,2024-05-28,0,True,Tuesday,^GSPC,5315.910156,5315.910156,5280.890137,5306.040039,5306.040039,3751540000,5304.720215,0.024880,0.210943,-0.185671,0.660167,0.024880,-0.039371,1.620634,3.711177,3.289027,27.816970,5221.535547,1.618384,5176.454629,2.503362,4761.903955,11.426860,10.640428,-0.288835,Yahoo Finance via yfinance,-0.736705,-0.277046,1.305678,3.238948,4.986772,-2.155277,-0.074070,-2.155277,3.759673,-3.520144,6.853131
2024-05-30,2024-05-29,2024-05-30T00:00:00Z,45.085714,neutral,-4.885715,-13.428572,50.771429,50.410000,-0.628423,Wednesday,2024-05-29,0,True,Wednesday,^GSPC,5278.729980,5282.270020,5262.700195,5266.950195,5266.950195,3552750000,5306.040039,-0.736705,-0.514698,-0.223156,0.368822,-0.736705,-1.023412,0.386340,4.592424,2.650581,25.241055,5233.098560,0.646876,5178.805234,1.702033,4765.918457,10.512806,9.112655,-1.023412,Yahoo Finance via yfinance,-0.597504,1.653321,2.925404,4.099525,6.980504,-1.429101,1.655796,-1.429101,4.529748,-2.804098,7.646165
2024-05-31,2024-05-30,2024-05-31T00:00:00Z,48.428571,neutral,3.342857,-3.942858,49.982857,50.720000,-0.277134,Thursday,2024-05-30,0,True,Thursday,^GSPC,5259.770020,5260.209961,5222.100098,5235.479980,5235.479980,3818750000,5266.950195,-0.597504,-0.136325,-0.461808,0.723566,-0.597504,-1.347836,-1.369025,4.325886,3.088027,24.490668,5243.953052,-0.161578,5179.944639,1.072122,4769.647256,9.766607,9.364404,-1.614801,Yahoo Finance via yfinance,0.802788,2.243920,3.786859,4.297600,7.284143,-0.836596,2.423276,-0.836596,5.503987,-2.219858,8.293221
2024-06-03,2024-06-02,2024-06-03T00:00:00Z,45.485714,neutral,-2.942857,-6.257143,48.731428,50.831429,-0.653753,Sunday,2024-05-31,2,False,Friday,^GSPC,5243.209961,5280.330078,5191.680176,5277.509766,5277.509766,5437160000,5235.479980,0.802788,0.147646,0.654176,1.693253,0.802788,0.183565,-0.369831,4.212108,3.384097,26.261347,5254.618530,0.435640,5181.002432,1.862715,4773.845505,10.550494,9.263011,-0.824977,Yahoo Finance via yfinance,0.111608,1.316539,2.919755,3.743813,6.599515,-0.818377,1.848795,-0.818377,4.663760,-2.998573,7.430780
2024-06-04,2024-06-03,2024-06-04T00:00:00Z,47.628571,neutral,2.142857,-7.057143,47.320000,51.262857,-0.469814,Monday,2024-06-03,0,True,Monday,^GSPC,5297.149902,5302.109863,5234.319824,5283.399902,5283.399902,4046920000,5277.509766,0.111608,0.372148,-0.259574,1.284508,0.111608,-0.401912,-0.374677,3.034638,2.443887,25.168795,5262.399023,0.399074,5181.839834,1.959923,4778.240854,10.572072,8.396680,-0.714289,Yahoo Finance via yfinance,0.150281,1.464779,3.592953,4.270164,5.844348,-0.487754,1.735250,-0.487754,4.547076,-3.106714,7.311012
2024-06-05,2024-06-04,2024-06-05T00:00:00Z,51.142857,neutral,3.514286,1.171428,47.554285,51.961428,-0.117088,Tuesday,2024-06-04,0,True,Tuesday,^GSPC,5278.240234,5298.799805,5257.629883,5291.339844,5291.339844,3707900000,5283.399902,0.150281,-0.097658,0.248181,0.779232,0.150281,-0.277046,-0.316308,2.134823,3.272054,23.561012,5267.929004,0.444403,5182.983027,2.090626,4782.845754,10.631622,7.725107,-0.565082,Yahoo Finance via yfinance,1.184765,1.587121,3.698306,4.643062,5.681361,0.119068,1.599035,0.119068,4.685584,-3.252108,7.149986
2024-06-06,2024-06-05,2024-06-06T00:00:00Z,45.314286,neutral,-5.828571,0.228572,47.600000,52.318571,-1.093114,Wednesday,2024-06-05,0,True,Wednesday,^GSPC,5314.479980,5354.160156,5297.640137,5354.029785,5354.029785,3591460000,5291.339844,1.184765,0.437321,0.744190,1.068161,1.184765,1.653321,0.612988,3.206230,4.612986,25.275920,5276.245483,1.474236,5185.699824,3.246041,4787.767354,11.827275,8.622499,0.000000,Yahoo Finance via yfinance,-0.019982,1.251394,2.225242,3.981303,5.498104,-0.500180,1.741122,-0.500180,4.039953,-4.384922,5.895375
2024-06-07,2024-06-06,2024-06-07T00:00:00Z,43.400000,fear,-1.914286,-5.028571,46.594286,52.377143,-1.421503,Thursday,2024-06-06,0,True,Thursday,^GSPC,5357.799805,5362.350098,5335.359863,5352.959961,5352.959961,3609990000,5354.029785,-0.019982,0.070415,-0.090333,0.504111,-0.019982,2.243920,0.865840,3.186210,3.433443,24.956752,5284.509985,1.295295,5188.687422,3.165975,4792.533303,11.693746,8.627544,-0.019982,Yahoo Finance via yfinance,-0.111522,1.509077,2.085952,4.107823,3.287344,-0.480294,1.761456,-0.480294,4.299489,-4.365812,5.916539
2024-06-10,2024-06-09,2024-06-10T00:00:00Z,44.742857,fear,1.342857,-0.742857,46.445714,52.312857,-1.184778,Sunday,2024-06-07,2,False,Friday,^GSPC,5343.810059,5375.080078,5331.330078,5346.990234,5346.990234,3692760000,5352.959961,-0.111522,-0.170932,0.059511,0.817305,-0.111522,1.316539,1.502521,2.549062,3.517314,25.295024,5291.155493,1.055247,5190.657422,3.011811,4797.330505,11.457616,8.573993,-0.131481,Yahoo Finance via yfinance,0.258085,1.582383,1.886667,4.301294,3.236954,-0.369184,1.875069,-0.369184,4.558822,-4.259040,6.034791
2024-06-11,2024-06-10,2024-06-11T00:00:00Z,44.400000,fear,-0.342857,-3.228571,45.800000,52.127143,-1.176253,Monday,2024-06-10,0,True,Monday,^GSPC,5341.220215,5365.790039,5331.520020,5360.790039,5360.790039,3622280000,5346.990234,0.258085,-0.107912,0.366392,0.640922,0.258085,1.464779,1.056980,2.644425,4.083310,24.845766,5298.060986,1.184000,5192.786221,3.235331,4801.954407,11.637671,8.585781,0.000000,Yahoo Finance via yfinance,0.271038,2.097451,2.024138,5.094774,2.660431,-0.625655,2.382297,-0.625655,5.122381,-4.505498,5.761835
2024-06-12,2024-06-11,2024-06-12T00:00:00Z,46.571429,neutral,2.171429,-4.571428,44.885714,51.691429,-0.771386,Tuesday,2024-06-11,0,True,Tuesday,^GSPC,5353.000000,5375.950195,5327.250000,5375.319824,5375.319824,3568030000,5360.790039,0.271038,-0.145315,0.416959,0.908452,0.271038,1.587121,1.305678,2.947472,5.046423,25.040592,5305.755981,1.311101,5195.417217,3.462717,4806.949456,11.823931,8.578528,0.000000,Yahoo Finance via yfinance,0.850367,2.078201,1.908353,3.892238,0.615779,0.505829,2.140525,0.505829,4.969572,-4.763625,5.475955
2024-06-13,2024-06-12,2024-06-13T00:00:00Z,44.571429,fear,-2.000000,-0.742857,44.737143,50.951429,-0.972460,Wednesday,2024-06-12,0,True,Wednesday,^GSPC,5409.129883,5447.250000,5409.129883,5421.029785,5421.029785,3962840000,5375.319824,0.850367,0.628987,0.219997,0.709169,0.850367,1.251394,2.925404,3.323046,5.274572,24.939318,5314.473462,2.005021,5199.721611,4.256154,4812.026055,12.655869,8.863516,0.000000,Yahoo Finance via yfinance,0.234466,0.961812,1.140749,3.584565,0.922703,-0.341633,1.558744,-0.341633,4.326305,-5.566655,4.586585
2024-06-14,2024-06-13,2024-06-14T00:00:00Z,41.114286,fear,-3.457143,-2.285714,44.280000,49.891429,-1.385066,Thursday,2024-06-13,0,True,Thursday,^GSPC,5441.930176,5441.930176,5402.509766,5433.740234,5433.740234,3530380000,5421.029785,0.234466,0.385543,-0.150497,0.727176,0.234466,1.509077,3.786859,2.365991,4.928647,24.370064,5320.752978,2.123520,5204.166611,4.411343,4817.028206,12.802749,8.037814,0.000000,Yahoo Finance via yfinance,-0.039386,0.568299,0.492106,3.634329,1.136966,-0.551926,1.321181,-0.551926,4.291698,-5.787551,4.341939
2024-06-17,2024-06-16,2024-06-17T00:00:00Z,43.285714,fear,2.171428,-1.457143,43.988572,48.915714,-0.984817,Sunday,2024-06-14,2,False,Friday,^GSPC,5424.080078,5432.390137,5403.750000,5431.600098,5431.600098,3438650000,5433.740234,-0.039386,-0.177781,0.138641,0.527080,-0.039386,1.582383,2.919755,2.539125,3.961627,24.219291,5327.477979,1.954435,5209.854414,4.256274,4821.698057,12.649113,7.968951,-0.039386,Yahoo Finance via yfinance,0.766439,0.299544,0.800680,4.337582,2.255869,-0.206204,1.361103,-0.206204,4.383051,-5.750429,4.383051
2024-06-18,2024-06-17,2024-06-18T00:00:00Z,41.285714,fear,-2.000000,-3.114286,43.365714,47.958571,-1.265456,Monday,2024-06-17,0,True,Monday,^GSPC,5431.109863,5488.500000,5420.399902,5473.229980,5473.229980,3447840000,5431.600098,0.766439,-0.009026,0.775534,1.253776,0.766439,2.097451,3.592953,3.204814,4.420469,23.665342,5335.975976,2.572238,5215.232217,4.947004,4826.489856,13.399803,8.285635,0.000000,Yahoo Finance via yfinance,0.252133,-0.071807,0.653723,2.101867,2.238711,-0.487279,0.590142,-0.487833,3.589104,-6.467300,3.589104
2024-06-20,2024-06-19,2024-06-20T00:00:00Z,38.714286,fear,-2.571428,-7.857143,41.794286,46.922857,-1.666918,Wednesday,2024-06-18,1,False,Tuesday,^GSPC,5476.149902,5490.379883,5471.319824,5487.029785,5487.029785,3544330000,5473.229980,0.252133,0.053349,0.198678,0.348242,0.252133,2.078201,3.698306,3.370300,4.830739,24.434017,5344.920972,2.658764,5220.925010,5.096889,4831.386704,13.570495,8.287878,0.000000,Yahoo Finance via yfinance,-0.252593,-0.166390,0.911062,1.049020,2.533069,-0.737553,0.337159,-0.738104,3.328579,-6.702534,3.328579
2024-06-21,2024-06-20,2024-06-21T00:00:00Z,39.057143,fear,0.342857,-5.514286,40.691429,45.950000,-1.563408,Thursday,2024-06-20,0,True,Thursday,^GSPC,5499.990234,5505.529785,5455.560059,5473.169922,5473.169922,3847060000,5487.029785,-0.252593,0.236202,-0.487643,0.910688,-0.252593,0.961812,2.225242,2.851871,4.886368,24.710222,5352.508960,2.254288,5226.190205,4.725808,4836.173704,13.171492,8.412302,-0.252593,Yahoo Finance via yfinance,-0.156213,0.177232,1.717835,0.581566,2.921888,-0.486187,0.322302,-0.486741,3.590241,-6.466274,3.590241
2024-06-24,2024-06-23,2024-06-24T00:00:00Z,37.771429,fear,-1.285714,-3.342857,40.022857,45.220000,-1.656163,Sunday,2024-06-21,2,False,Friday,^GSPC,5466.770020,5478.310059,5452.029785,5464.620117,5464.620117,6773800000,5473.169922,-0.156213,-0.116932,-0.039327,0.480166,-0.156213,0.568299,2.085952,2.969852,5.016547,25.171970,5360.389477,1.944460,5232.269805,4.440717,4841.012654,12.881757,8.347426,-0.408412,Yahoo Finance via yfinance,-0.306517,-0.075763,1.980558,1.826111,3.110188,-0.330491,1.080039,-0.331045,3.752316,-6.319933,3.773180
2024-06-25,2024-06-24,2024-06-25T00:00:00Z,37.285714,fear,-0.485715,-6.000000,38.822857,44.497143,-1.583064,Monday,2024-06-24,0,True,Monday,^GSPC,5459.580078,5490.660156,5447.589844,5447.870117,5447.870117,3696750000,5464.620117,-0.306517,-0.092230,-0.214485,0.788167,-0.306517,0.299544,1.886667,3.417535,3.798804,24.326944,5369.390991,1.461602,5237.246006,4.021658,4845.924604,12.421685,7.866733,-0.713677,Yahoo Finance via yfinance,0.393359,0.499640,2.369914,1.980042,3.127638,-0.024603,1.390819,-0.024603,4.071312,-6.031905,4.439898
2024-06-26,2024-06-25,2024-06-26T00:00:00Z,40.885714,fear,3.600000,-0.400000,38.742857,43.807143,-0.742689,Tuesday,2024-06-25,0,True,Tuesday,^GSPC,5460.729980,5472.879883,5446.560059,5469.299805,5469.299805,3591960000,5447.870117,0.393359,0.236053,0.156936,0.483121,0.393359,-0.071807,2.024138,3.102512,4.090890,25.779315,5377.619971,1.704840,5244.163799,4.293077,4851.015403,12.745464,7.664999,-0.323125,Yahoo Finance via yfinance,0.157243,0.726052,3.009715,-0.771030,4.467488,-0.416324,0.993552,-0.901758,3.663542,-6.400089,4.831880
2024-06-27,2024-06-26,2024-06-27T00:00:00Z,45.514286,neutral,4.628572,6.800000,40.102857,43.584286,0.523841,Wednesday,2024-06-26,0,True,Wednesday,^GSPC,5460.709961,5483.140137,5451.870117,5477.899902,5477.899902,3563920000,5469.299805,0.157243,-0.157056,0.314793,0.571737,0.157243,-0.166390,1.908353,3.238948,4.464915,26.544881,5386.212964,1.702252,5252.485400,4.291578,4856.117451,12.804107,7.649814,-0.166390,Yahoo Finance via yfinance,0.090732,1.079248,1.946734,-1.436311,4.101022,-0.572667,1.120322,-1.587282,3.500795,-6.547037,4.667298
2024-06-28,2024-06-27,2024-06-28T00:00:00Z,44.314286,fear,-1.200000,5.257143,41.154286,43.545714,0.209318,Thursday,2024-06-27,0,True,Thursday,^GSPC,5473.589844,5490.810059,5467.540039,5482.870117,5482.870117,3589530000,5477.899902,0.090732,-0.078681,0.169546,0.424798,0.090732,0.177232,1.140749,4.099525,5.322132,25.225137,5397.008960,1.590903,5261.114600,4.214991,4861.094502,12.790856,6.888490,-0.075809,Yahoo Finance via yfinance,-0.408365,1.537877,2.416252,-0.433532,4.298838,-0.662798,1.595149,-1.676493,3.406971,-6.631752,4.572417
2024-07-01,2024-06-30,2024-07-01T00:00:00Z,47.942857,neutral,3.628571,10.171428,43.188571,43.521429,1.214924,Sunday,2024-06-28,2,False,Friday,^GSPC,5488.479980,5523.640137,5451.120117,5460.479980,5460.479980,7199220000,5482.870117,-0.408365,0.102316,-0.510159,1.322665,-0.408365,-0.075763,0.492106,4.297600,4.777707,24.757935,5408.258960,0.965579,5269.880000,3.616780,4866.087402,12.215000,6.625022,-0.483865,Yahoo Finance via yfinance,0.267556,2.057880,3.126836,0.056040,4.989492,-0.255476,2.245771,-1.273327,3.830981,-6.248905,5.033254
2024-07-02,2024-07-01,2024-07-02T00:00:00Z,49.742857,neutral,1.800000,12.457143,45.680000,43.734286,1.549824,Monday,2024-07-01,0,True,Monday,^GSPC,5471.080078,5479.549805,5446.529785,5475.089844,5475.089844,3488760000,5460.479980,0.267556,0.194124,0.073290,0.604709,0.267556,0.499640,0.800680,3.743813,6.370051,24.534622,5418.137964,1.051134,5279.159395,3.711395,4871.125652,12.398863,6.253370,-0.217603,Yahoo Finance via yfinance,0.619532,1.860977,3.508807,-0.705923,4.514445,-0.304281,2.112480,-1.536772,3.553916,-6.499073,4.857271
2024-07-03,2024-07-02,2024-07-03T00:00:00Z,48.371429,neutral,-1.371428,7.485715,47.177143,43.771429,1.173609,Tuesday,2024-07-02,0,True,Tuesday,^GSPC,5461.839844,5509.689941,5458.430176,5509.009766,5509.009766,3329950000,5475.089844,0.619532,-0.242005,0.863627,0.936236,0.619532,0.726052,0.653723,4.270164,5.854151,23.787405,5429.418457,1.465927,5289.994990,4.140170,4876.145200,12.978788,6.432015,0.000000,Yahoo Finance via yfinance,0.508444,2.267202,1.438739,0.241242,4.290433,-0.028859,2.294067,-2.143027,2.916316,-7.074774,4.689778
2024-07-05,2024-07-04,2024-07-05T00:00:00Z,49.714286,neutral,1.342857,4.200000,48.017143,43.700000,1.587314,Thursday,2024-07-03,1,False,Wednesday,^GSPC,5507.439941,5539.270020,5507.419922,5537.020020,5537.020020,2179470000,5509.009766,0.508444,-0.028496,0.537093,0.578146,0.508444,1.079248,0.911062,4.643062,6.432234,24.271313,5441.702466,1.751613,5300.523389,4.461760,4881.578701,13.426831,6.512995,0.000000,Yahoo Finance via yfinance,0.544877,0.858224,0.136713,-1.631561,3.632819,-0.097347,1.904096,-2.638058,2.395691,-7.544857,4.160182
2024-07-08,2024-07-07,2024-07-08T00:00:00Z,51.057143,neutral,1.342857,6.742857,49.365714,43.987143,1.715677,Sunday,2024-07-05,2,False,Friday,^GSPC,5537.910156,5570.330078,5531.629883,5567.189941,5567.189941,3253080000,5537.020020,0.544877,0.016076,0.528715,0.698935,0.544877,1.537877,1.717835,3.981303,6.857696,25.194862,5452.360474,2.106051,5310.456191,4.834495,4887.147002,13.914927,5.598026,0.000000,Yahoo Finance via yfinance,0.101670,0.865071,-1.117080,-3.963039,3.507875,-0.084067,1.587338,-4.762908,1.840785,-8.045894,3.595713
2024-07-09,2024-07-08,2024-07-09T00:00:00Z,50.571429,neutral,-0.485714,2.628572,49.891429,44.345714,1.424182,Monday,2024-07-08,0,True,Monday,^GSPC,5572.750000,5583.109863,5562.509766,5572.850098,5572.850098,3185670000,5567.189941,0.101670,0.099872,0.001796,0.370027,0.101670,2.057880,1.980558,4.107823,7.987574,26.322942,5463.354980,2.004174,5320.480596,4.743359,4892.791501,13.899194,5.552247,0.000000,Yahoo Finance via yfinance,0.074107,1.047402,-0.151447,-6.935769,2.438607,0.030859,1.688361,-8.139288,1.737348,-8.139288,3.490494
2024-07-10,2024-07-09,2024-07-10T00:00:00Z,54.600000,neutral,4.028571,4.857143,50.862857,44.838572,1.976968,Tuesday,2024-07-09,0,True,Tuesday,^GSPC,5584.240234,5590.750000,5574.569824,5576.979980,5576.979980,3232920000,5572.850098,0.074107,0.204386,-0.130013,0.290339,0.074107,1.860977,2.369914,4.301294,7.269005,26.779794,5474.854468,1.865356,5331.051797,4.613127,4898.665400,13.846926,5.451375,0.000000,Yahoo Finance via yfinance,1.020807,1.617725,-0.380847,-6.041804,2.376915,-0.008072,1.662010,-8.207313,1.662010,-8.207313,3.413857
2024-07-11,2024-07-10,2024-07-11T00:00:00Z,49.400000,neutral,-5.200000,1.028571,51.068572,45.088572,0.855489,Wednesday,2024-07-10,0,True,Wednesday,^GSPC,5591.259766,5635.390137,5586.439941,5633.910156,5633.910156,3336100000,5576.979980,1.020807,0.256049,0.762805,0.877719,1.020807,2.267202,3.009715,5.094774,9.964067,27.766688,5488.510474,2.649165,5341.730801,5.469751,4905.184951,14.856223,6.163850,0.000000,Yahoo Finance via yfinance,-0.876303,-0.810097,-3.670280,-7.710633,1.172006,-1.018482,0.634724,-9.134870,0.634724,-9.134870,2.368869
2024-07-12,2024-07-11,2024-07-12T00:00:00Z,54.371429,neutral,4.971429,4.657143,52.000000,45.478572,1.632931,Thursday,2024-07-11,0,True,Thursday,^GSPC,5635.209961,5642.450195,5576.529785,5584.540039,5584.540039,4020950000,5633.910156,-0.876303,0.023071,-0.899167,1.170065,-0.876303,0.858224,1.946734,3.892238,10.326725,25.798902,5498.971484,1.556083,5351.098203,4.362503,4911.507351,13.703180,7.343269,-0.876303,Yahoo Finance via yfinance,0.551703,-0.715371,-3.318444,-4.749361,2.981979,-1.105373,1.524385,-8.331577,1.524385,-8.331577,3.273861
2024-07-15,2024-07-14,2024-07-15T00:00:00Z,57.742857,greed,3.371428,6.685714,53.337143,46.137143,1.906038,Sunday,2024-07-12,2,False,Friday,^GSPC,5590.759766,5655.560059,5590.439941,5615.350098,5615.350098,3700280000,5584.540039,0.551703,0.111374,0.439839,1.166078,0.551703,0.865071,2.416252,3.584565,11.164010,25.562366,5508.687500,1.936262,5362.691406,4.711416,4917.896902,14.181940,7.059218,-0.329435,Yahoo Finance via yfinance,0.282620,-1.965151,-2.782551,-4.829440,1.435170,-2.106904,0.967345,-8.834540,0.967345,-8.834540,2.707222
2024-07-16,2024-07-15,2024-07-16T00:00:00Z,57.028571,greed,-0.714286,6.457142,54.628571,46.932857,1.570494,Monday,2024-07-15,0,True,Monday,^GSPC,5638.160156,5666.939941,5614.750000,5631.220215,5631.220215,3620470000,5615.350098,0.282620,0.406209,-0.123089,0.929416,0.282620,1.047402,3.126836,3.634329,12.126340,24.859650,5518.561499,2.041451,5374.948008,4.767901,4924.685354,14.346802,7.066467,-0.047746,Yahoo Finance via yfinance,0.638938,-1.186422,-2.977688,-5.093569,2.129373,-2.382790,0.682795,-9.091466,0.682795,-9.091466,2.417769
2024-07-17,2024-07-16,2024-07-17T00:00:00Z,46.114286,neutral,-10.914285,-8.485714,52.931429,47.074286,-0.150593,Tuesday,2024-07-16,0,True,Tuesday,^GSPC,5644.089844,5669.669922,5639.020020,5667.200195,5667.200195,4041760000,5631.220215,0.638938,0.228541,0.409461,0.544285,0.638938,1.617725,3.508807,4.337582,13.092484,25.786282,5530.341504,2.474688,5387.008008,5.201258,4931.648806,14.914918,7.196689,0.000000,Yahoo Finance via yfinance,-1.392754,-1.966755,-4.071856,-4.107320,2.202849,-3.002544,-0.788925,-9.668627,-0.788925,-9.668627,2.286837
2024-07-18,2024-07-17,2024-07-18T00:00:00Z,45.942857,neutral,-0.171429,-3.457143,52.240000,47.307143,-0.218784,Wednesday,2024-07-17,0,True,Wednesday,^GSPC,5610.069824,5622.490234,5584.810059,5588.270020,5588.270020,4246450000,5667.200195,-1.392754,-1.008088,-0.388583,0.664882,-1.392754,-0.810097,1.438739,2.101867,12.502744,23.558024,5536.093506,0.942479,5396.217607,3.559019,4938.091655,13.166592,8.880633,-1.392754,Yahoo Finance via yfinance,-0.781640,-2.883542,-1.180512,-2.381060,3.431827,-3.011487,0.461320,-8.392763,0.461320,-8.392763,3.731562
2024-07-19,2024-07-18,2024-07-19T00:00:00Z,43.000000,fear,-2.942857,-11.371429,49.965714,47.521429,-0.754340,Thursday,2024-07-18,0,True,Thursday,^GSPC,5608.560059,5614.049805,5522.810059,5544.589844,5544.589844,4007510000,5588.270020,-0.781640,0.363083,-1.140582,1.632701,-0.781640,-0.715371,0.136713,1.049020,10.657201,21.725888,5538.971509,0.101433,5403.494600,2.611185,4944.374355,12.139362,9.397417,-2.163508,Yahoo Finance via yfinance,-0.714027,-2.621828,-1.765860,-0.024702,4.877546,-2.770983,0.734951,-7.671083,0.734951,-7.671083,5.005601
2024-07-22,2024-07-21,2024-07-22T00:00:00Z,48.428571,neutral,5.428571,-9.314286,48.102857,47.990000,0.077568,Sunday,2024-07-19,2,False,Friday,^GSPC,5543.370117,5557.500000,5497.040039,5505.000000,5505.000000,3760570000,5544.589844,-0.714027,-0.021999,-0.692180,1.090432,-0.714027,-1.965151,-1.117080,0.581566,8.568108,20.572434,5540.563013,-0.641866,5409.840596,1.759006,4950.457405,11.201846,9.733719,-2.862087,Yahoo Finance via yfinance,1.079204,-0.833786,-2.878110,0.894641,6.445960,-2.071749,1.459398,-7.007089,1.459398,-7.007089,6.655952
2024-07-23,2024-07-22,2024-07-23T00:00:00Z,46.857143,neutral,-1.571428,-10.171428,46.068571,48.444286,-0.309350,Monday,2024-07-22,0,True,Monday,^GSPC,5544.540039,5570.359863,5529.040039,5564.410156,5564.410156,3375180000,5505.000000,1.079204,0.718257,0.358373,0.750587,1.079204,-1.186422,-0.151447,1.826111,9.716408,22.702746,5545.552515,0.340050,5417.375400,2.714133,4957.132205,12.250590,10.384982,-1.813771,Yahoo Finance via yfinance,-0.155810,-1.812773,-6.794612,0.787861,4.508108,-3.117311,0.376135,-7.999956,0.788757,-7.999956,5.517207
2024-07-24,2024-07-23,2024-07-24T00:00:00Z,38.614286,fear,-8.242857,-7.500000,44.568571,48.510714,-1.985233,Tuesday,2024-07-23,0,True,Tuesday,^GSPC,5565.299805,5585.339844,5550.899902,5555.740234,5555.740234,3500210000,5564.410156,-0.155810,0.015988,-0.171771,0.618932,-0.155810,-1.966755,-0.380847,1.980042,10.049091,22.471870,5550.946020,0.086368,5424.208603,2.424900,4963.592156,11.929829,10.321755,-1.966755,Yahoo Finance via yfinance,-2.314909,-2.147334,-5.682599,0.744813,5.160968,-2.966122,-0.858575,-7.856387,1.165813,-7.856387,5.681870
2024-07-25,2024-07-24,2024-07-25T00:00:00Z,39.071429,fear,0.457143,-6.871428,43.194286,48.420000,-1.817014,Wednesday,2024-07-24,0,True,Wednesday,^GSPC,5505.839844,5508.040039,5419.979980,5427.129883,5427.129883,3945550000,5555.740234,-2.314909,-0.898177,-1.429572,1.585028,-2.314909,-2.883542,-3.670280,-0.771030,6.415147,19.156063,5548.837524,-2.193390,5428.297598,-0.021512,4969.436855,9.210159,13.337460,-4.236136,Yahoo Finance via yfinance,-0.514262,1.753596,-4.194296,3.569478,7.634612,-0.666645,2.291817,-5.672798,3.787459,-5.672798,8.316183
2024-07-26,2024-07-25,2024-07-26T00:00:00Z,42.542857,fear,3.471428,-0.457143,43.102857,48.271429,-1.086065,Thursday,2024-07-25,0,True,Thursday,^GSPC,5428.700195,5491.589844,5390.950195,5399.220215,5399.220215,4592120000,5427.129883,-0.514262,0.028934,-0.543039,1.854381,-0.514262,-2.621828,-3.318444,-1.436311,5.532465,18.210565,5544.903540,-2.627337,5431.853604,-0.600778,4974.890457,8.529429,13.421602,-4.728613,Yahoo Finance via yfinance,1.109047,0.879015,-1.480031,3.174901,8.620684,0.045932,3.091927,-5.185202,4.519171,-5.185202,8.876092
2024-07-29,2024-07-28,2024-07-29T00:00:00Z,42.071429,fear,-0.471428,-6.357142,41.831429,48.159286,-1.130344,Sunday,2024-07-26,2,False,Friday,^GSPC,5433.669922,5488.319824,5430.700195,5459.100098,5459.100098,3638770000,5399.220215,1.109047,0.638050,0.468011,1.067184,1.109047,-0.833786,-2.782551,-0.433532,8.408186,19.540157,5543.715039,-1.526322,5436.102002,0.423062,4980.507656,9.609310,14.054075,-3.672009,Yahoo Finance via yfinance,0.081331,-2.061513,-2.105474,3.214994,7.233424,-2.877220,1.961130,-6.225208,3.372719,-6.225208,7.681850
2024-07-30,2024-07-29,2024-07-30T00:00:00Z,40.800000,fear,-1.271429,-6.057143,40.620000,47.802143,-1.243246,Monday,2024-07-29,0,True,Monday,^GSPC,5476.549805,5487.740234,5444.439941,5463.540039,5463.540039,3379970000,5459.100098,0.081331,0.319644,-0.237554,0.793176,0.081331,-1.812773,-2.977688,0.056040,8.870373,20.410980,5543.868042,-1.448952,5439.209805,0.447312,4986.034155,9.576867,13.980968,-3.593664,Yahoo Finance via yfinance,-0.496017,-5.073816,-2.180819,2.805870,7.095402,-6.301414,1.878272,-6.301414,3.442458,-6.301414,7.594342
2024-07-31,2024-07-30,2024-07-31T00:00:00Z,46.885714,neutral,6.085714,8.271428,42.274286,47.659286,-0.137731,Tuesday,2024-07-30,0,True,Tuesday,^GSPC,5478.729980,5489.459961,5401.700195,5436.439941,5436.439941,3777740000,5463.540039,-0.496017,0.278024,-0.771895,1.606280,-0.496017,-2.147334,-4.071856,-0.705923,7.350415,18.641796,5541.935547,-1.903588,5441.996602,-0.102107,4991.331604,8.917627,14.054405,-4.071856,Yahoo Finance via yfinance,1.579340,-3.612845,-0.036968,3.483159,6.640007,-5.834336,2.386124,-5.834336,3.958108,-5.834336,8.130689
2024-08-01,2024-07-31,2024-08-01T00:00:00Z,42.685714,fear,-4.200000,3.614285,42.997143,47.375000,-0.819589,Wednesday,2024-07-31,0,True,Wednesday,^GSPC,5505.589844,5551.509766,5493.750000,5522.299805,5522.299805,4546910000,5436.439941,1.579340,1.271970,0.303509,1.062456,1.579340,1.753596,-1.180512,0.241242,7.693563,20.338810,5542.600049,-0.366259,5446.377197,1.394002,4997.195054,10.507990,15.023768,-2.556825,Yahoo Finance via yfinance,-1.369350,-5.845387,-1.214890,1.265422,5.207252,-7.298409,0.794241,-7.298409,2.341784,-7.298409,6.449490
2024-08-02,2024-08-01,2024-08-02T00:00:00Z,41.385714,fear,-1.300000,-1.157143,42.765714,46.958571,-0.953592,Thursday,2024-08-01,0,True,Thursday,^GSPC,5537.839844,5566.160156,5410.419922,5446.680176,5446.680176,4703620000,5522.299805,-1.369350,0.281405,-1.646123,2.820206,-1.369350,0.879015,-1.765860,-1.631561,5.133242,19.008117,5538.083057,-1.650443,5449.148203,-0.045292,5002.789556,8.872862,15.672566,-3.891163,Yahoo Finance via yfinance,-1.838186,-2.338491,1.772457,2.667309,6.635968,-6.011376,-1.152813,-6.011376,3.762658,-6.011376,7.927394
2024-08-05,2024-08-04,2024-08-05T00:00:00Z,33.057143,fear,-8.328571,-9.014286,40.962857,46.058571,-1.992280,Sunday,2024-08-02,2,False,Friday,^GSPC,5376.629883,5383.890137,5302.029785,5346.560059,5346.560059,5156450000,5446.680176,-1.838186,-1.286110,-0.559269,1.502940,-1.838186,-2.061513,-2.878110,-3.963039,3.062241,18.459958,5527.051563,-3.265602,5449.651201,-1.891702,5007.654207,6.767757,16.668450,-5.657823,Yahoo Finance via yfinance,-2.996880,-0.044887,3.884553,5.645496,8.920875,-4.251337,0.226498,-4.251337,5.705726,-4.251337,9.948451
2024-08-06,2024-08-05,2024-08-06T00:00:00Z,19.014286,extreme fear,-14.042857,-21.785714,36.605714,44.480714,-2.894861,Monday,2024-08-05,0,True,Monday,^GSPC,5151.140137,5250.890137,5119.259766,5186.330078,5186.330078,5333250000,5346.560059,-2.996880,-3.655059,0.683149,2.461964,-2.996880,-5.073816,-6.794612,-6.935769,-0.025827,15.203391,5507.725562,-5.835358,5447.237607,-4.789722,5011.719856,3.484038,19.346420,-8.485144,Yahoo Finance via yfinance,1.035409,3.047628,8.135231,6.605829,12.467194,0.139405,3.564565,0.139405,8.971470,0.139405,13.345273
2024-08-07,2024-08-06,2024-08-07T00:00:00Z,16.557143,extreme fear,-2.457143,-30.328571,30.540000,42.578571,-2.489782,Tuesday,2024-08-06,0,True,Tuesday,^GSPC,5206.419922,5312.339844,5193.560059,5240.029785,5240.029785,4690190000,5186.330078,1.035409,0.387361,0.645547,2.290247,1.035409,-3.612845,-5.682599,-6.041804,0.497685,17.016412,5490.878052,-4.568455,5446.681406,-3.794083,5016.347004,4.459077,19.919448,-7.537592,Yahoo Finance via yfinance,-0.773465,3.709910,6.814662,5.344245,10.947269,-0.849036,3.749410,-0.849036,7.854733,-0.849036,12.183713
2024-08-08,2024-08-07,2024-08-08T00:00:00Z,17.657143,extreme fear,1.100000,-25.028571,25.534286,40.991429,-1.994915,Wednesday,2024-08-07,0,True,Wednesday,^GSPC,5293.129883,5330.640137,5195.540039,5199.500000,5199.500000,4558260000,5240.029785,-0.773465,1.013355,-1.768894,2.578231,-0.773465,-5.845387,-4.194296,-7.710633,-0.443837,15.072903,5469.157544,-4.930513,5444.577002,-4.501305,5020.954504,3.556007,19.347194,-8.252756,Yahoo Finance via yfinance,2.304261,4.917972,8.103666,5.844988,9.730747,0.660642,5.072030,0.660642,8.695454,0.660642,13.058178
2024-08-09,2024-08-08,2024-08-09T00:00:00Z,24.085714,extreme fear,6.428571,-17.300000,22.074286,39.477143,-1.300705,Thursday,2024-08-08,0,True,Thursday,^GSPC,5252.569824,5328.029785,5233.850098,5319.310059,5319.310059,4016830000,5199.500000,2.304261,1.020672,1.270621,1.811322,2.304261,-2.338491,-1.480031,-4.749361,1.874780,18.223182,5455.896045,-2.503457,5444.842402,-2.305528,5026.430254,5.826795,21.471495,-6.138660,Yahoo Finance via yfinance,0.467168,4.209383,4.724862,1.675215,7.698174,-0.347230,4.265965,-0.347230,6.247240,-0.347230,10.511700
2024-08-12,2024-08-11,2024-08-12T00:00:00Z,23.800000,extreme fear,-0.285714,-9.257143,20.222857,37.780000,-1.215115,Sunday,2024-08-09,2,False,Friday,^GSPC,5314.660156,5358.669922,5300.839844,5344.160156,5344.160156,3516400000,5319.310059,0.467168,-0.087416,0.555068,1.087173,0.467168,-0.044887,-2.105474,-4.829440,1.857936,19.617437,5442.336548,-1.803938,5446.386602,-1.876959,5032.065854,6.202111,21.432515,-5.700170,Yahoo Finance via yfinance,0.004303,3.931204,5.434899,2.374361,6.895935,-0.370311,4.075848,-0.370311,5.753195,-0.370311,9.997825
2024-08-13,2024-08-12,2024-08-13T00:00:00Z,25.514286,fear,1.714286,6.500000,21.522857,36.204286,-0.983381,Monday,2024-08-12,0,True,Monday,^GSPC,5351.879883,5371.200195,5324.370117,5344.390137,5344.390137,3360160000,5344.160156,0.004303,0.144452,-0.139946,0.876285,0.004303,3.047628,-2.180819,-5.093569,0.682728,19.592601,5427.995044,-1.540254,5448.564805,-1.911965,5037.549404,6.091071,21.365425,-5.696112,Yahoo Finance via yfinance,1.684758,4.937137,5.097863,2.827823,8.202426,0.609795,4.938069,0.609795,5.748644,0.609795,9.993092
2024-08-14,2024-08-13,2024-08-14T00:00:00Z,26.428571,fear,0.914285,9.871428,23.497143,35.220000,-0.812725,Tuesday,2024-08-13,0,True,Tuesday,^GSPC,5376.979980,5436.500000,5376.979980,5434.430176,5434.430176,3648980000,5344.390137,1.684758,0.609795,1.068447,1.113692,1.684758,3.709910,-0.036968,-4.107320,2.592552,21.737669,5416.356543,0.333686,5451.703213,-0.316837,5043.787705,7.745022,22.248376,-4.107320,Yahoo Finance via yfinance,0.382373,2.993689,3.521430,2.202617,9.101412,-0.340790,3.424086,-0.585343,3.996554,-0.585343,9.232062
2024-08-15,2024-08-14,2024-08-15T00:00:00Z,32.371429,fear,5.942858,14.714286,26.440000,34.541429,-0.206057,Wednesday,2024-08-14,0,True,Wednesday,^GSPC,5442.359863,5463.220215,5415.910156,5455.209961,5455.209961,3380050000,5434.430176,0.382373,0.145916,0.236113,0.870562,0.382373,4.917972,-1.214890,-2.381060,2.865024,21.504452,5409.703540,0.841200,5455.139414,0.001293,5050.377605,8.015883,21.875459,-3.740652,Yahoo Finance via yfinance,1.613325,3.036366,2.510815,2.576433,9.493496,0.841763,3.253224,-0.964030,3.600414,-0.964030,9.690367
2024-08-16,2024-08-15,2024-08-16T00:00:00Z,33.742857,fear,1.371428,9.657143,28.371429,34.078571,-0.032463,Thursday,2024-08-15,0,True,Thursday,^GSPC,5501.129883,5546.229980,5501.129883,5543.220215,5543.220215,3723310000,5455.209961,1.613325,0.841763,0.765122,0.826734,1.613325,4.209383,1.772457,-0.024702,4.428873,24.907509,5409.635059,2.469393,5460.177021,1.520888,5057.506855,9.603810,22.543854,-2.187676,Yahoo Finance via yfinance,0.198978,0.494657,0.879268,1.493713,8.159875,-0.325628,1.804006,-2.536434,1.955540,-2.536434,8.464935
2024-08-19,2024-08-18,2024-08-19T00:00:00Z,39.885714,fear,6.142857,16.085714,31.588571,33.651429,0.630755,Sunday,2024-08-16,2,False,Friday,^GSPC,5530.500000,5561.979980,5525.169922,5554.250000,5554.250000,3357690000,5543.220215,0.198978,-0.229473,0.429437,0.664055,0.198978,3.931204,3.884553,0.894641,4.375529,26.108850,5412.097559,2.626568,5464.181426,1.648345,5064.444006,9.671466,22.388227,-1.993051,Yahoo Finance via yfinance,0.972228,1.446818,1.695097,1.419451,8.049693,-0.063191,1.601840,-2.729979,1.753074,-2.729979,8.337040
2024-08-20,2024-08-19,2024-08-20T00:00:00Z,44.685714,fear,4.800000,19.171428,35.422857,33.542857,1.143789,Monday,2024-08-19,0,True,Monday,^GSPC,5557.229980,5608.299805,5550.740234,5608.250000,5608.250000,3222050000,5554.250000,0.972228,0.053652,0.918084,1.036316,0.972228,4.937137,8.135231,0.787861,5.676271,28.324673,5414.289551,3.582380,5469.287227,2.540784,5071.516257,10.583299,22.326393,-1.040200,Yahoo Finance via yfinance,-0.198456,0.153164,-1.414342,0.469488,6.699777,-0.843397,0.773327,-3.666561,1.115501,-3.666561,7.293898
2024-08-21,2024-08-20,2024-08-21T00:00:00Z,50.228571,neutral,5.542857,23.800000,40.182857,34.123571,1.550765,Tuesday,2024-08-20,0,True,Tuesday,^GSPC,5602.879883,5620.509766,5585.500000,5597.120117,5597.120117,2994420000,5608.250000,-0.198456,-0.095754,-0.102800,0.624255,-0.198456,2.993689,6.814662,0.744813,6.250765,28.089053,5416.358545,3.337327,5474.289824,2.243767,5078.312559,10.216141,22.332086,-1.236591,Yahoo Finance via yfinance,0.423968,0.512401,-1.376606,0.377688,6.936777,-0.646224,0.973715,-3.475001,1.654956,-3.475001,7.507253
2024-08-22,2024-08-21,2024-08-22T00:00:00Z,46.771429,neutral,-3.457142,14.400000,43.062857,34.508571,1.144377,Wednesday,2024-08-21,0,True,Wednesday,^GSPC,5603.089844,5632.680176,5591.569824,5620.850098,5620.850098,3119670000,5597.120117,0.423968,0.106657,0.316973,0.734491,0.423968,3.036366,8.103666,3.569478,5.959407,27.753271,5426.044556,3.590194,5479.491025,2.579785,5084.827910,10.541599,20.534722,-0.817866,Yahoo Finance via yfinance,-0.893281,-0.510064,-2.089363,1.650819,5.841106,-1.065673,0.547426,-3.882508,2.005386,-3.882508,7.053381
2024-08-23,2024-08-22,2024-08-23T00:00:00Z,51.571429,neutral,4.800000,17.828572,46.628571,34.960000,1.476711,Thursday,2024-08-22,0,True,Thursday,^GSPC,5637.770020,5643.220215,5560.950195,5570.640137,5570.640137,2981530000,5620.850098,-0.893281,0.301021,-1.190717,1.463658,-0.893281,0.494657,4.724862,3.174901,4.986772,26.964716,5434.615552,2.502929,5483.397432,1.591034,5090.889412,9.423711,20.748496,-1.703841,Yahoo Finance via yfinance,1.148337,0.382718,-2.912057,2.367945,5.385018,-0.173947,1.453693,-3.016171,2.924793,-3.016171,8.018287
2024-08-26,2024-08-25,2024-08-26T00:00:00Z,52.942857,neutral,1.371428,13.057143,49.240000,35.503571,1.470813,Sunday,2024-08-23,2,False,Friday,^GSPC,5602.490234,5641.819824,5585.160156,5634.609863,5634.609863,3291940000,5570.640137,1.148337,0.571749,0.573310,1.017112,1.148337,1.446818,5.434899,3.214994,6.980504,27.019780,5443.391040,3.512862,5487.669033,2.677655,5097.232561,10.542531,20.772672,-0.575069,Yahoo Finance via yfinance,-0.315373,0.244738,-2.902775,1.490076,4.596774,-1.307272,0.301889,-4.117228,1.756288,-4.117228,6.791956
2024-08-27,2024-08-26,2024-08-27T00:00:00Z,52.285714,neutral,-0.657143,7.600000,50.760000,36.077857,1.307827,Monday,2024-08-26,0,True,Monday,^GSPC,5639.660156,5651.620117,5602.339844,5616.839844,5616.839844,2938570000,5634.609863,-0.315373,0.089630,-0.404640,0.874600,-0.315373,0.153164,5.097863,2.805870,7.284143,28.346478,5451.056030,3.041316,5491.331025,2.285581,5103.424861,10.060205,20.841860,-0.888628,Yahoo Finance via yfinance,0.159520,-1.565109,-2.159930,2.066826,5.343577,-2.003079,0.614763,-3.813883,2.109371,-3.813883,7.129814
2024-08-28,2024-08-27,2024-08-28T00:00:00Z,51.085714,neutral,-1.200000,0.857143,50.931429,36.287857,1.172640,Tuesday,2024-08-27,0,True,Tuesday,^GSPC,5602.890137,5631.180176,5593.479980,5625.799805,5625.799805,2798990000,5616.839844,0.159520,-0.248355,0.408890,0.671199,0.159520,0.512401,3.521430,3.483159,6.599515,27.693376,5460.524024,3.026738,5495.215020,2.376336,5109.639961,10.101687,20.703189,-0.730526,Yahoo Finance via yfinance,-0.597597,-1.879377,-1.273951,1.714600,5.178109,-2.171063,0.454519,-3.967075,2.048242,-3.967075,6.959193
2024-08-29,2024-08-28,2024-08-29T00:00:00Z,56.057143,greed,4.971429,9.285714,52.788571,36.956429,1.434925,Wednesday,2024-08-28,0,True,Wednesday,^GSPC,5624.509766,5627.029785,5560.950195,5592.180176,5592.180176,3053450000,5625.799805,-0.597597,-0.022931,-0.574798,1.174581,-0.597597,-0.510064,2.510815,1.265422,5.844348,26.140065,5464.018042,2.345566,5497.594023,1.720501,5115.864111,9.310569,20.186526,-1.323758,Yahoo Finance via yfinance,-0.003938,-1.587396,0.064011,2.739360,6.375506,-1.996362,1.058441,-3.389734,3.132766,-3.389734,7.602221
2024-08-30,2024-08-29,2024-08-30T00:00:00Z,60.314286,greed,4.257143,8.742857,54.537143,37.902857,1.569381,Thursday,2024-08-29,0,True,Thursday,^GSPC,5607.299805,5646.950195,5583.709961,5591.959961,5591.959961,3065640000,5592.180176,-0.003938,0.270371,-0.273569,1.130869,-0.003938,0.382718,0.879268,2.667309,5.681361,24.331261,5471.282031,2.205661,5499.692627,1.677682,5121.747710,9.180699,19.463620,-1.327644,Yahoo Finance via yfinance,1.009305,-3.282213,0.609090,2.614646,6.748616,-3.385930,1.062421,-3.385930,3.136828,-3.385930,7.606458
2024-09-03,2024-09-02,2024-09-03T00:00:00Z,56.342857,greed,-3.971429,3.400000,55.217143,39.067143,1.166947,Monday,2024-08-30,3,False,Friday,^GSPC,5612.740234,5651.370117,5581.790039,5648.399902,5648.399902,4185850000,5591.959961,1.009305,0.371610,0.635334,1.244288,1.009305,0.244738,1.695097,5.645496,5.498104,25.106587,5486.374024,2.953242,5503.197227,2.638515,5127.931960,10.149666,18.211585,-0.331739,Yahoo Finance via yfinance,-2.115107,-3.139829,-0.271051,2.019688,6.001172,-4.351317,-0.433924,-4.351317,2.106264,-4.351317,6.592134
2024-09-04,2024-09-03,2024-09-04T00:00:00Z,56.628571,greed,0.285714,4.342857,56.085714,40.947857,1.080764,Tuesday,2024-09-03,0,True,Tuesday,^GSPC,5623.890137,5623.890137,5504.330078,5528.930176,5528.930176,3866350000,5648.399902,-2.115107,-0.433924,-1.688510,2.116707,-2.115107,-1.565109,-1.414342,6.605829,3.287344,22.656322,5503.504028,0.461999,5504.483428,0.444124,5133.098110,7.711368,16.272144,-2.439829,Yahoo Finance via yfinance,-0.160254,-0.604279,1.910856,3.252344,8.911303,-2.284530,0.435167,-2.284530,4.312587,-2.284530,8.979852
2024-09-05,2024-09-04,2024-09-05T00:00:00Z,50.628571,neutral,-6.000000,-0.457143,55.994286,42.651428,0.592813,Wednesday,2024-09-04,0,True,Wednesday,^GSPC,5506.680176,5552.990234,5503.660156,5520.069824,5520.069824,3478140000,5528.930176,-0.160254,-0.402429,0.243153,0.892217,-0.160254,-1.879377,-1.376606,5.344245,3.236954,22.239835,5517.506030,0.046467,5505.927422,0.256858,5138.184060,7.432310,16.133031,-2.596174,Yahoo Finance via yfinance,-0.301802,0.617022,1.778781,3.432388,8.671456,-2.127685,0.730794,-2.127685,4.480021,-2.127685,9.154777
2024-09-06,2024-09-05,2024-09-06T00:00:00Z,39.342857,fear,-11.285714,-16.714286,52.651428,43.735714,-0.361660,Thursday,2024-09-05,0,True,Thursday,^GSPC,5520.080078,5546.299805,5480.540039,5503.410156,5503.410156,3521650000,5520.069824,-0.301802,0.000186,-0.301987,1.191285,-0.301802,-1.587396,-2.089363,5.844988,2.660431,22.384214,5532.701538,-0.529423,5506.609629,-0.058102,5143.159910,7.004454,15.813859,-2.890140,Yahoo Finance via yfinance,-1.726025,1.678043,3.819995,3.571055,9.611672,-1.831411,1.767991,-1.831411,4.796298,-1.831411,9.825903
2024-09-09,2024-09-08,2024-09-09T00:00:00Z,41.971429,fear,2.628572,-18.342857,48.982857,44.630000,-0.236344,Sunday,2024-09-06,2,False,Friday,^GSPC,5507.330078,5522.470215,5402.620117,5408.419922,5408.419922,3822800000,5503.410156,-1.726025,0.071227,-1.795973,2.177742,-1.726025,-3.282213,-2.912057,1.675215,0.615779,21.116206,5537.157031,-2.324968,5505.220029,-1.758333,5147.631909,5.066174,15.469590,-4.566281,Yahoo Finance via yfinance,1.158007,4.023358,5.438370,6.335490,11.809918,-0.026994,4.212877,-0.026994,6.636877,-0.026994,11.928810
2024-09-10,2024-09-09,2024-09-10T00:00:00Z,39.685714,fear,-2.285715,-16.657143,45.651428,45.424286,-0.561849,Monday,2024-09-09,0,True,Monday,^GSPC,5442.069824,5484.200195,5434.490234,5471.049805,5471.049805,3825940000,5408.419922,1.158007,0.622176,0.532518,0.919122,1.158007,-3.139829,-2.902775,2.374361,0.922703,22.913448,5543.501514,-1.306967,5504.983623,-0.616420,5152.250259,6.187579,15.883231,-3.461152,Yahoo Finance via yfinance,0.447267,2.961772,4.524178,4.110548,10.579872,-1.171436,3.019900,-1.171436,5.416151,-1.171436,10.647504
2024-09-11,2024-09-10,2024-09-11T00:00:00Z,43.085714,fear,3.400000,-13.542857,42.942857,46.302857,-0.353272,Tuesday,2024-09-10,0,True,Tuesday,^GSPC,5490.509766,5497.910156,5441.720215,5495.520020,5495.520020,3848180000,5471.049805,0.447267,0.355690,0.091253,1.027041,0.447267,-0.604279,-2.159930,2.827823,1.136966,23.287315,5551.058008,-1.000494,5505.684424,-0.184617,5157.036909,6.563519,15.917427,-3.029365,Yahoo Finance via yfinance,1.066503,2.530426,4.320067,4.651241,10.753672,-1.611496,3.189690,-1.611496,4.946758,-1.611496,10.814624
2024-09-12,2024-09-11,2024-09-12T00:00:00Z,42.971429,fear,-0.114285,-7.657142,41.411429,47.130000,-0.528108,Wednesday,2024-09-11,0,True,Wednesday,^GSPC,5496.419922,5560.410156,5406.959961,5554.129883,5554.129883,3839450000,5495.520020,1.066503,0.016375,1.049955,2.792278,1.066503,0.617022,-1.273951,2.202617,2.255869,23.770015,5557.042993,-0.052422,5507.265225,0.850961,5162.024458,7.595962,15.261629,-1.995171,Yahoo Finance via yfinance,0.749530,1.154634,3.027115,4.283482,9.380047,-0.335424,2.441789,-0.335424,4.369180,-0.335424,9.730056
2024-09-13,2024-09-12,2024-09-13T00:00:00Z,48.628571,neutral,5.657142,9.285714,43.268571,47.942857,0.097008,Thursday,2024-09-12,0,True,Thursday,^GSPC,5557.479980,5600.709961,5535.500000,5595.759766,5595.759766,3655070000,5554.129883,0.749530,0.060317,0.688798,1.174081,0.749530,1.678043,0.064011,2.576433,2.238711,25.412042,5564.070483,0.569534,5509.000225,1.574869,5167.206558,8.293712,15.402451,-1.260595,Yahoo Finance via yfinance,0.540771,2.106602,2.673638,3.293387,8.837232,0.105261,2.462759,0.105261,3.592721,0.105261,9.010581
2024-09-16,2024-09-15,2024-09-16T00:00:00Z,50.314286,neutral,1.685715,8.342857,44.937143,48.771428,0.247288,Sunday,2024-09-13,2,False,Friday,^GSPC,5603.339844,5636.270020,5601.649902,5626.020020,5626.020020,3500790000,5595.759766,0.540771,0.135461,0.404762,0.618685,0.540771,4.023358,0.609090,1.493713,2.533069,25.933870,5568.210474,1.038207,5510.780225,2.091170,5172.584507,8.766131,14.476817,-0.726641,Yahoo Finance via yfinance,0.125663,1.360283,1.993415,3.359564,7.586715,-0.381979,1.911650,-0.381979,3.485765,-0.381979,8.424254
2024-09-17,2024-09-16,2024-09-17T00:00:00Z,54.628571,neutral,4.314285,14.942857,47.925714,49.508571,0.853279,Monday,2024-09-16,0,True,Monday,^GSPC,5615.209961,5636.049805,5604.529785,5633.089844,5633.089844,3437070000,5626.020020,0.125663,-0.192144,0.318419,0.560254,0.125663,2.961772,-0.271051,1.419451,2.921888,25.038062,5572.152466,1.093606,5512.098223,2.195019,5177.975505,8.789426,14.471037,-0.601891,Yahoo Finance via yfinance,0.026455,1.517462,2.296966,4.025504,7.133213,-0.338003,1.783745,-0.338003,4.230721,-0.338003,8.288175
2024-09-18,2024-09-17,2024-09-18T00:00:00Z,55.171429,greed,0.542858,12.085715,50.342857,50.032857,0.854309,Tuesday,2024-09-17,0,True,Tuesday,^GSPC,5655.509766,5670.810059,5614.049805,5634.580078,5634.580078,3443600000,5633.089844,0.026455,0.398004,-0.370076,1.007622,0.026455,2.530426,1.910856,0.469488,3.110188,26.610677,5573.468970,1.096464,5513.332822,2.199164,5183.395505,8.704421,14.076876,-0.575595,Yahoo Finance via yfinance,-0.289646,1.745473,1.316335,3.206622,7.979474,-0.346077,1.787884,-0.346077,4.203154,-0.346077,8.259535
2024-09-19,2024-09-18,2024-09-19T00:00:00Z,63.800000,greed,8.628571,20.828571,54.508571,50.711429,1.936815,Wednesday,2024-09-18,0,True,Wednesday,^GSPC,5641.680176,5689.750000,5615.080078,5618.259766,5618.259766,3691390000,5634.580078,-0.289646,0.126009,-0.415132,1.325208,-0.289646,1.154634,1.778781,0.377688,3.127638,26.152963,5574.525952,0.784530,5514.158418,1.887892,5188.647805,8.279844,14.099965,-0.863573,Yahoo Finance via yfinance,1.697685,1.851107,1.624707,3.990746,7.706839,1.000852,2.185197,0.992126,4.505851,0.992126,8.574015
2024-09-20,2024-09-19,2024-09-20T00:00:00Z,61.200000,greed,-2.600000,12.571429,57.022857,51.432857,1.380003,Thursday,2024-09-19,0,True,Thursday,^GSPC,5702.629883,5733.569824,5686.419922,5713.640137,5713.640137,4024530000,5618.259766,1.697685,1.501713,0.193073,0.839226,1.697685,2.106602,3.819995,1.650819,4.467488,28.571201,5579.165454,2.410301,5515.753018,3.587672,5194.242856,9.999480,15.258152,0.000000,Yahoo Finance via yfinance,-0.194103,0.555337,-0.239781,2.237279,5.906037,-0.685201,0.940381,-0.693781,2.884673,-0.693781,6.761540
2024-09-23,2024-09-22,2024-09-23T00:00:00Z,63.857143,greed,2.657143,13.542857,59.731429,52.047143,1.553156,Sunday,2024-09-20,2,False,Friday,^GSPC,5709.640137,5715.140137,5674.490234,5702.549805,5702.549805,7867260000,5713.640137,-0.194103,-0.070008,-0.124182,0.711454,-0.194103,1.360283,5.438370,2.367945,4.101022,29.538630,5585.760938,2.090832,5518.113213,3.342385,5199.906707,9.666387,14.859434,-0.194103,Yahoo Finance via yfinance,0.280927,0.624635,0.850848,2.842941,6.515161,-0.062421,1.136690,-0.500650,3.084763,-0.500650,6.969170
2024-09-24,2024-09-23,2024-09-24T00:00:00Z,66.428571,greed,2.571428,11.800000,62.091429,52.721429,1.659995,Monday,2024-09-23,0,True,Monday,^GSPC,5711.899902,5725.359863,5704.220215,5718.569824,5718.569824,3529550000,5702.549805,0.280927,0.163963,0.116772,0.370705,0.280927,1.517462,4.524178,1.490076,4.298838,32.068587,5589.958936,2.300748,5520.177608,3.593946,5205.663655,9.852849,14.375355,0.000000,Yahoo Finance via yfinance,0.251118,0.767852,-0.395726,2.367902,5.806348,-0.342386,0.853365,-0.779388,2.795981,-0.779388,6.669507
2024-09-25,2024-09-24,2024-09-25T00:00:00Z,65.742857,greed,-0.685714,10.571428,64.205714,53.394286,1.410725,Tuesday,2024-09-24,0,True,Tuesday,^GSPC,5727.660156,5735.319824,5698.990234,5732.930176,5732.930176,3872710000,5718.569824,0.251118,0.158962,0.092010,0.635292,0.251118,1.745473,4.320067,2.066826,4.989492,32.704872,5595.763452,2.451260,5522.211807,3.815833,5211.581606,10.003654,14.310304,0.000000,Yahoo Finance via yfinance,-0.186125,-0.421777,0.317459,2.062994,2.428601,-0.900942,0.600739,-1.027924,2.538489,-1.027924,6.402311
2024-09-26,2024-09-25,2024-09-26T00:00:00Z,70.742857,greed,5.000000,6.942857,65.594286,54.377143,1.714045,Wednesday,2024-09-25,0,True,Wednesday,^GSPC,5733.649902,5741.029785,5712.060059,5722.259766,5722.259766,3624910000,5732.930176,-0.186125,0.012554,-0.198654,0.505321,-0.186125,1.851107,3.027115,1.714600,4.514445,31.927124,5600.586450,2.172510,5523.312998,3.601946,5217.264956,9.679302,14.345779,-0.186125,Yahoo Finance via yfinance,0.403868,-0.222285,1.219453,1.313470,2.530824,-0.843369,0.788331,-0.843369,2.729694,-0.843369,6.600722
2024-09-27,2024-09-26,2024-09-27T00:00:00Z,67.314286,greed,-3.428571,6.114286,66.817143,54.940000,1.240588,Thursday,2024-09-26,0,True,Thursday,^GSPC,5762.220215,5767.370117,5721.009766,5745.370117,5745.370117,4391180000,5722.259766,0.403868,0.698333,-0.292424,0.810176,0.403868,0.555337,2.673638,2.739360,4.290433,34.440858,5608.245947,2.445046,5526.455000,3.961221,5222.969956,10.001975,14.149224,0.000000,Yahoo Finance via yfinance,-0.125322,-0.790727,0.603611,1.122465,3.228338,-1.242220,0.344104,-1.242220,2.316471,-1.242220,6.171928
2024-09-30,2024-09-29,2024-09-30T00:00:00Z,73.685714,greed,6.371428,9.828571,68.782857,55.608571,1.678453,Sunday,2024-09-27,2,False,Friday,^GSPC,5755.359863,5763.779785,5727.339844,5738.169922,5738.169922,3898530000,5745.370117,-0.125322,0.173875,-0.298677,0.634249,-0.125322,0.624635,1.993415,2.614646,3.632819,34.241591,5615.556445,2.183461,5530.326602,3.758247,5228.548606,9.746898,14.172031,-0.125322,Yahoo Finance via yfinance,0.423655,0.224809,1.339449,1.219033,4.111065,-1.118299,0.470014,-1.118299,2.444857,-1.118299,6.305151
2024-10-01,2024-09-30,2024-10-01T00:00:00Z,70.314286,greed,-3.371428,3.885715,69.560000,56.307143,1.243739,Monday,2024-09-30,0,True,Monday,^GSPC,5726.520020,5765.140137,5703.529785,5762.479980,5762.479980,4425730000,5738.169922,0.423655,-0.203025,0.627955,1.073693,0.423655,0.767852,2.296966,2.019688,3.507875,34.020507,5621.260449,2.512240,5535.476201,4.100890,5234.142505,10.094060,13.840288,0.000000,Yahoo Finance via yfinance,-0.932411,-1.154712,1.689726,1.059267,4.816677,-1.535450,-0.082430,-1.535450,2.012675,-1.535450,5.856684
2024-10-02,2024-10-01,2024-10-02T00:00:00Z,70.571429,greed,0.257143,4.828572,70.525714,57.004286,1.159003,Tuesday,2024-10-01,0,True,Tuesday,^GSPC,5757.729980,5757.729980,5681.279785,5708.750000,5708.750000,4025180000,5762.479980,-0.932411,-0.082430,-0.850682,1.326689,-0.932411,-0.421777,1.316335,3.252344,2.438607,33.131616,5630.251441,1.394228,5538.362998,3.076487,5239.150806,8.963269,11.813967,-0.932411,Yahoo Finance via yfinance,0.013839,0.742367,1.865728,2.175081,5.760278,-0.608715,0.855706,-0.608715,2.972804,-0.608715,6.852993
2024-10-03,2024-10-02,2024-10-03T00:00:00Z,69.428571,greed,-1.142858,-1.314286,70.262857,57.944286,0.963461,Wednesday,2024-10-02,0,True,Wednesday,^GSPC,5698.140137,5719.629883,5674.000000,5709.540039,5709.540039,3829050000,5708.750000,0.013839,-0.185853,0.200064,0.799297,0.013839,-0.222285,1.624707,3.432388,2.376915,33.139473,5639.724951,1.237917,5541.438994,3.033527,5244.100757,8.875483,11.766897,-0.918701,Yahoo Finance via yfinance,-0.168141,1.444950,2.328212,1.823788,4.576547,-0.563442,1.528315,-0.563442,2.958556,-0.563442,6.838207
2024-10-04,2024-10-03,2024-10-04T00:00:00Z,71.400000,greed,1.971429,4.085714,71.080000,59.547143,1.036793,Thursday,2024-10-03,0,True,Thursday,^GSPC,5698.189941,5718.779785,5677.370117,5699.939941,5699.939941,3597450000,5709.540039,-0.168141,-0.198792,0.030712,0.725272,-0.168141,-0.790727,-0.239781,3.571055,1.172006,34.767870,5649.551441,0.891903,5546.895195,2.759106,5249.004507,8.590875,11.704995,-1.085297,Yahoo Finance via yfinance,0.897025,1.405451,2.483013,0.096672,3.631617,-0.229649,1.699314,-0.229649,3.131963,-0.229649,7.018149
2024-10-07,2024-10-06,2024-10-07T00:00:00Z,70.828571,greed,-0.571429,-2.857143,70.508571,60.990000,0.902110,Sunday,2024-10-04,2,False,Friday,^GSPC,5737.479980,5753.209961,5702.830078,5751.069824,5751.069824,3479400000,5699.939941,0.897025,0.658604,0.236861,0.883867,0.897025,0.224809,0.850848,6.335490,2.981979,34.882904,5666.683936,1.489158,5553.932188,3.549515,5254.057056,9.459600,9.550174,-0.198008,Yahoo Finance via yfinance,-0.958602,1.112140,1.975286,-0.387233,2.270187,-1.116657,1.235597,-1.116657,2.215069,-1.116657,6.066704
2024-10-08,2024-10-07,2024-10-08T00:00:00Z,71.171429,greed,0.342858,0.857143,70.680000,62.564286,0.869880,Monday,2024-10-07,0,True,Monday,^GSPC,5737.799805,5739.339844,5686.850098,5695.939941,5695.939941,3637790000,5751.069824,-0.958602,-0.230740,-0.729546,0.912695,-0.958602,-1.154712,-0.395726,4.110548,1.435170,33.764346,5677.928442,0.317220,5558.668984,2.469493,5258.694905,8.314706,10.000224,-1.154712,Yahoo Finance via yfinance,0.968935,2.877667,2.774609,0.294069,3.030402,0.326902,3.080619,0.010004,3.204388,0.010004,7.093303
2024-10-09,2024-10-08,2024-10-09T00:00:00Z,71.142857,greed,-0.028572,0.571428,70.794286,63.967143,0.803595,Tuesday,2024-10-08,0,True,Tuesday,^GSPC,5719.140137,5757.600098,5714.560059,5751.129883,5751.129883,3393400000,5695.939941,0.968935,0.407311,0.559345,0.755627,0.968935,0.742367,0.317459,4.651241,2.129373,33.483344,5690.708936,1.061747,5564.420781,3.355409,5263.958804,9.254842,10.334731,-0.196965,Yahoo Finance via yfinance,0.711341,1.115083,1.740011,0.549977,3.327004,-0.106238,2.091420,-0.949728,2.214001,-0.949728,6.065596
2024-10-10,2024-10-09,2024-10-10T00:00:00Z,70.285714,greed,-0.857143,0.857143,70.965714,65.332857,0.657911,Wednesday,2024-10-09,0,True,Wednesday,^GSPC,5751.799805,5796.799805,5745.020020,5792.040039,5792.040039,3650340000,5751.129883,0.711341,0.011649,0.699611,0.900341,0.711341,1.444950,1.219453,4.283482,2.202849,33.590730,5702.604443,1.568329,5571.532783,3.957749,5269.185254,9.922877,10.025531,0.000000,Yahoo Finance via yfinance,-0.207012,0.870681,0.092884,2.365315,3.165376,-0.470996,1.370331,-1.649337,2.487899,-1.649337,5.316437
2024-10-11,2024-10-10,2024-10-11T00:00:00Z,71.657143,greed,1.371429,0.257143,71.017143,66.484286,0.791651,Thursday,2024-10-10,0,True,Thursday,^GSPC,5778.359863,5795.029785,5764.759766,5780.049805,5780.049805,3208790000,5792.040039,-0.207012,-0.236189,0.029246,0.522614,-0.207012,1.405451,0.603611,3.293387,3.431827,32.623479,5711.818945,1.194556,5576.687783,3.646645,5274.312354,9.588690,9.919497,-0.207012,Yahoo Finance via yfinance,0.605185,1.062628,0.515741,3.339942,2.231468,-0.085812,1.702583,-1.445317,3.525749,-1.445317,5.534907
2024-10-14,2024-10-13,2024-10-14T00:00:00Z,74.228571,greed,2.571428,3.400000,71.697143,67.680000,1.184078,Sunday,2024-10-11,2,False,Friday,^GSPC,5775.089844,5822.129883,5775.089844,5815.029785,5815.029785,3208720000,5780.049805,0.605185,-0.085812,0.691590,0.813834,0.605185,1.112140,1.339449,3.359564,4.877546,32.855745,5721.269434,1.638803,5584.054775,4.136331,5279.513752,10.143283,9.954520,0.000000,Yahoo Finance via yfinance,0.770767,0.853652,-0.118824,3.104202,1.775059,-0.181423,1.090797,-2.038167,3.395003,-2.038167,4.900068
2024-10-15,2024-10-14,2024-10-15T00:00:00Z,71.142857,greed,-3.085714,-0.028572,71.691428,68.505714,0.568280,Monday,2024-10-14,0,True,Monday,^GSPC,5829.810059,5871.410156,5829.569824,5859.850098,5859.850098,3005250000,5815.029785,0.770767,0.254174,0.515283,0.719521,0.770767,2.877667,1.689726,4.025504,6.445960,34.721280,5732.607446,2.219630,5594.320576,4.746412,5284.905103,10.879003,10.179636,0.000000,Yahoo Finance via yfinance,-0.760947,-0.100175,-0.619983,2.414738,-0.559913,-0.944907,0.317583,-2.787449,2.687099,-2.787449,4.097718
2024-10-16,2024-10-15,2024-10-16T00:00:00Z,69.028571,greed,-2.114286,-2.114286,71.268571,69.198571,-0.049730,Tuesday,2024-10-15,0,True,Tuesday,^GSPC,5866.740234,5870.359863,5804.479980,5815.259766,5815.259766,3882120000,5859.850098,-0.760947,0.117582,-0.877497,1.124259,-0.760947,1.115083,1.865728,3.206622,4.508108,34.370510,5741.641431,1.282183,5606.899170,3.716147,5290.064651,9.927953,10.726173,-0.760947,Yahoo Finance via yfinance,0.467915,0.618037,0.303686,2.901512,0.360439,-0.118996,1.086799,-2.042041,3.474484,-2.042041,4.895920
2024-10-17,2024-10-16,2024-10-17T00:00:00Z,68.571429,greed,-0.457142,-1.714285,70.925714,69.437143,-0.272232,Wednesday,2024-10-16,0,True,Wednesday,^GSPC,5816.580078,5846.520020,5808.339844,5842.470215,5842.470215,3467230000,5815.259766,0.467915,0.022704,0.445109,0.656552,0.467915,0.870681,2.328212,3.990746,5.160968,33.584011,5752.851953,1.557806,5618.947979,3.978009,5295.427852,10.330466,10.641621,-0.296593,Yahoo Finance via yfinance,-0.017116,-0.771083,-0.492947,2.446049,0.007530,-1.370312,0.616002,-2.498266,2.992567,-2.498266,4.407382
2024-10-18,2024-10-17,2024-10-18T00:00:00Z,72.428571,greed,3.857142,0.771428,71.080000,69.998571,0.940135,Thursday,2024-10-17,0,True,Thursday,^GSPC,5875.620117,5878.459961,5840.250000,5841.470215,5841.470215,3480010000,5842.470215,-0.017116,0.567395,-0.581214,0.654004,-0.017116,1.062628,2.483013,2.237279,7.634612,33.574270,5759.243457,1.427735,5631.787383,3.723202,5300.921052,10.197269,9.059652,-0.313658,Yahoo Finance via yfinance,0.397155,-0.541137,-2.328524,1.843709,1.856381,-1.353427,0.525548,-2.481575,3.010198,-2.481575,4.425256
2024-10-21,2024-10-20,2024-10-21T00:00:00Z,69.800000,greed,-2.628571,-4.428571,70.194286,70.295714,-0.231005,Sunday,2024-10-18,2,False,Friday,^GSPC,5859.430176,5872.169922,5846.109863,5864.669922,5864.669922,3374490000,5841.470215,0.397155,0.307456,0.089424,0.446122,0.397155,0.853652,1.975286,2.842941,8.620684,35.926153,5767.349463,1.687438,5642.694580,3.933854,5306.720352,10.514019,9.037557,0.000000,Yahoo Finance via yfinance,-0.182277,-0.964245,-2.316756,0.101458,1.239114,-1.743658,0.038365,-2.867342,2.602706,-2.867342,4.012166
2024-10-22,2024-10-21,2024-10-22T00:00:00Z,70.371429,greed,0.571429,-0.771428,70.040000,70.492857,-0.062479,Monday,2024-10-21,0,True,Monday,^GSPC,5857.819824,5866.919922,5824.790039,5853.979980,5853.979980,3407010000,5864.669922,-0.182277,-0.116803,-0.065551,0.718368,-0.182277,-0.100175,2.774609,2.367902,7.233424,36.839177,5774.119971,1.383068,5652.890977,3.557277,5312.546851,10.191593,9.092383,-0.182277,Yahoo Finance via yfinance,-0.047485,-0.520329,-2.413572,0.677148,2.437319,-1.564232,0.154768,-2.689968,2.790069,-2.689968,4.202102
2024-10-23,2024-10-22,2024-10-23T00:00:00Z,63.200000,greed,-7.171429,-5.828571,68.874286,70.365714,-3.091684,Tuesday,2024-10-22,0,True,Tuesday,^GSPC,5832.700195,5863.040039,5821.169922,5851.200195,5851.200195,3342080000,5853.979980,-0.047485,-0.363510,0.317177,0.715242,-0.047485,0.618037,1.740011,2.062994,7.095402,38.517480,5780.033472,1.231251,5663.027178,3.322834,5318.316650,10.019778,9.096460,-0.229676,Yahoo Finance via yfinance,-0.919132,-0.312419,-1.169682,1.124210,3.384605,-1.517467,0.198585,-2.643738,2.838902,-2.643738,4.251607
2024-10-24,2024-10-23,2024-10-24T00:00:00Z,62.942857,greed,-0.257143,-5.628572,67.748571,69.975714,-2.470445,Wednesday,2024-10-23,0,True,Wednesday,^GSPC,5834.500000,5834.850098,5762.410156,5797.419922,5797.419922,3532650000,5851.200195,-0.919132,-0.285415,-0.635531,1.238036,-0.919132,-0.771083,0.092884,1.313470,6.640007,37.476046,5783.791479,0.235632,5670.286973,2.242090,5323.486050,8.902698,9.754545,-1.146697,Yahoo Finance via yfinance,0.214577,0.280297,2.270322,2.064538,4.984117,-0.215613,1.128086,-1.740605,3.792896,-1.740605,5.233192
2024-10-25,2024-10-24,2024-10-25T00:00:00Z,58.742857,greed,-4.200000,-13.685714,65.011429,69.547143,-2.869281,Thursday,2024-10-24,0,True,Thursday,^GSPC,5817.799805,5817.799805,5784.919922,5809.859863,5809.859863,3543030000,5797.419922,0.214577,0.351534,-0.136477,0.567147,0.214577,-0.541137,0.515741,1.122465,5.207252,36.777244,5787.015967,0.394744,5677.379971,2.333469,5328.752849,9.028511,9.690793,-0.934580,Yahoo Finance via yfinance,-0.029945,-1.797112,2.809710,2.389904,5.315965,-1.841697,0.911553,-1.950995,3.570657,-1.950995,5.316309
2024-10-28,2024-10-27,2024-10-28T00:00:00Z,60.857143,greed,2.114286,-8.942857,63.222857,68.905714,-1.962541,Sunday,2024-10-25,2,False,Friday,^GSPC,5826.750000,5862.819824,5799.979980,5808.120117,5808.120117,3501280000,5809.859863,-0.029945,0.290715,-0.319730,1.081607,-0.029945,-0.964245,-0.118824,1.219033,6.635968,38.725559,5790.513477,0.304060,5682.677969,2.207448,5333.876199,8.891168,9.672812,-0.964245,Yahoo Finance via yfinance,0.265144,-1.365680,3.226860,2.775764,5.046730,-1.812295,0.737241,-1.921626,3.601681,-1.921626,5.510562
2024-10-29,2024-10-28,2024-10-29T00:00:00Z,60.057143,greed,-0.800000,-10.314286,61.160000,68.392857,-1.838425,Monday,2024-10-28,0,True,Monday,^GSPC,5833.930176,5842.919922,5823.080078,5823.520020,5823.520020,3691280000,5808.120117,0.265144,0.444379,-0.178442,0.341588,0.265144,-0.520329,-0.619983,1.059267,8.920875,40.758915,5793.565478,0.517031,5688.063369,2.381420,5339.092598,9.073216,9.610451,-0.701658,Yahoo Finance via yfinance,0.161413,-1.903146,3.053653,2.813592,3.241335,-2.180988,0.470848,-2.180988,3.386783,-2.180988,5.231546
2024-10-30,2024-10-29,2024-10-30T00:00:00Z,57.200000,greed,-2.857143,-6.000000,59.960000,67.724286,-2.047046,Tuesday,2024-10-29,0,True,Tuesday,^GSPC,5819.680176,5847.189941,5802.169922,5832.919922,5832.919922,3879100000,5823.520020,0.161413,-0.065937,0.227500,0.773072,0.161413,-0.312419,0.303686,2.175081,12.467194,41.666155,5799.773975,0.571504,5692.556768,2.465731,5344.338047,9.142047,8.877073,-0.541377,Yahoo Finance via yfinance,-0.330023,-0.859949,2.589960,3.235257,4.025090,-2.338626,0.308937,-2.338626,3.300234,-2.338626,5.061963
2024-10-31,2024-10-30,2024-10-31T00:00:00Z,40.457143,fear,-16.742857,-22.485714,55.462857,66.275714,-3.247639,Wednesday,2024-10-30,0,True,Wednesday,^GSPC,5832.649902,5850.939941,5811.279785,5813.669922,5813.669922,3851120000,5832.919922,-0.330023,-0.004629,-0.325409,0.679937,-0.330023,0.280297,-0.492947,1.823788,10.947269,39.522950,5804.980469,0.149690,5696.887764,2.049929,5349.576497,8.675330,9.008967,-0.869614,Yahoo Finance via yfinance,-1.861470,1.984463,2.953555,3.183365,3.881200,-2.015253,2.106590,-2.015253,3.642278,-2.015253,5.409840
2024-11-01,2024-10-31,2024-11-01T00:00:00Z,50.485714,neutral,10.028571,-8.257143,53.811429,65.230000,-1.716414,Thursday,2024-10-31,0,True,Thursday,^GSPC,5775.339844,5775.339844,5702.859863,5705.450195,5705.450195,4425660000,5813.669922,-1.861470,-0.659309,-1.210139,1.246716,-1.861470,-1.797112,-2.328524,0.096672,9.730747,36.044887,5805.255981,-1.719231,5698.579766,0.120564,5354.407698,6.556141,11.356604,-2.714897,Yahoo Finance via yfinance,0.409251,4.691127,4.271700,5.730130,6.410006,-0.156700,4.879363,-0.156700,5.936775,-0.156700,7.409231
2024-11-04,2024-11-03,2024-11-04T00:00:00Z,42.428571,fear,-8.057143,-18.428572,50.125714,63.810000,-2.166691,Sunday,2024-11-01,2,False,Friday,^GSPC,5723.220215,5772.520020,5723.220215,5728.799805,5728.799805,3796450000,5705.450195,0.409251,0.311457,0.097490,0.864083,0.409251,-1.365680,-2.316756,-0.387233,7.698174,35.181436,5804.142480,-1.298085,5701.742959,0.474536,5359.146997,6.897605,10.975333,-2.316756,Yahoo Finance via yfinance,-0.281208,4.656128,2.475568,5.557012,5.441454,-0.563644,4.951306,-0.563644,5.669255,-0.563644,6.971449
2024-11-05,2024-11-04,2024-11-05T00:00:00Z,43.542857,fear,1.114286,-16.514286,46.822857,62.428571,-1.767724,Monday,2024-11-04,0,True,Monday,^GSPC,5725.149902,5741.430176,5696.509766,5712.689941,5712.689941,3602060000,5728.799805,-0.281208,-0.063711,-0.217636,0.784116,-0.281208,-1.903146,-2.413572,0.294069,6.895935,32.306190,5804.979981,-1.589843,5703.304561,0.164560,5363.511397,6.510260,10.455728,-2.591450,Yahoo Finance via yfinance,1.226564,5.052964,3.167163,5.902472,4.934276,0.164724,5.332341,0.164724,5.967244,0.164724,7.273110
2024-11-06,2024-11-05,2024-11-06T00:00:00Z,44.000000,fear,0.457143,-13.200000,44.182857,61.071429,-1.520368,Tuesday,2024-11-05,0,True,Tuesday,^GSPC,5722.430176,5783.439941,5722.100098,5782.759766,5782.759766,3768310000,5712.689941,1.226564,0.170502,1.054265,1.073747,1.226564,-0.859949,-1.169682,0.549977,8.202426,32.682626,5806.561475,-0.409911,5706.622959,1.334183,5368.173044,7.723051,10.801191,-1.396671,Yahoo Finance via yfinance,2.529593,3.479834,2.321041,5.252345,4.411736,1.420263,4.056027,1.214818,5.310269,-0.163412,5.973280
2024-11-07,2024-11-06,2024-11-07T00:00:00Z,59.057143,greed,15.057143,18.600000,47.902857,60.510000,-0.131810,Wednesday,2024-11-06,0,True,Wednesday,^GSPC,5864.890137,5936.140137,5864.890137,5929.040039,5929.040039,6329530000,5782.759766,2.529593,1.420263,1.093795,1.232111,2.529593,1.984463,2.270322,2.365315,9.101412,35.800898,5813.411475,1.988997,5712.687764,3.787224,5373.495244,10.338611,13.827565,0.000000,Yahoo Finance via yfinance,0.743123,0.950236,-0.201216,2.463634,2.233750,0.306456,1.488774,-1.282337,2.791510,-2.626563,3.358725
2024-11-08,2024-11-07,2024-11-08T00:00:00Z,59.428571,greed,0.371428,8.942857,49.691428,59.898571,-0.043900,Thursday,2024-11-07,0,True,Thursday,^GSPC,5947.209961,5983.839844,5947.209961,5973.100098,5973.100098,4925740000,5929.040039,0.743123,0.306456,0.435332,0.617805,0.743123,4.691127,2.809710,3.339942,9.493496,36.422610,5823.063989,2.576584,5720.306162,4.419238,5379.017996,11.044434,13.939893,0.000000,Yahoo Finance via yfinance,0.375683,-0.400632,-0.408333,1.961627,1.849454,-0.515985,0.740151,-2.010519,2.124025,-3.344830,2.596308
2024-11-11,2024-11-10,2024-11-11T00:00:00Z,66.600000,greed,7.171429,24.171429,54.525714,59.517143,0.687874,Sunday,2024-11-08,2,False,Friday,^GSPC,5976.759766,6012.450195,5976.759766,5995.540039,5995.540039,4666740000,5973.100098,0.375683,0.061269,0.314222,0.597519,0.375683,4.656128,3.226860,3.104202,8.159875,36.797657,5832.089502,2.802607,5728.377764,4.663838,5384.524895,11.347615,13.868060,0.000000,Yahoo Finance via yfinance,0.096906,-2.083547,-0.436995,0.955878,0.507881,-2.377272,0.363104,-2.377272,1.741798,-3.706588,2.212313
2024-11-12,2024-11-11,2024-11-12T00:00:00Z,66.714286,greed,0.114286,23.171429,59.160000,59.295714,0.736051,Monday,2024-11-11,0,True,Monday,^GSPC,6008.859863,6017.310059,5986.689941,6001.350098,6001.350098,4333000000,5995.540039,0.096906,0.222162,-0.124978,0.510715,0.096906,5.052964,3.053653,2.414738,8.049693,38.046165,5839.164502,2.777548,5735.436768,4.636322,5390.076794,11.340716,13.677206,0.000000,Yahoo Finance via yfinance,-0.289266,-1.795096,-0.232947,0.559208,1.084587,-2.471783,0.142798,-2.471783,1.643299,-3.799812,2.113359
2024-11-13,2024-11-12,2024-11-13T00:00:00Z,66.314286,greed,-0.400000,22.314286,63.622857,59.160000,0.718411,Tuesday,2024-11-12,0,True,Tuesday,^GSPC,6003.600098,6009.919922,5960.080078,5983.990234,5983.990234,4243400000,6001.350098,-0.289266,0.037492,-0.326635,0.830477,-0.289266,3.479834,2.589960,2.901512,6.699777,35.530343,5847.601025,2.332396,5744.537969,4.168347,5395.357095,10.909994,13.372015,-0.289266,Yahoo Finance via yfinance,0.023223,-1.119826,0.629006,1.674463,1.412264,-2.188848,0.404408,-2.188848,1.938171,-3.520731,2.409595
2024-11-14,2024-11-13,2024-11-14T00:00:00Z,60.314286,greed,-6.000000,1.257143,63.874286,58.747143,0.161295,Wednesday,2024-11-13,0,True,Wednesday,^GSPC,5985.750000,6008.189941,5965.910156,5985.379883,5985.379883,4220180000,5983.990234,0.023223,0.029408,-0.006183,0.706548,0.023223,0.950236,2.953555,2.446049,6.936777,35.675220,5854.746509,2.231239,5753.844170,4.024018,5400.659143,10.826840,13.323313,-0.266110,Yahoo Finance via yfinance,-0.604973,-1.140613,0.223216,1.100517,1.112550,-2.211557,0.142013,-2.211557,1.914504,-3.543131,2.385818
2024-11-15,2024-11-14,2024-11-15T00:00:00Z,51.200000,neutral,-9.114286,-8.228571,62.228572,57.685714,-0.697911,Thursday,2024-11-14,0,True,Thursday,^GSPC,5989.680176,5993.879883,5942.279785,5949.169922,5949.169922,4184570000,5985.379883,-0.604973,0.071847,-0.676334,0.862102,-0.604973,-0.400632,4.271700,1.843709,5.841106,32.330219,5860.131494,1.519393,5762.759365,3.234745,5406.176743,10.043941,13.567208,-0.869474,Yahoo Finance via yfinance,-1.320349,-0.007732,1.398682,1.713179,2.788623,-1.616363,0.237847,-1.616363,2.534812,-2.956040,3.008995
2024-11-18,2024-11-17,2024-11-18T00:00:00Z,50.285714,neutral,-0.914286,-16.314286,58.965714,56.710000,-0.715949,Sunday,2024-11-15,2,False,Friday,^GSPC,5912.790039,5915.319824,5853.009766,5870.620117,5870.620117,4590960000,5949.169922,-1.320349,-0.611512,-0.713198,1.047374,-1.320349,-2.083547,2.475568,0.101458,5.385018,30.374788,5860.429004,0.173897,5772.003369,1.708536,5410.998894,8.494203,14.403603,-2.178343,Yahoo Finance via yfinance,0.391781,1.681589,3.007004,3.465732,4.156456,-0.261132,1.742231,-0.261132,3.906744,-1.657577,4.387272
2024-11-19,2024-11-18,2024-11-19T00:00:00Z,49.514286,neutral,-0.771428,-17.200000,55.525714,55.667143,-0.723745,Monday,2024-11-18,0,True,Monday,^GSPC,5874.169922,5908.120117,5865.950195,5893.620117,5893.620117,3983860000,5870.620117,0.391781,0.060467,0.331114,0.718321,0.391781,-1.795096,3.167163,0.677148,4.596774,30.729948,5862.411011,0.532360,5780.454775,1.957724,5415.673945,8.825239,14.446585,-1.795096,Yahoo Finance via yfinance,0.396358,1.590703,2.651338,2.663724,4.003651,-0.650366,2.157076,-0.650366,3.501245,-2.041361,4.004496
2024-11-20,2024-11-19,2024-11-20T00:00:00Z,49.514286,neutral,0.000000,-16.800000,52.165714,54.982857,-0.649975,Tuesday,2024-11-19,0,True,Tuesday,^GSPC,5870.049805,5923.509766,5855.290039,5916.979980,5916.979980,4036940000,5893.620117,0.396358,-0.399929,0.799485,1.157518,0.396358,-1.119826,2.321041,1.124210,5.343577,31.080056,5865.700000,0.874235,5788.883975,2.212793,5420.544795,9.158400,14.497704,-1.405852,Yahoo Finance via yfinance,0.002195,1.768637,2.864810,-0.757478,3.839288,-0.953526,1.832691,-0.953526,3.092629,-2.428095,3.894727
2024-11-21,2024-11-20,2024-11-21T00:00:00Z,56.600000,greed,7.085714,-3.714286,51.422857,54.665714,0.235462,Wednesday,2024-11-20,0,True,Wednesday,^GSPC,5914.339844,5920.669922,5860.560059,5917.109863,5917.109863,3772620000,5916.979980,0.002195,-0.044620,0.046836,1.015888,0.002195,-1.140613,-0.201216,2.064538,5.178109,30.121301,5871.684497,0.773634,5796.143574,2.087013,5425.359194,9.063928,14.033987,-1.403688,Yahoo Finance via yfinance,0.534046,1.379565,2.670223,-0.845510,3.386960,-0.504471,1.830455,-0.862584,3.090366,-2.430237,3.892446
2024-11-22,2024-11-21,2024-11-22T00:00:00Z,60.714286,greed,4.114286,9.514286,53.325714,54.764286,0.718777,Thursday,2024-11-21,0,True,Thursday,^GSPC,5940.580078,5963.319824,5887.259766,5948.709961,5948.709961,4230120000,5917.109863,0.534046,0.396650,0.136853,1.285426,0.534046,-0.007732,-0.408333,2.389904,6.375506,31.081115,5878.627002,1.192165,5803.202578,2.507363,5430.127444,9.550098,14.112387,-0.877138,Yahoo Finance via yfinance,0.346796,1.406522,2.379677,-0.300231,1.082923,-0.073127,1.604717,-1.956897,2.542740,-2.948537,3.340560
2024-11-25,2024-11-24,2024-11-25T00:00:00Z,62.885714,greed,2.171428,12.600000,55.845714,54.865714,0.958359,Sunday,2024-11-22,2,False,Friday,^GSPC,5944.359863,5972.899902,5944.359863,5969.339844,5969.339844,4141420000,5948.709961,0.346796,-0.073127,0.420230,0.479769,0.346796,1.681589,-0.436995,2.775764,6.748616,31.003676,5886.687988,1.404047,5810.068975,2.741291,5434.984592,9.831771,14.121981,-0.533384,Yahoo Finance via yfinance,0.302048,1.303495,1.398986,0.079238,0.233027,-0.090960,1.411215,-2.295732,2.188355,-3.283944,2.983418
2024-11-26,2024-11-25,2024-11-26T00:00:00Z,65.914286,greed,3.028572,16.400000,59.125714,55.158571,1.242399,Monday,2024-11-25,0,True,Monday,^GSPC,5992.279785,6020.750000,5963.910156,5987.370117,5987.370117,5633150000,5969.339844,0.302048,0.384296,-0.081933,0.952196,0.302048,1.590703,-0.232947,2.813592,6.001172,31.320988,5894.880493,1.568982,5817.154580,2.926096,5439.788394,10.066232,14.126899,-0.232947,Yahoo Finance via yfinance,0.572201,1.044027,0.794005,0.879684,-0.536465,-0.041755,1.105827,-2.589957,1.880627,-3.575193,2.673295
2024-11-27,2024-11-26,2024-11-27T00:00:00Z,64.400000,greed,-1.514286,14.885714,62.102857,55.518571,0.998692,Tuesday,2024-11-26,0,True,Tuesday,^GSPC,6000.029785,6025.419922,5992.270020,6021.629883,6021.629883,3835170000,5987.370117,0.572201,0.211440,0.360000,0.553664,0.572201,1.768637,0.629006,3.235257,8.911303,32.331003,5904.315991,1.986918,5824.895576,3.377474,5444.787344,10.594400,14.209175,0.000000,Yahoo Finance via yfinance,-0.380124,1.077123,1.038922,0.265044,-1.088905,-0.610462,1.132749,-3.144167,1.300982,-4.123798,2.089140
2024-11-29,2024-11-28,2024-11-29T00:00:00Z,65.000000,greed,0.600000,8.400000,63.782857,56.745714,0.984514,Thursday,2024-11-27,1,False,Wednesday,^GSPC,6014.109863,6020.160156,5984.870117,5998.740234,5998.740234,3363340000,6021.629883,-0.380124,-0.124883,-0.255559,0.586055,-0.380124,1.379565,0.223216,3.183365,8.671456,31.698901,5913.569507,1.440259,5832.505186,2.850148,5450.015195,10.068321,14.233329,-0.380124,Yahoo Finance via yfinance,0.560779,1.273094,0.875347,-0.465104,-2.286654,0.087347,1.597162,-2.774590,1.687521,-3.757959,2.478686
2024-12-02,2024-12-01,2024-12-02T00:00:00Z,65.314286,greed,0.314286,4.600000,64.702857,57.487143,0.925550,Sunday,2024-11-29,2,False,Friday,^GSPC,6003.979980,6044.169922,6003.979980,6032.379883,6032.379883,2444420000,5998.740234,0.560779,0.087347,0.473018,0.669973,0.560779,1.406522,1.398682,5.730130,9.611672,32.562877,5929.915991,1.727915,5838.879980,3.313990,5455.173994,10.580889,12.107417,0.000000,Yahoo Finance via yfinance,0.244846,0.959657,0.310159,-2.079444,-1.291031,0.016747,1.120459,-3.316769,1.120459,-4.294654,1.907212
2024-12-03,2024-12-02,2024-12-03T00:00:00Z,59.571429,greed,-5.742857,-3.314285,64.040000,58.344286,0.159710,Monday,2024-12-02,0,True,Monday,^GSPC,6040.109863,6053.580078,6035.330078,6047.149902,6047.149902,4412470000,6032.379883,0.244846,0.128141,0.116555,0.302534,0.244846,1.303495,3.007004,5.557012,11.809918,32.386492,5945.833496,1.703990,5845.771982,3.444847,5460.261094,10.748365,12.098512,0.000000,Yahoo Finance via yfinance,0.045145,0.094263,0.445337,-2.737158,-3.264839,-0.227541,0.873475,-3.552915,0.873475,-4.528412,1.658306
2024-12-04,2024-12-03,2024-12-04T00:00:00Z,57.485714,greed,-2.085715,-8.428572,62.354286,59.041429,-0.226843,Tuesday,2024-12-03,0,True,Tuesday,^GSPC,6042.970215,6052.069824,6033.390137,6049.879883,6049.879883,4095000000,6047.149902,0.045145,-0.069118,0.114342,0.308901,0.045145,1.044027,2.651338,5.902472,10.579872,31.672845,5962.692993,1.462207,5852.398184,3.374372,5465.482644,10.692509,11.954655,0.000000,Yahoo Finance via yfinance,0.605142,-0.247438,0.012066,-2.997251,-4.491494,-0.330416,0.827956,-3.642223,0.827956,-5.244568,1.612434
2024-12-05,2024-12-04,2024-12-05T00:00:00Z,54.914286,neutral,-2.571428,-9.485714,60.457143,59.587143,-0.781975,Wednesday,2024-12-04,0,True,Wednesday,^GSPC,6069.390137,6089.839844,6061.060059,6086.490234,6086.490234,4003390000,6049.879883,0.605142,0.322490,0.281743,0.475708,0.605142,1.077123,2.864810,5.252345,10.753672,33.190012,5977.879517,1.816877,5859.469385,3.874427,5471.037546,11.249286,11.503837,0.000000,Yahoo Finance via yfinance,-0.186978,-0.037793,-3.521407,-2.366224,-4.006584,-0.929930,0.221474,-4.221817,0.221474,-5.814523,1.001233
2024-12-06,2024-12-05,2024-12-06T00:00:00Z,52.142857,neutral,-2.771429,-12.857143,57.885714,59.241429,-1.144258,Thursday,2024-12-05,0,True,Thursday,^GSPC,6089.029785,6094.549805,6072.899902,6075.109863,6075.109863,4212020000,6086.490234,-0.186978,0.041724,-0.228607,0.355704,-0.186978,1.273094,2.670223,2.463634,9.380047,33.016645,5985.183008,1.502491,5866.526387,3.555485,5476.504097,10.930436,7.854007,-0.186978,Yahoo Finance via yfinance,0.249545,-0.392748,-3.424297,-1.641616,-5.540473,-0.744344,0.409217,-4.042397,0.409217,-5.982933,1.190436
2024-12-09,2024-12-08,2024-12-09T00:00:00Z,49.257143,neutral,-2.885714,-16.057143,54.674286,58.732857,-1.437403,Sunday,2024-12-06,2,False,Friday,^GSPC,6081.379883,6099.970215,6079.979980,6090.270020,6090.270020,3924830000,6075.109863,0.249545,0.103208,0.146186,0.329051,0.249545,0.959657,2.379677,1.961627,8.837232,33.871512,5991.041504,1.656282,5873.424385,3.691980,5481.520298,11.105491,7.525620,0.000000,Yahoo Finance via yfinance,-0.614421,-0.643324,-2.617617,-2.975898,-5.255429,-0.991416,0.038091,-4.281259,0.038091,-6.961596,0.938549
2024-12-10,2024-12-09,2024-12-10T00:00:00Z,46.971429,neutral,-2.285714,-12.600000,52.154286,57.751429,-1.581418,Monday,2024-12-09,0,True,Monday,^GSPC,6083.009766,6088.509766,6048.629883,6052.850098,6052.850098,4556460000,6090.270020,-0.614421,-0.119211,-0.495802,0.654813,-0.614421,0.094263,1.398986,0.955878,7.586715,31.997198,5993.907007,0.983383,5879.717988,2.944565,5486.340549,10.325818,7.854959,-0.614421,Yahoo Finance via yfinance,-0.296388,0.350744,-1.301540,-2.223747,-7.241052,-0.379325,0.656546,-3.689507,0.656546,-8.076031,1.562571
2024-12-11,2024-12-10,2024-12-11T00:00:00Z,49.200000,neutral,2.228571,-8.285714,50.497143,56.875714,-1.140679,Tuesday,2024-12-10,0,True,Tuesday,^GSPC,6057.589844,6065.399902,6029.890137,6034.910156,6034.910156,4048410000,6052.850098,-0.296388,0.078306,-0.374401,0.586662,-0.296388,-0.247438,0.794005,0.559208,7.133213,31.069180,5995.585010,0.655902,5885.166592,2.544424,5491.167451,9.902133,7.946503,-0.908989,Yahoo Finance via yfinance,0.816579,0.260148,0.085003,-3.444461,-7.669382,0.004636,0.955767,-3.763608,0.955767,-8.392834,1.864485
2024-12-12,2024-12-11,2024-12-12T00:00:00Z,47.114286,neutral,-2.085714,-7.800000,48.937143,55.915714,-1.317369,Wednesday,2024-12-11,0,True,Wednesday,^GSPC,6060.149902,6092.589844,6060.149902,6084.189941,6084.189941,4269950000,6034.910156,0.816579,0.418229,0.396691,0.537538,0.816579,-0.037793,1.038922,1.674463,7.979474,31.622910,6000.594995,1.393111,5892.675391,3.250044,5496.197500,10.698168,8.319674,-0.099833,Yahoo Finance via yfinance,-0.541402,-3.484930,-0.765921,-4.075641,-7.969675,-3.556758,0.016436,-5.109635,0.016436,-9.134820,1.039419
2024-12-13,2024-12-12,2024-12-13T00:00:00Z,49.114286,neutral,2.000000,-3.028571,48.331429,55.355714,-0.923033,Thursday,2024-12-12,0,True,Thursday,^GSPC,6074.290039,6079.680176,6051.250000,6051.250000,6051.250000,3678010000,6084.189941,-0.541402,-0.162715,-0.379304,0.467280,-0.541402,-0.392748,0.875347,1.100517,7.706839,30.310953,6003.888501,0.788847,5899.509590,2.572085,5501.104951,10.000628,8.611025,-0.640694,Yahoo Finance via yfinance,-0.002647,-3.043502,-1.328819,-3.442922,-8.754059,-3.060197,0.560875,-4.593100,0.560875,-9.032846,1.589427
2024-12-16,2024-12-15,2024-12-16T00:00:00Z,56.057143,greed,6.942857,6.800000,49.691429,55.598572,0.068529,Sunday,2024-12-13,2,False,Friday,^GSPC,6068.169922,6078.580078,6035.770020,6051.089844,6051.089844,3584960000,6051.250000,-0.002647,0.279610,-0.281470,0.707458,-0.002647,-0.643324,0.310159,1.713179,5.906037,28.552674,6008.984497,0.700707,5906.532588,2.447413,5505.879050,9.902339,8.255787,-0.643324,Yahoo Finance via yfinance,0.379935,-1.987076,-2.382214,-1.672090,-6.811168,-3.615713,0.563536,-4.590574,0.563536,-9.030438,1.592115
2024-12-17,2024-12-16,2024-12-17T00:00:00Z,51.400000,neutral,-4.657143,4.428571,50.577143,55.654286,-0.639784,Monday,2024-12-16,0,True,Monday,^GSPC,6063.790039,6085.189941,6059.140137,6074.080078,6074.080078,4391100000,6051.089844,0.379935,0.209883,0.169696,0.430498,0.379935,0.350744,0.445337,3.465732,6.515161,28.700413,6019.157495,0.912463,5912.992793,2.724294,5510.564050,10.226104,6.414285,-0.265833,Yahoo Finance via yfinance,-0.386399,-1.646509,-3.168384,-2.251209,-6.568237,-3.980525,-0.056143,-4.951697,-0.056143,-9.374756,1.207592
2024-12-18,2024-12-17,2024-12-18T00:00:00Z,33.128571,fear,-18.271429,-16.071429,47.362857,54.835000,-2.627819,Tuesday,2024-12-17,0,True,Tuesday,^GSPC,6052.549805,6057.680176,6035.189941,6050.609863,6050.609863,4544500000,6074.080078,-0.386399,-0.354461,-0.032052,0.370266,-0.386399,0.260148,0.012066,2.663724,5.806348,28.212891,6027.006982,0.391619,5920.086191,2.204760,5515.162349,9.708645,6.649914,-0.651205,Yahoo Finance via yfinance,-2.949285,-0.174690,-3.008954,-0.891641,-7.205054,-3.608067,0.331538,-4.583006,0.331538,-9.023222,1.600174
2024-12-19,2024-12-18,2024-12-19T00:00:00Z,19.514286,extreme fear,-13.614285,-27.600000,41.842857,53.335000,-2.965886,Wednesday,2024-12-18,0,True,Wednesday,^GSPC,6047.649902,6070.669922,5867.790039,5872.160156,5872.160156,5246960000,6050.609863,-2.949285,-0.048920,-2.901784,3.353048,-2.949285,-3.484930,-3.521407,-0.757478,2.428601,23.870599,6024.765991,-2.532975,5922.506797,-0.850090,5519.129900,6.396484,12.721175,-3.581284,Yahoo Finance via yfinance,-0.086511,2.817186,1.197346,3.015587,-3.352601,-0.678802,3.024268,-1.683369,3.054236,-6.258519,4.687713
2024-12-20,2024-12-19,2024-12-20T00:00:00Z,27.600000,fear,8.085714,-21.514286,37.540000,51.885000,-1.907321,Thursday,2024-12-19,0,True,Thursday,^GSPC,5912.709961,5935.520020,5866.069824,5867.080078,5867.080078,4896880000,5872.160156,-0.086511,0.690543,-0.771725,1.182703,-0.086511,-3.043502,-3.424297,-0.845510,2.530824,23.041625,6022.264502,-2.576845,5924.007598,-0.960963,5522.941501,6.231074,12.721640,-3.664697,Yahoo Finance via yfinance,1.086912,1.768508,1.845889,3.737635,-3.480265,-0.592804,3.113472,-1.598240,3.983753,-6.177352,4.778358
2024-12-23,2024-12-22,2024-12-23T00:00:00Z,30.142857,fear,2.542857,-25.914286,32.357143,50.356429,-1.504815,Sunday,2024-12-20,2,False,Friday,^GSPC,5842.000000,5982.060059,5832.299805,5930.850098,5930.850098,8223220000,5867.080078,1.086912,-0.427471,1.520885,2.552552,1.086912,-1.987076,-2.617617,-0.300231,3.228338,26.232613,6021.371509,-1.503335,5927.023603,0.064560,5526.808953,7.310568,13.194721,-2.617617,Yahoo Finance via yfinance,0.728727,-0.403149,-0.367912,3.167503,-4.439331,-1.040153,2.004770,-2.656281,3.167841,-7.186157,3.651754
2024-12-24,2024-12-23,2024-12-24T00:00:00Z,34.514286,fear,4.371429,-16.885714,28.980000,48.937857,-1.065455,Monday,2024-12-23,0,True,Monday,^GSPC,5940.250000,5978.250000,5902.569824,5974.069824,5974.069824,3593280000,5930.850098,0.728727,0.158492,0.569333,1.276043,0.728727,-1.646509,-1.301540,0.079238,4.111065,25.856003,6021.608008,-0.789460,5930.204404,0.739695,5531.060852,8.009476,13.400401,-1.907965,Yahoo Finance via yfinance,1.104276,-1.547353,-0.934368,2.128706,-3.456605,-1.761110,1.266811,-3.360519,2.579654,-7.857624,2.901880
2024-12-26,2024-12-25,2024-12-26T00:00:00Z,34.171429,fear,-0.342857,1.042858,29.188572,47.350714,-0.990841,Wednesday,2024-12-24,1,False,Tuesday,^GSPC,5984.629883,6040.100098,5981.439941,6040.040039,6040.040039,1757720000,5974.069824,1.104276,0.176765,0.925874,0.981913,1.104276,-0.174690,0.085003,0.879684,4.816677,27.034915,6024.241504,0.262249,5933.808203,1.790281,5535.671353,9.111247,13.926601,-0.824758,Yahoo Finance via yfinance,-0.040566,-2.839223,-3.526467,-0.459604,-4.360735,-3.485246,0.160760,-4.416030,1.459264,-8.864016,1.777971
2024-12-27,2024-12-26,2024-12-27T00:00:00Z,33.828571,fear,-0.342858,14.314285,32.051429,45.822143,-0.923171,Thursday,2024-12-26,0,True,Thursday,^GSPC,6024.970215,6049.750000,6007.370117,6037.589844,6037.589844,2904530000,6040.040039,-0.040566,-0.249499,0.209455,0.701649,-0.040566,2.817186,-0.765921,0.265044,5.760278,26.448292,6025.039502,0.208303,5938.254805,1.672799,5539.982952,8.982102,13.789580,-0.864989,Yahoo Finance via yfinance,-1.105574,-1.575457,-3.335265,0.498715,-5.389396,-3.446078,-0.520405,-4.377240,1.500439,-8.827031,1.819274
2024-12-30,2024-12-29,2024-12-30T00:00:00Z,28.600000,fear,-5.228571,1.000000,32.251429,44.002143,-1.211786,Sunday,2024-12-27,2,False,Friday,^GSPC,6006.169922,6006.169922,5932.950195,5970.839844,5970.839844,3159610000,6037.589844,-1.105574,-0.520405,-0.588230,1.212731,-1.105574,1.768508,-1.328819,-0.465104,4.576547,24.871690,6023.644482,-0.876623,5940.822197,0.505278,5544.010601,7.698925,14.297655,-1.961000,Yahoo Finance via yfinance,-1.070200,0.076037,-2.142574,1.146743,-4.648086,-2.366670,0.840756,-3.308241,2.635146,-7.807778,2.957546
2024-12-31,2024-12-30,2024-12-31T00:00:00Z,26.314286,fear,-2.285714,-3.828571,31.485714,42.052143,-1.284523,Monday,2024-12-30,0,True,Monday,^GSPC,5920.669922,5940.790039,5869.160156,5906.939941,5906.939941,3433250000,5970.839844,-1.070200,-0.840249,-0.231899,1.199662,-1.070200,-0.403149,-2.382214,-2.079444,3.631617,23.489601,6017.372485,-1.835229,5942.131592,-0.592240,5547.792900,6.473692,14.588993,-3.010213,Yahoo Finance via yfinance,-0.428480,0.035379,0.727453,2.780289,-5.518932,-1.310495,1.931628,-2.262252,3.745429,-6.810464,4.071317
2025-01-02,2025-01-01,2025-01-02T00:00:00Z,24.314286,extreme fear,-2.000000,-10.200000,29.445714,40.289286,-1.316505,Wednesday,2024-12-31,1,False,Tuesday,^GSPC,5919.740234,5929.740234,5868.859863,5881.629883,5881.629883,3128350000,5906.939941,-0.428480,0.216699,-0.643784,1.030658,-0.428480,-1.547353,-3.168384,-2.737158,2.270187,23.309002,6009.096484,-2.121227,5942.470791,-1.023832,5551.615601,5.944473,14.573081,-3.425795,Yahoo Finance via yfinance,-0.222389,0.622619,0.947186,2.701630,-4.586820,-0.885811,2.370264,-1.841663,4.191870,-6.680119,4.519160
2025-01-03,2025-01-02,2025-01-03T00:00:00Z,28.885714,fear,4.571428,-5.285715,28.388571,38.859286,-0.854062,Thursday,2025-01-02,0,True,Thursday,^GSPC,5903.259766,5935.089844,5829.529785,5868.549805,5868.549805,3621680000,5881.629883,-0.222389,0.367753,-0.587980,1.794742,-0.222389,-2.839223,-3.008954,-2.997251,3.030402,23.735190,6000.029980,-2.191325,5942.762187,-1.248786,5555.211250,5.640444,14.560245,-3.640565,Yahoo Finance via yfinance,1.259603,-0.707326,2.182998,2.147379,-4.012575,-1.035520,2.598431,-1.622884,4.424098,-6.472124,4.752117
2025-01-06,2025-01-05,2025-01-06T00:00:00Z,33.771429,fear,4.885715,-0.057142,28.377143,37.802143,-0.363451,Sunday,2025-01-03,2,False,Friday,^GSPC,5891.069824,5949.339844,5888.660156,5942.470215,5942.470215,3667340000,5868.549805,1.259603,0.383741,0.872514,1.033981,1.259603,-1.575457,1.197346,-2.366224,3.327004,26.306273,5992.828980,-0.840317,5944.587588,-0.035618,5559.031052,6.897590,15.181322,-2.426819,Yahoo Finance via yfinance,0.553805,-1.787977,1.796728,1.605556,-4.568807,-2.846630,1.322174,-2.846630,3.125131,-7.635549,3.449070
2025-01-07,2025-01-06,2025-01-07T00:00:00Z,34.314286,fear,0.542857,5.714286,29.520000,36.910714,-0.245372,Monday,2025-01-06,0,True,Monday,^GSPC,5982.810059,6021.040039,5960.009766,5975.379883,5975.379883,4940120000,5942.470215,0.553805,0.678840,-0.124192,1.027019,0.553805,0.076037,1.845889,-1.641616,3.165376,27.442684,5987.842481,-0.208132,5948.146787,0.457842,5562.784851,7.417059,15.361578,-1.886454,Yahoo Finance via yfinance,-1.110391,-2.216926,1.857459,1.440914,-9.687415,-3.381707,0.423409,-3.381707,2.557164,-9.782638,2.879320
2025-01-08,2025-01-07,2025-01-08T00:00:00Z,31.914286,fear,-2.400000,5.600000,30.640000,36.043572,-0.403997,Tuesday,2025-01-07,0,True,Tuesday,^GSPC,5993.259766,6000.680176,5890.680176,5909.029785,5909.029785,4517330000,5975.379883,-1.110391,0.299226,-1.405412,1.840887,-1.110391,0.035379,-0.367912,-2.975898,2.231468,25.797905,5978.780469,-1.166637,5950.130186,-0.690748,5566.122351,6.160616,15.730739,-2.975898,Yahoo Finance via yfinance,0.156036,0.691829,3.548470,2.953785,-14.130064,-2.296819,0.872903,-2.296819,3.708737,-14.200806,4.034510
2025-01-10,2025-01-09,2025-01-10T00:00:00Z,25.628571,fear,-6.285715,1.314285,30.902857,34.976429,-0.922437,Thursday,2025-01-08,1,False,Wednesday,^GSPC,5910.660156,5927.890137,5874.779785,5918.250000,5918.250000,4441740000,5909.029785,0.156036,0.027591,0.128409,0.898800,0.156036,0.622619,-0.934368,-2.223747,1.775059,24.240585,5972.050464,-0.900871,5952.332783,-0.572595,5569.542700,6.260968,15.664200,-2.824506,Yahoo Finance via yfinance,-1.541164,0.322559,3.091965,1.820475,-14.463735,-2.449034,0.784690,-2.449034,3.547166,-18.302876,3.872431
2025-01-13,2025-01-12,2025-01-13T00:00:00Z,25.342857,fear,-0.285714,-3.542857,30.194286,33.783572,-0.864027,Sunday,2025-01-10,2,False,Friday,^GSPC,5890.350098,5890.350098,5807.779785,5827.040039,5827.040039,4751930000,5918.250000,-1.541164,-0.471421,-1.074810,1.395181,-1.541164,-0.707326,-3.526467,-3.444461,-0.559913,22.506886,5961.656958,-2.258045,5952.403184,-2.106093,5572.586951,4.566157,16.465729,-4.322140,Yahoo Finance via yfinance,0.157544,2.910914,3.178968,4.108431,-14.488832,-0.922080,3.224964,-0.922080,5.167978,-17.024081,5.498334
2025-01-14,2025-01-13,2025-01-14T00:00:00Z,25.142857,fear,-0.200000,-8.628572,28.468571,32.685000,-0.800634,Monday,2025-01-13,0,True,Monday,^GSPC,5782.020020,5838.609863,5773.310059,5836.220215,5836.220215,4421200000,5827.040039,0.157544,-0.772605,0.937392,1.120634,0.157544,-1.787977,-3.335265,-4.075641,0.360439,22.008592,5949.258472,-1.900039,5952.469189,-1.952954,5575.750151,4.671480,16.104235,-4.171405,Yahoo Finance via yfinance,0.114628,3.649965,3.966265,3.979970,-6.499417,-0.527744,3.688852,-0.527744,5.002552,-17.154599,5.332389
2025-01-15,2025-01-14,2025-01-15T00:00:00Z,27.428571,fear,2.285714,-6.885715,27.091428,31.600714,-0.482560,Tuesday,2025-01-14,0,True,Tuesday,^GSPC,5859.270020,5871.919922,5805.419922,5842.910156,5842.910156,4142280000,5836.220215,0.114628,0.394944,-0.279213,1.139436,0.114628,-2.216926,-2.142574,-3.442922,0.007530,22.230471,5938.841479,-1.615320,5953.053994,-1.850207,5578.722251,4.735635,16.089705,-4.061558,Yahoo Finance via yfinance,1.831279,4.166759,3.361337,3.578013,-9.838596,1.066246,4.413895,1.066246,4.882328,-17.249454,5.211787
2025-01-16,2025-01-15,2025-01-16T00:00:00Z,27.342857,fear,-0.085714,-4.571429,26.177143,30.165000,-0.435180,Wednesday,2025-01-15,0,True,Wednesday,^GSPC,5905.209961,5960.609863,5905.209961,5949.910156,5949.910156,4544570000,5842.910156,1.831279,1.066246,0.756962,0.948156,1.831279,0.691829,0.727453,-1.672090,1.856381,24.375449,5933.782495,0.271794,5957.943193,-0.134829,5582.200051,6.587190,17.589840,-2.304657,Yahoo Finance via yfinance,-0.211269,2.837014,2.038010,2.775835,-9.858137,-0.322525,2.837351,-0.436645,2.996180,-18.737596,3.319714
2025-01-17,2025-01-16,2025-01-17T00:00:00Z,36.028571,fear,8.685714,10.400000,28.257143,29.396429,1.501497,Thursday,2025-01-16,0,True,Thursday,^GSPC,5963.609863,5964.689941,5930.720215,5937.339844,5937.339844,4285810000,5949.910156,-0.211269,0.230251,-0.440505,0.570928,-0.211269,0.322559,0.947186,-2.251209,1.239114,24.577524,5926.945483,0.175375,5962.113994,-0.415526,5585.667900,6.295969,17.510525,-2.511057,Yahoo Finance via yfinance,0.999106,2.760502,1.737983,2.986018,-8.949625,0.692231,3.214240,-0.225853,3.214240,-18.565550,3.538459
2025-01-21,2025-01-20,2025-01-21T00:00:00Z,39.914286,fear,3.885715,14.571429,31.171428,29.735714,2.057298,Monday,2025-01-17,3,False,Friday,^GSPC,5995.399902,6014.959961,5978.439941,5996.660156,5996.660156,4366830000,5937.339844,0.999106,0.977880,0.021020,0.615091,0.999106,2.910914,2.182998,-0.891641,2.437319,26.532907,5924.247998,1.222301,5967.793398,0.483709,5589.622151,7.282031,17.904548,-1.537040,Yahoo Finance via yfinance,0.876823,0.260472,-0.034858,2.216566,-10.006074,-0.562650,2.193221,-1.212841,2.217396,-19.371118,2.514233
2025-01-22,2025-01-21,2025-01-22T00:00:00Z,41.628571,fear,1.714285,16.485714,34.468571,30.841429,2.151557,Tuesday,2025-01-21,0,True,Tuesday,^GSPC,6014.120117,6051.509766,6006.879883,6049.240234,6049.240234,4702920000,5996.660156,0.876823,0.291161,0.583961,0.744246,0.876823,3.649965,1.796728,3.015587,3.384605,26.528262,5933.102002,1.957462,5973.123008,1.274329,5593.810901,8.141665,14.478343,-0.673694,Yahoo Finance via yfinance,0.613794,0.305162,-0.187798,1.568952,-12.787392,-1.426961,1.304956,-2.071501,1.623178,-20.071945,1.623178
2025-01-23,2025-01-22,2025-01-23T00:00:00Z,43.685714,fear,2.057143,16.257143,37.720000,31.645714,2.109179,Wednesday,2025-01-22,0,True,Wednesday,^GSPC,6081.390137,6100.810059,6076.129883,6086.370117,6086.370117,4323040000,6049.240234,0.613794,0.531470,0.081889,0.407988,0.613794,4.166759,1.857459,3.737635,4.984117,25.756384,5944.066504,2.394045,5976.269609,1.842295,5598.506702,8.714170,14.538218,-0.064035,Yahoo Finance via yfinance,0.531349,-0.773204,-0.408949,0.511798,-13.204421,-2.028306,0.686946,-2.668913,1.003226,-20.559546,1.003226
2025-01-24,2025-01-23,2025-01-24T00:00:00Z,45.800000,neutral,2.114286,18.457143,41.411428,32.428571,2.054323,Thursday,2025-01-23,0,True,Thursday,^GSPC,6076.319824,6118.729980,6074.669922,6118.709961,6118.709961,4432250000,6086.370117,0.531349,-0.165128,0.697628,0.723914,0.531349,2.837014,3.548470,3.167503,5.315965,26.147779,5953.459497,2.775705,5979.181807,2.333566,5603.078552,9.202645,14.212527,0.000000,Yahoo Finance via yfinance,-0.285513,-0.776962,-0.574306,-1.725528,-15.697913,-2.546126,0.154775,-3.183347,0.469384,-20.979421,0.469384
2025-01-27,2025-01-26,2025-01-27T00:00:00Z,37.971429,fear,-7.828571,1.942858,41.800000,32.601429,0.812122,Sunday,2025-01-24,2,False,Friday,^GSPC,6121.430176,6128.180176,6088.740234,6101.240234,6101.240234,4214250000,6118.709961,-0.285513,0.044457,-0.329824,0.644579,-0.285513,2.760502,3.091965,2.128706,5.046730,25.421209,5959.818018,2.372928,5981.295810,2.005325,5607.572803,8.803585,14.129832,-0.285513,Yahoo Finance via yfinance,-1.458072,-0.995051,-1.233356,-1.933873,-13.333035,-2.267085,0.322392,-2.906131,0.757058,-20.753161,0.757058
2025-01-28,2025-01-27,2025-01-28T00:00:00Z,40.628571,fear,2.657142,0.714285,41.942857,32.924286,1.125289,Monday,2025-01-27,0,True,Monday,^GSPC,5969.040039,6017.169922,5962.919922,6012.279785,6012.279785,5198750000,6101.240234,-1.458072,-2.166776,0.724400,0.889163,-1.458072,0.260472,3.178968,-0.459604,3.241335,23.492211,5958.430005,0.903758,5981.514404,0.514341,5611.584651,7.140499,14.653997,-1.739422,Yahoo Finance via yfinance,0.921787,-0.294563,0.900826,-0.948555,-10.585334,-1.469486,1.806808,-1.726293,2.247906,-19.580588,2.247906
2025-01-29,2025-01-28,2025-01-29T00:00:00Z,42.400000,fear,1.771429,0.771429,42.097143,33.352857,1.262358,Tuesday,2025-01-28,0,True,Tuesday,^GSPC,6026.970215,6074.540039,5994.629883,6067.700195,6067.700195,4473640000,6012.279785,0.921787,0.244340,0.675795,1.329116,0.921787,0.305162,3.966265,0.498715,4.025090,23.978374,5959.935522,1.808152,5983.188603,1.412484,5616.119951,8.040787,15.028566,-0.833669,Yahoo Finance via yfinance,-0.467890,-0.491460,0.013181,-1.839909,-9.607102,-2.369432,0.876938,-2.623893,1.314007,-20.315113,1.314007
2025-01-30,2025-01-29,2025-01-30T00:00:00Z,45.914286,neutral,3.514286,2.228572,42.542857,34.218571,1.539833,Wednesday,2025-01-29,0,True,Wednesday,^GSPC,6057.700195,6062.830078,6012.959961,6039.310059,6039.310059,4115310000,6067.700195,-0.467890,-0.164807,-0.303583,0.821895,-0.467890,-0.773204,3.361337,1.146743,3.881200,23.478774,5963.359033,1.273628,5984.267207,0.919793,5620.321201,7.454892,14.552918,-1.297658,Yahoo Finance via yfinance,0.527541,0.367094,0.209629,-2.943055,-8.512563,-1.910481,1.351149,-2.989253,1.790273,-19.940523,1.790273
2025-01-31,2025-01-30,2025-01-31T00:00:00Z,43.771429,fear,-2.142857,-2.028571,42.137143,35.091429,1.135796,Thursday,2025-01-30,0,True,Thursday,^GSPC,6050.750000,6086.640137,6027.459961,6071.169922,6071.169922,4634620000,6039.310059,0.527541,0.189425,0.337478,0.979916,0.527541,-0.776962,2.038010,2.780289,6.410006,23.199187,5971.570532,1.667893,5986.707207,1.410838,5625.060000,7.930758,14.000317,-0.776962,Yahoo Finance via yfinance,-0.504683,0.204242,0.723088,-1.921704,-8.934356,-2.425229,0.819286,-3.846207,1.256105,-20.360654,1.256105
2025-02-03,2025-02-02,2025-02-03T00:00:00Z,37.400000,fear,-6.371429,-0.571429,42.022857,35.745714,0.229143,Sunday,2025-01-31,2,False,Friday,^GSPC,6096.790039,6120.910156,6030.930176,6040.529785,6040.529785,4843770000,6071.169922,-0.504683,0.421996,-0.922785,1.482086,-0.504683,-0.995051,1.737983,2.701630,5.441454,22.651093,5979.515527,1.020388,5990.105400,0.841795,5629.953550,7.292711,14.043966,-1.277723,Yahoo Finance via yfinance,-0.760860,-0.240700,1.226715,-3.158822,-7.941352,-1.930288,1.005706,-3.801316,1.769719,-19.956689,1.769719
2025-02-04,2025-02-03,2025-02-04T00:00:00Z,37.142857,fear,-0.257143,-3.485714,41.325714,36.158571,0.139806,Monday,2025-02-03,0,True,Monday,^GSPC,5969.649902,6022.129883,5923.930176,5994.569824,5994.569824,4797210000,6040.529785,-0.760860,-1.173405,0.417444,1.625680,-0.760860,-0.294563,-0.034858,2.147379,4.934276,23.710337,5985.816528,0.146234,5992.124394,0.040811,5634.669348,6.387251,14.353436,-2.028861,Yahoo Finance via yfinance,0.722488,1.198920,2.252209,-3.610266,-7.098254,-0.061718,1.780110,-4.370288,2.549980,-19.343002,2.549980
2025-02-05,2025-02-04,2025-02-05T00:00:00Z,38.628571,fear,1.485714,-3.771429,40.571429,36.401428,0.316469,Tuesday,2025-02-04,0,True,Tuesday,^GSPC,5998.140137,6042.479980,5990.870117,6037.879883,6037.879883,4410160000,5994.569824,0.722488,0.059559,0.662534,0.860944,0.722488,-0.491460,-0.187798,1.605556,4.411736,23.066574,5990.587012,0.789453,5994.542393,0.722949,5639.747698,7.059397,13.902497,-1.321031,Yahoo Finance via yfinance,0.390867,0.507134,1.760055,-3.233751,-7.183643,-0.510441,1.050036,-5.056246,1.814383,-19.921560,1.814383
2025-02-06,2025-02-05,2025-02-06T00:00:00Z,39.685714,fear,1.057143,-6.228572,39.325714,36.670000,0.427391,Wednesday,2025-02-05,0,True,Wednesday,^GSPC,6020.450195,6062.859863,6007.060059,6061.479980,6061.479980,4756250000,6037.879883,0.390867,-0.288672,0.681507,0.924162,0.390867,0.367094,-0.408949,1.440914,2.233750,22.241518,5994.892016,1.110745,5997.429795,1.067961,5644.999497,7.377866,13.841259,-0.935328,Yahoo Finance via yfinance,0.364430,-0.156888,0.924527,-5.328071,-6.183474,-0.964781,0.656602,-5.771525,1.417974,-20.233341,1.417974
2025-02-07,2025-02-06,2025-02-07T00:00:00Z,38.371429,fear,-1.314285,-5.400000,38.245714,36.992857,0.197665,Thursday,2025-02-06,0,True,Thursday,^GSPC,6072.220215,6084.029785,6046.830078,6083.569824,6083.569824,4847120000,6061.479980,0.364430,0.177188,0.186910,0.613707,0.364430,0.204242,-0.574306,2.953785,1.849454,23.079175,6003.619018,1.331710,6000.126992,1.390684,5650.581196,7.662727,13.137947,-0.574306,Yahoo Finance via yfinance,-0.946477,0.517788,-1.157872,-5.151081,-7.120654,-1.324384,0.548039,-6.859127,1.049718,-20.522979,1.049718
2025-02-10,2025-02-09,2025-02-10T00:00:00Z,44.714286,fear,6.342857,7.314286,39.708571,37.947143,1.019920,Sunday,2025-02-07,2,False,Friday,^GSPC,6083.129883,6101.279785,6019.959961,6025.990234,6025.990234,4766900000,6083.569824,-0.946477,-0.007232,-0.939313,1.336712,-0.946477,-0.240700,-1.233356,1.820475,0.507881,21.633236,6009.006030,0.282646,6001.260000,0.412084,5655.658147,6.547993,13.700840,-1.515348,Yahoo Finance via yfinance,0.671254,1.470956,-0.709265,-6.827594,-6.954543,-0.381518,1.684038,-7.666295,2.015269,-19.763560,2.015269
2025-02-11,2025-02-10,2025-02-11T00:00:00Z,45.400000,neutral,0.685714,8.257143,41.360000,38.950000,1.052913,Monday,2025-02-10,0,True,Monday,^GSPC,6046.399902,6073.379883,6044.839844,6066.439941,6066.439941,4458760000,6025.990234,0.671254,0.338694,0.331438,0.473616,0.671254,1.198920,0.900826,4.108431,1.084587,21.448789,6020.976025,0.755092,6002.841396,1.059474,5660.637598,7.168845,12.386954,-0.854265,Yahoo Finance via yfinance,0.033958,1.040810,-1.832870,-8.149263,-7.173238,-1.045752,1.041631,-8.868954,1.335054,-20.298559,1.335054
2025-02-12,2025-02-11,2025-02-12T00:00:00Z,41.371429,fear,-4.028571,2.742858,41.908572,39.761429,0.309226,Tuesday,2025-02-11,0,True,Tuesday,^GSPC,6049.319824,6076.279785,6042.339844,6068.500000,6068.500000,4324880000,6066.439941,0.033958,-0.282210,0.317063,0.559470,0.033958,0.507134,0.013181,3.979970,1.412264,21.420750,6032.590014,0.595266,6003.778799,1.078008,5665.621948,7.110924,12.400915,-0.820597,Yahoo Finance via yfinance,-0.272387,1.246600,-1.852846,-7.731733,-6.666558,-1.079344,1.300654,-8.899890,1.300654,-20.325615,1.300654
2025-02-13,2025-02-12,2025-02-13T00:00:00Z,46.600000,neutral,5.228571,6.914286,43.291429,40.720000,1.295610,Wednesday,2025-02-12,0,True,Wednesday,^GSPC,6025.080078,6063.000000,6003.000000,6051.970215,6051.970215,4627960000,6068.500000,-0.272387,-0.715497,0.446303,0.988712,-0.272387,-0.156888,0.209629,3.578013,1.112550,20.398646,6043.043017,0.147727,6004.843398,0.784813,5670.639700,6.724647,12.511122,-1.090749,Yahoo Finance via yfinance,1.042629,1.083115,-3.146089,-8.764917,-6.478222,-0.016854,1.577337,-9.043672,1.577337,-20.108000,1.577337
2025-02-14,2025-02-13,2025-02-14T00:00:00Z,43.685714,fear,-2.914286,5.314285,44.354286,41.537143,0.649627,Thursday,2025-02-13,0,True,Thursday,^GSPC,6060.589844,6116.910156,6050.950195,6115.069824,6115.069824,4763800000,6051.970215,1.042629,0.142427,0.898922,1.089892,1.042629,0.517788,0.723088,2.775835,2.788623,21.769511,6051.301001,1.053804,6006.497197,1.807586,5675.715249,7.740955,11.392837,-0.059492,Yahoo Finance via yfinance,-0.007194,-1.667028,-2.625805,-7.786172,-4.429710,-1.741759,0.529190,-9.982223,0.529190,-20.932382,0.529190
2025-02-18,2025-02-17,2025-02-18T00:00:00Z,46.800000,neutral,3.114286,2.085714,44.771429,42.075714,1.458349,Monday,2025-02-14,3,False,Friday,^GSPC,6115.520020,6127.470215,6107.620117,6114.629883,6114.629883,4335190000,6115.069824,-0.007194,0.007362,-0.014555,0.324610,-0.007194,1.470956,1.226715,2.986018,4.156456,23.448821,6060.165503,0.898728,6007.846797,1.777394,5680.707549,7.638526,11.332385,-0.066682,Yahoo Finance via yfinance,0.244499,-2.148615,-4.332391,-7.187839,-3.730072,-2.237254,0.536423,-9.975747,0.536423,-20.926693,0.536423
2025-02-19,2025-02-18,2025-02-19T00:00:00Z,47.628571,neutral,0.828571,2.228571,45.217143,42.461429,1.509688,Tuesday,2025-02-18,0,True,Tuesday,^GSPC,6121.600098,6129.629883,6099.509766,6129.580078,6129.580078,4684980000,6114.629883,0.244499,0.113992,0.130358,0.492591,0.244499,1.040810,2.252209,2.216566,4.003651,22.576399,6066.811499,1.034622,6009.440801,1.999176,5686.177000,7.797912,10.890098,0.000000,Yahoo Finance via yfinance,0.237697,-2.844079,-5.733348,-8.400574,-3.866497,-3.606933,0.291212,-10.195318,0.291212,-21.119555,0.291212
2025-02-20,2025-02-19,2025-02-20T00:00:00Z,44.228571,fear,-3.400000,2.857142,45.788571,42.591429,0.476094,Wednesday,2025-02-19,0,True,Wednesday,^GSPC,6117.759766,6147.430176,6111.149902,6144.149902,6144.149902,4562330000,6129.580078,0.237697,-0.192840,0.431369,0.591888,0.237697,1.246600,1.760055,1.568952,3.839288,22.156655,6071.556982,1.195623,6010.593994,2.222008,5691.805798,7.947286,10.524883,0.000000,Yahoo Finance via yfinance,-0.433418,-3.061283,-4.907433,-7.630996,-3.698148,-3.835513,-0.157058,-10.408275,-0.157058,-21.306607,-0.157058
2025-02-21,2025-02-20,2025-02-21T00:00:00Z,36.971429,fear,-7.257142,-9.628571,43.862857,42.255714,-1.448685,Thursday,2025-02-20,0,True,Thursday,^GSPC,6134.500000,6134.500000,6084.589844,6117.520020,6117.520020,4813690000,6144.149902,-0.433418,-0.157058,-0.276795,0.812320,-0.433418,1.083115,0.924527,0.511798,3.386960,22.214258,6073.114477,0.731182,6011.442197,1.764599,5697.072397,7.380065,10.476727,-0.433418,Yahoo Finance via yfinance,-1.706413,-4.183888,-6.195321,-7.431604,-2.601383,-4.229496,-0.044139,-10.018277,-0.044139,-20.964050,-0.044139
2025-02-24,2025-02-23,2025-02-24T00:00:00Z,29.542857,fear,-7.428572,-14.142857,41.034286,41.442857,-2.631174,Sunday,2025-02-21,2,False,Friday,^GSPC,6114.100098,6114.819824,6008.560059,6013.129883,6013.129883,5434560000,6117.520020,-1.706413,-0.055904,-1.651432,1.736975,-1.706413,-1.667028,-1.157872,-1.725528,1.082923,20.854549,6067.835474,-0.901567,6009.899394,0.053753,5701.499097,5.465769,11.956379,-2.132435,Yahoo Finance via yfinance,-0.496911,-0.975031,-4.039987,-5.746921,-0.823694,-2.918110,0.507556,-8.456162,0.507556,-19.591957,0.507556
2025-02-25,2025-02-24,2025-02-25T00:00:00Z,24.200000,extreme fear,-5.342857,-22.600000,36.514286,40.754286,-2.799399,Monday,2025-02-24,0,True,Monday,^GSPC,6026.689941,6043.649902,5977.830078,5983.250000,5983.250000,4990120000,6013.129883,-0.496911,0.225507,-0.720793,1.094602,-0.496911,-2.148615,-0.709265,-1.933873,0.233027,20.102177,6061.935962,-1.298034,6008.507393,-0.420361,5705.511646,4.867896,12.026906,-2.618750,Yahoo Finance via yfinance,-0.467973,-2.231727,-6.162035,-3.604733,-0.715164,-2.880372,0.444070,-7.998999,0.444070,-19.190406,0.444070
2025-02-26,2025-02-25,2025-02-26T00:00:00Z,21.257143,extreme fear,-2.942857,-26.371428,31.240000,39.785714,-2.521685,Tuesday,2025-02-25,0,True,Tuesday,^GSPC,5982.729980,5992.649902,5908.490234,5955.250000,5955.250000,5374690000,5983.250000,-0.467973,-0.008691,-0.459322,1.406588,-0.467973,-2.844079,-1.832870,-0.948555,-0.536465,17.067331,6059.084473,-1.713699,6006.914189,-0.860079,5709.349395,4.306981,11.008869,-3.074468,Yahoo Finance via yfinance,0.013602,-2.973848,-6.434326,-2.999036,-1.857859,-3.738888,0.916331,-7.566435,0.916331,-18.810461,0.916331
2025-02-27,2025-02-26,2025-02-27T00:00:00Z,12.757143,extreme fear,-8.500000,-31.471428,24.945714,38.303571,-2.696334,Wednesday,2025-02-26,0,True,Wednesday,^GSPC,5970.870117,6009.819824,5932.689941,5956.060059,5956.060059,4869580000,5955.250000,0.013602,0.262292,-0.248039,1.295158,0.013602,-3.061283,-1.852846,-1.839909,-1.088905,17.042530,6053.502466,-1.609686,6004.351592,-0.804276,5713.191345,4.251017,10.406176,-3.061283,Yahoo Finance via yfinance,-1.586455,-1.904450,-5.989870,-4.094315,-1.914861,-3.751981,0.631792,-7.579006,0.631792,-18.821503,0.631792
2025-02-28,2025-02-27,2025-02-28T00:00:00Z,20.657143,extreme fear,7.900000,-16.314286,21.682857,37.040714,-1.626782,Thursday,2025-02-27,0,True,Thursday,^GSPC,5981.879883,5993.689941,5858.779785,5861.569824,5861.569824,5057680000,5956.060059,-1.586455,0.433505,-2.011242,2.265091,-1.586455,-4.183888,-3.146089,-2.943055,-2.286654,15.623540,6044.615454,-3.028243,6000.557988,-2.316254,5716.428794,2.539016,11.629420,-4.599173,Yahoo Finance via yfinance,1.585414,-2.099264,-5.801344,-2.870558,-1.002291,-2.557842,2.124346,-6.089152,2.124346,-17.512882,2.124346
2025-03-03,2025-03-02,2025-03-03T00:00:00Z,12.342857,extreme fear,-8.314286,-17.200000,18.242857,35.469286,-2.039738,Sunday,2025-02-28,2,False,Friday,^GSPC,5856.740234,5959.399902,5837.660156,5954.500000,5954.500000,6441140000,5861.569824,1.585414,-0.082394,1.669184,2.076914,1.585414,-0.975031,-2.625805,-1.921704,-1.291031,17.256572,6038.781958,-1.395678,5998.626191,-0.735605,5720.087893,4.098051,12.971659,-3.086674,Yahoo Finance via yfinance,-1.759674,-3.095135,-5.299522,-6.273576,-0.553530,-4.840204,0.530521,-7.554792,0.530521,-18.800234,0.530521
2025-03-04,2025-03-03,2025-03-04T00:00:00Z,11.042857,extreme fear,-1.300000,-13.157143,15.611429,34.151429,-1.838843,Monday,2025-03-03,0,True,Monday,^GSPC,5968.330078,5986.089844,5810.910156,5849.720215,5849.720215,5613850000,5954.500000,-1.759674,0.232263,-1.987321,2.941971,-1.759674,-2.231727,-4.332391,-3.158822,-3.264839,15.384564,6029.241479,-2.977510,5994.138994,-2.409333,5723.229395,2.210130,14.205193,-4.792033,Yahoo Finance via yfinance,-1.223483,-4.020024,-2.984760,-4.066350,0.663785,-4.883998,0.262574,-6.171068,0.262574,-17.345790,2.032399
2025-03-05,2025-03-04,2025-03-05T00:00:00Z,11.514286,extreme fear,0.471429,-9.742857,13.662857,32.870000,-1.579963,Tuesday,2025-03-04,0,True,Tuesday,^GSPC,5811.979980,5865.080078,5732.589844,5778.149902,5778.149902,6138110000,5849.720215,-1.223483,-0.645163,-0.582075,2.264899,-1.223483,-2.973848,-5.733348,-3.610266,-4.491494,13.379979,6018.420483,-3.992253,5988.689795,-3.515625,5725.886743,0.912752,14.556789,-5.956886,Yahoo Finance via yfinance,1.115928,-3.566541,-2.829448,-2.510840,2.319428,-4.322140,1.426753,-5.008868,1.426753,-16.322004,3.296210
2025-03-06,2025-03-05,2025-03-06T00:00:00Z,17.200000,extreme fear,5.685714,4.442857,14.551429,31.798571,-1.051733,Wednesday,2025-03-05,0,True,Wednesday,^GSPC,5781.359863,5860.589844,5742.350098,5842.629883,5842.629883,5285970000,5778.149902,1.115928,0.055553,1.059786,2.046325,1.115928,-1.904450,-4.907433,-3.233751,-4.006584,13.734452,6008.657983,-2.763148,5988.099189,-2.429307,5728.559143,1.991264,14.942087,-4.907433,Yahoo Finance via yfinance,-1.781901,-4.164735,-2.864119,-2.938055,1.182003,-5.378053,-0.522878,-6.057202,-0.522878,-17.245485,2.156220
2025-03-07,2025-03-06,2025-03-07T00:00:00Z,17.642857,extreme fear,0.442857,-3.014286,13.948571,30.696429,-0.926130,Thursday,2025-03-06,0,True,Thursday,^GSPC,5785.870117,5812.080078,5711.640137,5738.520020,5738.520020,5165080000,5842.629883,-1.781901,-0.971476,-0.818375,1.719088,-1.781901,-2.099264,-6.195321,-5.328071,-5.540473,11.841273,5992.509985,-4.238457,5985.527988,-4.126753,5730.766243,0.135301,15.842971,-6.601888,Yahoo Finance via yfinance,0.552062,-3.781463,-1.317934,-5.959725,3.440258,-4.075443,0.775283,-6.058878,0.843949,-15.744129,4.009568
2025-03-10,2025-03-09,2025-03-10T00:00:00Z,17.071429,extreme fear,-0.571428,4.728572,14.894286,29.631429,-0.879078,Sunday,2025-03-07,2,False,Friday,^GSPC,5726.009766,5783.009766,5666.290039,5770.200195,5770.200195,5705140000,5738.520020,0.552062,-0.218005,0.771749,2.033969,0.552062,-3.095135,-4.039987,-5.151081,-5.255429,13.616814,5976.841504,-3.457366,5982.314990,-3.545698,5733.100894,0.647107,15.956010,-6.086273,Yahoo Finance via yfinance,-2.697309,-2.274795,-1.778797,-12.064055,3.469029,-4.602098,-1.123533,-12.136499,0.290285,-16.206719,3.659317
2025-03-11,2025-03-10,2025-03-11T00:00:00Z,15.114286,extreme fear,-1.957143,4.071429,15.708572,28.151429,-0.919680,Monday,2025-03-10,0,True,Monday,^GSPC,5705.370117,5705.370117,5564.020020,5614.560059,5614.560059,6409370000,5770.200195,-2.697309,-1.123533,-1.591659,2.449657,-2.697309,-4.020024,-6.162035,-6.827594,-7.241052,9.986764,5956.269995,-5.736979,5975.124795,-6.034430,5734.633044,-2.093822,18.031496,-8.619416,Yahoo Finance via yfinance,-0.756787,1.078625,2.725232,-9.837103,6.345110,-1.957592,1.584451,-13.883902,3.070412,-13.883902,6.695447
2025-03-12,2025-03-11,2025-03-12T00:00:00Z,15.914286,extreme fear,0.800000,4.400000,16.588572,26.677143,-0.779005,Tuesday,2025-03-11,0,True,Tuesday,^GSPC,5603.649902,5636.299805,5528.410156,5572.069824,5572.069824,6221240000,5614.560059,-0.756787,-0.194319,-0.563563,1.921605,-0.756787,-3.566541,-6.434326,-8.149263,-7.669382,8.041129,5931.551489,-6.060500,5965.765391,-6.599247,5735.886343,-2.855993,17.671031,-9.310972,Yahoo Finance via yfinance,0.488687,0.764354,3.671528,-10.575959,6.590549,-1.209962,2.359091,-13.227217,3.856383,-13.227217,7.674534
2025-03-13,2025-03-12,2025-03-13T00:00:00Z,15.185714,extreme fear,-0.728572,-2.014286,16.185714,25.367857,-0.749279,Wednesday,2025-03-12,0,True,Wednesday,^GSPC,5624.839844,5642.189941,5546.089844,5599.299805,5599.299805,5219830000,5572.069824,0.488687,0.947045,-0.454058,1.724675,0.488687,-4.164735,-5.989870,-7.731733,-7.969675,9.282565,5908.091480,-5.226589,5956.999590,-6.004697,5737.347793,-2.406129,17.897622,-8.867787,Yahoo Finance via yfinance,-1.389098,1.357138,2.016331,-2.543173,7.162682,-1.690388,2.072228,-13.649202,3.351319,-13.649202,7.457545
2025-03-14,2025-03-13,2025-03-14T00:00:00Z,22.057143,extreme fear,6.871429,4.414286,17.068572,24.140714,-0.164755,Thursday,2025-03-13,0,True,Thursday,^GSPC,5594.450195,5597.779785,5504.649902,5521.520020,5521.520020,5018980000,5599.299805,-1.389098,-0.086611,-1.303616,1.663242,-1.389098,-3.781463,-5.801344,-8.764917,-8.754059,7.885596,5881.568970,-6.121648,5948.013193,-7.170347,5738.616194,-3.783075,18.231611,-10.133703,Yahoo Finance via yfinance,2.126587,2.560348,3.111282,-4.590588,8.772220,0.766638,3.510085,-12.432808,4.807194,-12.432808,9.051675
2025-03-17,2025-03-16,2025-03-17T00:00:00Z,22.571429,extreme fear,0.514286,5.500000,18.168572,23.085000,-0.043594,Sunday,2025-03-14,2,False,Friday,^GSPC,5563.850098,5645.270020,5563.850098,5638.939941,5638.939941,4863180000,5521.520020,2.126587,0.766638,1.349602,1.474593,2.126587,-2.274795,-5.299522,-7.786172,-6.811168,8.959338,5857.762476,-3.735599,5942.653193,-5.110735,5740.287292,-1.765545,19.752263,-8.222618,Yahoo Finance via yfinance,0.641613,0.507544,-1.028562,-4.887090,7.091229,-0.730282,1.354690,-14.256224,2.624789,-14.256224,7.165705
2025-03-18,2025-03-17,2025-03-18T00:00:00Z,22.228571,extreme fear,-0.342858,7.114285,19.591429,21.856429,0.035870,Monday,2025-03-17,0,True,Monday,^GSPC,5635.600098,5703.520020,5631.120117,5675.120117,5675.120117,5031770000,5638.939941,0.641613,-0.059228,0.701257,1.283928,0.641613,1.078625,-2.984760,-7.187839,-6.568237,9.869883,5835.786987,-2.753131,5938.522998,-4.435495,5742.132693,-1.167033,20.054088,-7.633762,Yahoo Finance via yfinance,-1.065351,1.629035,-1.114867,-4.742629,6.116525,-1.363149,1.762430,-14.802860,1.970532,-14.802860,6.771307
2025-03-19,2025-03-18,2025-03-19T00:00:00Z,21.600000,extreme fear,-0.628571,5.685714,20.728571,20.555000,0.124110,Tuesday,2025-03-18,0,True,Tuesday,^GSPC,5654.529785,5654.529785,5597.759766,5614.660156,5614.660156,4666270000,5675.120117,-1.065351,-0.362818,-0.705092,1.000332,-1.065351,0.764354,-2.829448,-8.400574,-7.205054,9.012367,5810.040991,-3.362813,5933.445205,-5.372680,5743.871243,-2.249547,20.065359,-8.617787,Yahoo Finance via yfinance,1.079850,2.885121,0.327886,-3.883232,7.669202,-0.205891,3.068575,-13.885437,3.068575,-13.885437,7.921045
2025-03-20,2025-03-19,2025-03-20T00:00:00Z,21.685714,extreme fear,0.085714,6.500000,22.028571,19.427857,0.356423,Wednesday,2025-03-19,0,True,Wednesday,^GSPC,5632.370117,5715.330078,5622.200195,5675.290039,5675.290039,4660090000,5614.660156,1.079850,0.315424,0.762022,1.658691,1.079850,1.357138,-2.864119,-7.630996,-3.352601,10.908548,5786.597998,-1.923547,5928.101602,-4.264629,5746.070293,-1.231803,20.651251,-7.630996,Yahoo Finance via yfinance,-0.218489,0.650366,-0.076116,-7.040871,5.315679,-1.272004,1.967479,-14.805411,1.967479,-14.805411,6.768110
2025-03-21,2025-03-20,2025-03-21T00:00:00Z,22.685714,extreme fear,1.000000,0.628571,22.154286,18.713571,0.811623,Thursday,2025-03-20,0,True,Thursday,^GSPC,5646.919922,5711.149902,5632.330078,5662.890137,5662.890137,4678420000,5675.290039,-0.218489,-0.499888,0.282813,1.388825,-0.218489,2.560348,-1.317934,-7.431604,-3.480265,9.971419,5763.866504,-1.751886,5921.851807,-4.372985,5747.997195,-1.480638,20.659080,-7.832813,Yahoo Finance via yfinance,0.082465,0.537180,-4.703784,-6.713709,6.537646,-1.055822,2.190755,-14.618862,2.190755,-14.618862,7.001898
2025-03-24,2025-03-23,2025-03-24T00:00:00Z,25.400000,fear,2.714286,2.828571,22.720000,18.506429,1.538085,Sunday,2025-03-21,2,False,Friday,^GSPC,5630.729980,5670.839844,5603.100098,5667.560059,5667.560059,9367460000,5662.890137,0.082465,-0.567911,0.654091,1.196204,0.082465,0.507544,-1.778797,-5.746921,-4.439331,9.443842,5746.588013,-1.375215,5917.022412,-4.216012,5749.917996,-1.432332,20.100979,-7.756807,Yahoo Finance via yfinance,1.764600,-1.528349,-10.471525,-8.987287,5.560773,-1.678679,2.106553,-14.689214,2.106553,-14.689214,6.913731
2025-03-25,2025-03-24,2025-03-25T00:00:00Z,29.285714,fear,3.885714,7.057143,24.131428,18.760714,2.129467,Monday,2025-03-24,0,True,Monday,^GSPC,5718.080078,5775.140137,5718.080078,5767.569824,5767.569824,4517990000,5667.560059,1.764600,0.891389,0.865496,1.006783,1.764600,1.629035,2.725232,-3.604733,-3.456605,10.392138,5735.804004,0.553816,5914.008809,-2.476137,5752.299146,0.265471,21.352995,-6.129084,Yahoo Finance via yfinance,0.157433,-2.699919,-12.229064,-8.319103,3.698270,-4.834616,0.336023,-16.168504,0.336023,-16.168504,5.059845
2025-03-26,2025-03-25,2025-03-26T00:00:00Z,28.885714,fear,-0.400000,7.285714,25.588571,19.142143,1.798723,Tuesday,2025-03-25,0,True,Tuesday,^GSPC,5775.959961,5786.950195,5760.419922,5776.649902,5776.649902,4467340000,5767.569824,0.157433,0.145471,0.011945,0.459990,0.157433,2.885121,3.671528,-2.999036,-4.360735,10.209235,5726.873999,0.869164,5913.001006,-2.305954,5754.412246,0.386445,21.354503,-5.981299,Yahoo Finance via yfinance,-1.115693,-2.485525,-13.742911,-6.938105,3.309703,-4.984202,0.120662,-16.300276,0.120662,-16.300276,4.894705
2025-03-27,2025-03-26,2025-03-27T00:00:00Z,28.342857,fear,-0.542857,6.657143,26.920000,19.921429,1.512199,Wednesday,2025-03-26,0,True,Wednesday,^GSPC,5771.660156,5783.620117,5694.410156,5712.200195,5712.200195,4183140000,5776.649902,-1.115693,-0.086378,-1.030206,1.544320,-1.115693,0.650366,2.016331,-4.094315,-5.389396,9.132663,5714.681006,-0.043411,5910.520605,-3.355380,5756.208447,-0.764535,21.618905,-7.030260,Yahoo Finance via yfinance,-0.330698,-0.721788,-4.469386,-3.981481,5.478970,-3.912157,0.351521,-15.355907,0.351521,-15.355907,6.078213
2025-03-28,2025-03-27,2025-03-28T00:00:00Z,26.371429,fear,-1.971428,3.685715,27.657143,20.207143,1.071622,Thursday,2025-03-27,0,True,Thursday,^GSPC,5695.640137,5732.279785,5670.939941,5693.310059,5693.310059,4403460000,5712.200195,-0.330698,-0.289907,-0.040910,1.073839,-0.330698,0.537180,3.111282,-2.870558,-4.648086,9.105075,5706.268018,-0.227083,5907.528603,-3.626196,5757.940046,-1.122450,21.001476,-7.337709,Yahoo Finance via yfinance,-1.973722,-5.212961,-7.469473,-2.952590,7.005944,-5.312902,0.035129,-15.075062,0.035129,-15.075062,7.174205
2025-03-31,2025-03-30,2025-03-31T00:00:00Z,21.114286,extreme fear,-5.257143,-4.285714,26.800000,20.645714,0.086017,Sunday,2025-03-28,2,False,Friday,^GSPC,5679.200195,5685.890137,5572.419922,5580.939941,5580.939941,4513330000,5693.310059,-1.973722,-0.247832,-1.730178,1.993045,-1.973722,-1.528349,-1.028562,-6.273576,-5.518932,7.251928,5687.590015,-1.875136,5900.149199,-5.410190,5759.040796,-3.092544,20.929387,-9.166605,Yahoo Finance via yfinance,0.553852,-9.081980,-3.898628,-0.935146,9.160110,-9.156881,2.049298,-13.365130,2.049298,-13.365130,9.453064
2025-04-01,2025-03-31,2025-04-01T00:00:00Z,19.571429,extreme fear,-1.542857,-9.714285,24.857143,21.072143,-0.302018,Monday,2025-03-31,0,True,Monday,^GSPC,5527.910156,5627.560059,5488.729980,5611.850098,5611.850098,5257250000,5580.939941,0.553852,-0.950195,1.518475,2.487575,0.553852,-2.699919,-1.114867,-4.066350,-4.586820,6.923131,5675.696509,-1.124909,5893.639404,-4.781244,5760.223447,-2.575826,20.416415,-8.663522,Yahoo Finance via yfinance,0.378124,-9.793563,-3.668663,-0.909148,9.429509,-13.842317,1.487209,-13.842317,1.487209,-13.842317,9.527516
2025-04-02,2025-04-01,2025-04-02T00:00:00Z,22.600000,extreme fear,3.028571,-6.285714,23.600000,21.626429,0.219449,Tuesday,2025-04-01,0,True,Tuesday,^GSPC,5597.529785,5650.569824,5558.520020,5633.069824,5633.069824,4434500000,5611.850098,0.378124,-0.255180,0.634924,1.640276,0.378124,-2.485525,0.327886,-2.510840,-4.012575,7.207737,5668.442505,-0.624028,5886.367598,-4.303125,5761.283647,-2.225438,20.140656,-8.318158,Yahoo Finance via yfinance,0.672819,-11.544324,-4.197355,-1.136321,9.586247,-14.166872,1.104908,-14.166872,1.104908,-14.166872,9.845615
2025-04-03,2025-04-02,2025-04-03T00:00:00Z,12.142857,extreme fear,-10.457143,-16.200000,20.360000,21.373571,-1.911608,Wednesday,2025-04-02,0,True,Wednesday,^GSPC,5580.759766,5695.310059,5571.479980,5670.970215,5670.970215,4243830000,5633.069824,0.672819,-0.928624,1.616455,2.198270,0.672819,-0.721788,-0.076116,-2.938055,-4.568807,8.146814,5659.859522,0.196307,5878.802197,-3.535278,5762.469797,-1.587854,19.839355,-7.701304,Yahoo Finance via yfinance,-4.839563,-3.774845,-6.970060,-1.178459,9.416025,-14.740514,-3.023123,-14.740514,-0.212663,-14.740514,9.594652
2025-04-04,2025-04-03,2025-04-04T00:00:00Z,5.385714,extreme fear,-6.757143,-20.985715,16.162857,20.760714,-2.575324,Thursday,2025-04-03,0,True,Thursday,^GSPC,5492.740234,5499.529785,5390.830078,5396.520020,5396.520020,7210470000,5670.970215,-4.839563,-3.142848,-1.751771,1.916774,-4.839563,-5.212961,-4.703784,-5.959725,-9.687415,3.663406,5642.759522,-4.363813,5865.005195,-7.987805,5762.294397,-6.347721,25.385976,-12.168158,Yahoo Finance via yfinance,-5.974961,-2.380612,-2.109134,5.376611,14.851974,-10.404482,1.571750,-10.404482,5.636599,-10.404482,15.168295
2025-04-07,2025-04-06,2025-04-07T00:00:00Z,4.000000,extreme fear,-1.385714,-17.114286,12.740000,20.107143,-2.294900,Sunday,2025-04-04,2,False,Friday,^GSPC,5292.140137,5292.140137,5069.899902,5074.080078,5074.080078,8853500000,5396.520020,-5.974961,-1.934207,-4.120451,4.118214,-5.974961,-9.081980,-10.471525,-12.064055,-14.130064,-2.636677,5607.953516,-9.519933,5844.112598,-13.176210,5760.298647,-11.912899,32.166338,-17.416076,Yahoo Finance via yfinance,-0.233147,5.701128,1.657840,11.357720,22.730028,-4.711002,8.026278,-4.711002,12.349433,-4.711002,22.733579
2025-04-08,2025-04-07,2025-04-08T00:00:00Z,2.900000,extreme fear,-1.100000,-16.671429,9.405714,19.496429,-2.088625,Monday,2025-04-07,0,True,Monday,^GSPC,4953.790039,5246.569824,4835.040039,5062.250000,5062.250000,8691980000,5074.080078,-0.233147,-2.370677,2.189434,8.110431,-0.233147,-9.793563,-12.229064,-9.837103,-14.463735,-1.650602,5580.338013,-9.284169,5823.332793,-13.069540,5758.174749,-12.085857,31.232182,-17.608618,Yahoo Finance via yfinance,-1.570052,6.789870,4.454734,10.759250,24.042671,-2.999261,8.278727,-2.999261,12.611985,-2.999261,24.147363
2025-04-09,2025-04-08,2025-04-09T00:00:00Z,9.500000,extreme fear,6.600000,-13.100000,6.785714,19.175714,-1.176677,Tuesday,2025-04-08,0,True,Tuesday,^GSPC,5193.569824,5267.470215,4910.419922,4982.770020,4982.770020,7408140000,5062.250000,-1.570052,2.594100,-4.058861,7.053194,-1.570052,-11.544324,-13.742911,-10.575959,-14.488832,-4.257405,5550.873022,-10.234480,5802.742598,-14.130776,5755.722749,-13.429291,31.454330,-18.902206,Yahoo Finance via yfinance,9.515388,8.305819,7.888982,13.015045,25.030454,-0.689172,10.005877,-0.689172,14.408254,-0.689172,26.127633
2025-04-10,2025-04-09,2025-04-10T00:00:00Z,5.614286,extreme fear,-3.885714,-6.528571,5.480000,18.697143,-1.498570,Wednesday,2025-04-09,0,True,Wednesday,^GSPC,4965.279785,5481.339844,4948.430176,5456.899902,5456.899902,9489600000,4982.770020,9.515388,-0.351014,9.901156,10.695048,9.515388,-3.774845,-4.469386,-2.543173,-6.499417,4.892170,5543.753027,-1.566685,5790.526592,-5.761595,5755.684148,-5.191116,47.559768,-11.185437,Yahoo Finance via yfinance,-3.460758,-3.320561,0.510732,3.794096,14.085289,-6.260512,0.046914,-6.510473,4.823255,-6.510473,15.168869
2025-04-11,2025-04-10,2025-04-11T00:00:00Z,8.385714,extreme fear,2.771428,3.000000,6.080000,18.013571,-1.071570,Thursday,2025-04-10,0,True,Thursday,^GSPC,5353.149902,5353.149902,5115.270020,5268.049805,5268.049805,6677140000,5456.899902,-3.460758,-1.901263,-1.589720,4.359250,-3.460758,-2.380612,-7.469473,-4.590588,-9.838596,1.115943,5531.079517,-4.755486,5775.101387,-8.779960,5754.785046,-8.457922,48.862748,-14.259094,Yahoo Finance via yfinance,1.809210,0.278099,4.881506,7.438433,18.891430,-0.897482,3.633416,-3.159042,8.580980,-3.159042,19.297466
2025-04-14,2025-04-13,2025-04-14T00:00:00Z,12.342857,extreme fear,3.957143,8.342857,7.748571,17.502143,-0.573075,Sunday,2025-04-11,2,False,Friday,^GSPC,5255.560059,5381.459961,5220.770020,5363.359863,5363.359863,5602550000,5268.049805,1.809210,-0.237085,2.051157,3.050274,1.809210,5.701128,-3.898628,-4.887090,-9.858137,3.928190,5517.300513,-2.790144,5760.945186,-6.901390,5754.255347,-6.793155,48.675766,-12.707861,Yahoo Finance via yfinance,0.794471,-3.825208,3.083704,8.965091,17.099358,-4.879963,1.791789,-4.879963,8.987095,-4.879963,17.281338
2025-04-15,2025-04-14,2025-04-15T00:00:00Z,13.114286,extreme fear,0.771429,10.214286,9.791429,17.046429,-0.437798,Monday,2025-04-14,0,True,Monday,^GSPC,5441.959961,5459.459961,5358.020020,5405.970215,5405.970215,5031440000,5363.359863,0.794471,1.465501,-0.661338,1.891351,0.794471,6.789870,-3.668663,-4.742629,-8.949625,3.979761,5503.843018,-1.778263,5748.253994,-5.954570,5753.895698,-6.046781,48.714094,-12.014350,Yahoo Finance via yfinance,-0.172778,-2.186665,2.864608,8.889794,15.793276,-5.629708,0.822053,-5.629708,9.261426,-5.629708,16.356916
2025-04-16,2025-04-15,2025-04-16T00:00:00Z,11.142857,extreme fear,-1.971429,1.642857,10.120000,16.523571,-0.597397,Tuesday,2025-04-15,0,True,Tuesday,^GSPC,5411.990234,5450.410156,5386.439941,5396.629883,5396.629883,4317110000,5405.970215,-0.172778,0.111359,-0.283821,1.183325,-0.172778,8.305819,-4.197355,-3.883232,-10.006074,5.332771,5492.941504,-1.753371,5736.295195,-5.921336,5753.464497,-6.202082,48.606399,-12.166370,Yahoo Finance via yfinance,-2.240837,-0.384870,3.195145,9.189998,16.156939,-5.466375,1.353809,-5.466375,9.450532,-5.466375,16.558303
2025-04-17,2025-04-16,2025-04-17T00:00:00Z,16.057143,extreme fear,4.914286,10.442857,12.208571,16.242143,-0.020729,Wednesday,2025-04-16,0,True,Wednesday,^GSPC,5335.750000,5367.240234,5220.790039,5275.700195,5275.700195,4607750000,5396.629883,-2.240837,-1.128109,-1.125424,2.713734,-2.240837,-3.320561,-6.970060,-7.040871,-12.787392,4.225365,5472.962012,-3.604297,5721.051602,-7.784433,5752.540598,-8.289214,48.916562,-14.134579,Yahoo Finance via yfinance,0.132684,3.962883,6.225523,12.154405,18.349405,-3.299473,4.050642,-3.299473,12.292392,-3.299473,19.454097
2025-04-21,2025-04-20,2025-04-21T00:00:00Z,12.371429,extreme fear,-3.685714,3.985715,13.005714,15.726429,-0.379943,Sunday,2025-04-17,3,False,Thursday,^GSPC,5305.450195,5328.310059,5255.580078,5282.700195,5282.700195,4714880000,5275.700195,0.132684,0.563906,-0.428804,1.378584,0.132684,0.278099,-2.109134,-6.713709,-13.204421,4.578722,5453.952515,-3.139967,5705.476006,-7.410001,5751.578650,-8.152170,48.942115,-14.020649,Yahoo Finance via yfinance,-2.356749,4.590640,7.647031,12.790423,18.570049,-3.427609,4.645535,-3.427609,12.794970,-3.427609,19.295811
2025-04-22,2025-04-21,2025-04-22T00:00:00Z,13.600000,extreme fear,1.228571,1.257143,13.257143,15.136429,-0.179924,Monday,2025-04-21,0,True,Monday,^GSPC,5232.939941,5232.939941,5101.629883,5158.200195,5158.200195,4226340000,5282.700195,-2.356749,-0.941947,-1.428255,2.485662,-2.356749,-3.825208,1.657840,-8.987287,-15.697913,2.707777,5428.484521,-4.979002,5686.968613,-9.297896,5749.824602,-10.289434,49.450838,-16.046967,Yahoo Finance via yfinance,2.511720,7.183703,9.541694,15.613971,22.084441,0.959050,7.666627,0.959050,15.711094,0.959050,22.226546
2025-04-23,2025-04-22,2025-04-23T00:00:00Z,21.542857,extreme fear,7.942857,8.428571,14.942857,14.749286,0.846649,Tuesday,2025-04-22,0,True,Tuesday,^GSPC,5207.669922,5309.609863,5207.669922,5287.759766,5287.759766,4666950000,5158.200195,2.511720,0.959050,1.537921,1.976270,2.511720,-2.186665,4.454734,-8.319103,-13.333035,5.520515,5404.494019,-2.159948,5672.204004,-6.777687,5748.578301,-8.016217,49.958015,-13.938301,Yahoo Finance via yfinance,1.666114,5.164197,6.035645,12.343605,19.082377,1.293746,5.374496,1.293746,12.875965,1.293746,19.438290
2025-04-24,2025-04-23,2025-04-24T00:00:00Z,24.085714,extreme fear,2.542857,12.942857,17.531429,14.509286,1.253186,Wednesday,2025-04-23,0,True,Wednesday,^GSPC,5395.919922,5469.689941,5356.169922,5375.859863,5375.859863,5371390000,5287.759766,1.666114,2.045482,-0.371763,2.146845,1.666114,-0.384870,7.888982,-6.938105,-10.585334,8.226514,5384.454517,-0.159620,5658.392402,-4.993159,5747.621650,-6.468098,50.460648,-12.504416,Yahoo Finance via yfinance,2.025911,3.593847,4.751238,8.719535,17.294726,-0.072545,3.831573,-0.072545,11.026143,-0.072545,17.861705
2025-04-25,2025-04-24,2025-04-25T00:00:00Z,34.514286,fear,10.428572,18.457143,21.222857,14.817857,2.366273,Thursday,2025-04-24,0,True,Thursday,^GSPC,5381.379883,5489.399902,5371.959961,5484.770020,5484.770020,4697710000,5375.859863,2.025911,0.102682,1.921257,2.184580,2.025911,3.962883,0.510732,-3.981481,-9.607102,9.463336,5373.083008,2.078639,5646.717803,-2.867999,5747.181250,-4.565912,51.025841,-10.731833,Yahoo Finance via yfinance,0.737313,2.176392,3.266681,6.513304,15.038919,-0.939507,3.174976,-0.939507,8.821516,-0.939507,15.521345
2025-04-28,2025-04-27,2025-04-28T00:00:00Z,32.142857,fear,-2.371429,19.771428,25.177143,15.106429,1.929361,Sunday,2025-04-25,2,False,Friday,^GSPC,5489.729980,5528.109863,5455.859863,5525.209961,5525.209961,4236580000,5484.770020,0.737313,0.090432,0.646297,1.317284,0.737313,4.590640,4.881506,-2.952590,-8.512563,8.966684,5364.678003,2.992388,5636.182598,-1.968933,5746.922400,-3.857933,51.117717,-10.073646,Yahoo Finance via yfinance,0.064071,2.922241,2.437920,5.024422,15.089023,-1.664547,3.176173,-1.664547,8.025033,-1.664547,15.120334
2025-04-29,2025-04-28,2025-04-29T00:00:00Z,32.742857,fear,0.600000,19.142857,29.005714,15.687857,1.777280,Monday,2025-04-28,0,True,Monday,^GSPC,5529.220215,5553.660156,5468.640137,5528.750000,5528.750000,4257880000,5525.209961,0.064071,0.072581,-0.008504,1.538765,0.064071,7.183703,3.083704,-0.935146,-8.934356,9.013278,5362.068506,3.108530,5624.456201,-1.701608,5746.396599,-3.787532,50.637209,-10.016030,Yahoo Finance via yfinance,0.580241,2.199953,5.705448,7.104500,15.095638,-1.727511,3.110110,-1.727511,7.955865,-1.727511,15.420485
2025-04-30,2025-04-29,2025-04-30T00:00:00Z,32.371429,fear,-0.371428,10.828572,31.171429,16.327857,1.561902,Tuesday,2025-04-29,0,True,Tuesday,^GSPC,5508.870117,5571.950195,5505.700195,5560.830078,5560.830078,4747150000,5528.750000,0.580241,-0.359573,0.943205,1.198282,0.580241,5.164197,2.864608,-0.909148,-7.941352,10.149912,5359.517505,3.756170,5613.380205,-0.936158,5746.278049,-3.227271,50.641119,-9.493906,Yahoo Finance via yfinance,0.147999,0.828655,5.857394,5.893360,14.886448,-2.294439,2.515274,-2.294439,7.333074,-2.294439,15.015559
2025-05-01,2025-04-30,2025-05-01T00:00:00Z,41.257143,fear,8.885714,17.171429,34.605714,17.260714,2.063507,Wednesday,2025-04-30,0,True,Wednesday,^GSPC,5499.439941,5581.839844,5433.240234,5569.060059,5569.060059,5449490000,5560.830078,0.147999,-1.103974,1.265949,2.672256,0.147999,3.593847,3.195145,-1.136321,-7.098254,9.198113,5356.317017,3.971816,5602.169805,-0.591016,5746.046599,-3.080145,50.625033,-9.359958,Yahoo Finance via yfinance,0.629910,1.117239,5.809239,6.161001,14.736957,0.172023,2.363777,0.172023,7.174457,0.172023,14.939860
2025-05-02,2025-05-01,2025-05-02T00:00:00Z,38.285714,fear,-2.971429,3.771428,35.360000,18.567857,1.582137,Thursday,2025-05-01,0,True,Thursday,^GSPC,5625.140137,5658.910156,5597.350098,5604.140137,5604.140137,4935270000,5569.060059,0.629910,1.006994,-0.373324,1.105394,0.629910,2.176392,6.225523,-1.178459,-7.183643,9.537803,5352.975513,4.692056,5591.369609,0.228397,5745.911199,-2.467338,50.617591,-8.789007,Yahoo Finance via yfinance,1.472657,1.067065,5.581410,5.487904,13.681309,-0.455021,2.069184,-0.455021,6.503580,-0.455021,14.366515
2025-05-05,2025-05-04,2025-05-05T00:00:00Z,53.057143,neutral,14.771429,20.914286,39.542857,20.951429,2.254485,Sunday,2025-05-02,2,False,Friday,^GSPC,5645.879883,5700.700195,5642.279785,5686.669922,5686.669922,4854380000,5604.140137,1.472657,0.744802,0.722474,1.042451,1.472657,2.922241,7.647031,5.376611,-6.183474,12.927325,5367.483008,5.946678,5582.752607,1.861399,5746.008547,-1.032693,47.495239,-7.445782,Yahoo Finance via yfinance,-0.638160,-0.470570,4.778015,4.383409,11.891493,-1.899702,0.587869,-1.899702,4.957909,-1.899702,12.706731
2025-05-06,2025-05-05,2025-05-06T00:00:00Z,54.657143,neutral,1.600000,21.914286,43.925714,23.484286,2.009197,Monday,2025-05-05,0,True,Monday,^GSPC,5655.319824,5683.379883,5634.479980,5650.379883,5650.379883,4358260000,5686.669922,-0.638160,-0.551291,-0.087350,0.859904,-0.638160,2.199953,9.541694,11.357720,-7.120654,12.593476,5396.297998,4.708448,5575.497607,1.343060,5746.319097,-1.669577,41.542629,-8.036425,Yahoo Finance via yfinance,-0.769324,3.430036,5.543348,5.663163,12.194052,-1.269645,3.450923,-1.269645,5.857486,-1.269645,13.744919
2025-05-07,2025-05-06,2025-05-07T00:00:00Z,54.142857,neutral,-0.514286,21.771428,48.280000,26.046429,1.739199,Tuesday,2025-05-06,0,True,Tuesday,^GSPC,5605.870117,5649.580078,5586.040039,5606.910156,5606.910156,4717260000,5650.379883,-0.769324,-0.787731,0.018553,1.124527,-0.769324,0.828655,6.035645,10.759250,-6.954543,10.716598,5423.531006,3.381176,5567.970811,0.699345,5746.630698,-2.431347,41.723448,-8.743923,Yahoo Finance via yfinance,0.434636,4.987411,5.948906,6.490204,11.255747,-0.504200,5.345725,-0.504200,6.841020,-0.504200,14.626770
2025-05-08,2025-05-07,2025-05-08T00:00:00Z,57.657143,greed,3.514286,16.400000,51.560000,28.454286,1.705884,Wednesday,2025-05-07,0,True,Wednesday,^GSPC,5614.180176,5654.729980,5578.640137,5631.279785,5631.279785,4987440000,5606.910156,0.434636,0.129662,0.304579,1.357073,0.434636,1.117239,4.751238,13.015045,-7.173238,9.818845,5455.956494,3.213429,5561.491406,1.254850,5747.262097,-2.018045,40.976412,-8.347292,Yahoo Finance via yfinance,0.579978,4.640158,3.788305,5.469805,12.406774,0.072809,4.889836,0.072809,6.542392,0.072809,14.130717
2025-05-09,2025-05-08,2025-05-09T00:00:00Z,60.028571,greed,2.371428,21.742857,55.908571,31.175000,1.638036,Thursday,2025-05-08,0,True,Thursday,^GSPC,5663.600098,5720.100098,5635.379883,5663.939941,5663.939941,5627400000,5631.279785,0.579978,0.573943,0.006000,1.504458,0.579978,1.067065,3.266681,3.794096,-6.666558,9.326847,5466.308496,3.615446,5555.649004,1.949204,5747.759746,-1.458304,24.132686,-7.815727,Yahoo Finance via yfinance,-0.071148,4.466683,3.143921,5.939680,11.215691,-0.349404,4.595212,-0.349404,6.231178,-0.349404,13.472602
2025-05-12,2025-05-11,2025-05-12T00:00:00Z,64.485714,greed,4.457143,11.428571,58.194286,33.980000,1.671545,Sunday,2025-05-09,2,False,Friday,^GSPC,5679.649902,5691.689941,5644.149902,5659.910156,5659.910156,4645090000,5663.939941,-0.071148,0.277368,-0.347552,0.839346,-0.071148,-0.470570,2.437920,7.438433,-6.478222,9.102491,5485.901514,3.171924,5551.615811,1.950682,5748.280596,-1.537337,19.955780,-7.881314,Yahoo Finance via yfinance,3.255878,5.273400,2.524946,6.112636,12.105314,2.229186,5.277645,1.899323,6.385259,1.899323,13.553393
2025-05-13,2025-05-12,2025-05-13T00:00:00Z,68.200000,greed,3.714286,13.542857,60.902857,36.772857,1.652130,Monday,2025-05-12,0,True,Monday,^GSPC,5807.200195,5845.370117,5786.080078,5844.189941,5844.189941,6014580000,5659.910156,3.255878,2.602339,0.636964,1.047544,3.255878,3.430036,5.705448,8.965091,-4.429710,12.655393,5509.943018,6.066250,5549.409609,5.311922,5750.365896,1.631619,21.907797,-4.882042,Yahoo Finance via yfinance,0.724820,2.043229,1.323538,3.330147,8.483812,0.014203,2.128951,-1.313780,3.402008,-1.313780,9.972812
2025-05-14,2025-05-13,2025-05-14T00:00:00Z,70.400000,greed,2.200000,16.257143,64.154286,39.637143,1.571368,Tuesday,2025-05-13,0,True,Tuesday,^GSPC,5854.149902,5906.640137,5845.020020,5886.549805,5886.549805,5516290000,5844.189941,0.724820,0.170425,0.553452,1.054383,0.724820,4.987411,5.857394,8.889794,-3.730072,12.897188,5533.971997,6.371153,5550.146201,6.061167,5752.802544,2.324906,21.894208,-4.192608,Yahoo Finance via yfinance,0.102442,0.915819,0.033976,2.305093,8.543211,-0.363365,1.394026,-2.023930,2.936357,-2.023930,9.181443
2025-05-15,2025-05-14,2025-05-15T00:00:00Z,69.142857,greed,-1.257143,11.485714,66.451428,42.537143,1.369359,Wednesday,2025-05-14,0,True,Wednesday,^GSPC,5896.740234,5906.549805,5872.109863,5892.580078,5892.580078,5233450000,5886.549805,0.102442,0.173114,-0.070550,0.585062,0.102442,4.640158,5.809239,9.189998,-3.866497,12.826746,5558.769507,6.005116,5552.434805,6.126056,5754.969944,2.391153,21.814403,-4.094461,Yahoo Finance via yfinance,0.413233,-0.814078,0.332449,2.591050,8.160604,-1.046569,1.290263,-2.124196,2.831015,-2.124196,9.069710
2025-05-16,2025-05-15,2025-05-16T00:00:00Z,70.600000,greed,1.457143,10.571429,68.565714,45.264286,1.309705,Thursday,2025-05-15,0,True,Thursday,^GSPC,5869.819824,5924.209961,5865.160156,5916.930176,5916.930176,4991290000,5892.580078,0.413233,-0.386253,0.802586,1.002104,0.413233,4.466683,5.581410,12.154405,-3.698148,13.320328,5590.831006,5.832750,5553.920811,6.536092,5757.236895,2.773783,19.370496,-3.698148,Yahoo Finance via yfinance,0.700527,-1.266204,-0.088563,1.014716,8.937567,-1.539825,0.873421,-2.526986,2.407832,-2.526986,8.950919
2025-05-19,2025-05-18,2025-05-19T00:00:00Z,69.742857,greed,-0.857143,5.257143,69.617143,48.132857,1.171718,Sunday,2025-05-16,2,False,Friday,^GSPC,5929.089844,5958.620117,5907.359863,5958.379883,5958.379883,4850850000,5916.930176,0.700527,0.205506,0.494006,0.866332,0.700527,5.273400,4.778015,12.790423,-2.601383,13.564763,5624.614990,5.934004,5558.318008,7.197535,5759.846594,3.446850,19.300461,-3.023527,Yahoo Finance via yfinance,0.087611,-2.610778,-0.376611,1.254200,8.529167,-3.205061,0.171691,-3.205061,1.695428,-3.205061,8.759091
2025-05-20,2025-05-19,2025-05-20T00:00:00Z,69.171429,greed,-0.571428,0.971429,69.811429,50.911429,1.067582,Monday,2025-05-19,0,True,Monday,^GSPC,5902.879883,5968.609863,5895.689941,5963.600098,5963.600098,4144010000,5958.379883,0.087611,-0.931461,1.028654,1.223821,0.087611,2.043229,5.543348,15.613971,-0.823694,12.347997,5664.884985,5.273101,5562.186006,7.216840,5762.053096,3.497833,15.980886,-2.938564,Yahoo Finance via yfinance,-0.388023,-0.705280,0.113522,0.320614,8.467032,-3.289790,-0.176740,-3.289790,1.606409,-3.289790,8.663889
2025-05-21,2025-05-20,2025-05-21T00:00:00Z,66.228571,greed,-2.942858,-4.171429,68.977143,53.145714,0.820492,Tuesday,2025-05-20,0,True,Tuesday,^GSPC,5944.660156,5953.060059,5909.259766,5940.459961,5940.459961,4416850000,5963.600098,-0.388023,-0.317592,-0.070655,0.734461,-0.388023,0.915819,5.948906,12.343605,-0.715164,12.145511,5697.519995,4.263960,5568.704004,6.675807,5764.521995,3.052082,14.983456,-3.315185,Yahoo Finance via yfinance,-1.613513,-0.873841,0.510905,0.680253,8.574081,-2.913071,-0.009091,-2.913071,2.002201,-2.913071,9.105017
2025-05-22,2025-05-21,2025-05-22T00:00:00Z,66.800000,greed,0.571429,-2.342857,68.508571,55.281429,0.785903,Wednesday,2025-05-21,0,True,Wednesday,^GSPC,5910.180176,5938.370117,5830.910156,5844.609863,5844.609863,5254250000,5940.459961,-1.613513,-0.509721,-1.109447,1.808950,-1.613513,-0.814078,3.788305,8.719535,-1.857859,10.207661,5720.957495,2.161393,5574.154805,4.851947,5767.012244,1.345543,16.316326,-4.875207,Yahoo Finance via yfinance,-0.044487,1.155938,1.620124,2.108438,10.343548,-1.320870,1.685656,-1.320870,3.675011,-1.320870,10.894311
2025-05-23,2025-05-22,2025-05-23T00:00:00Z,64.085714,greed,-2.714286,-6.514286,67.205714,56.760000,0.526102,Thursday,2025-05-22,0,True,Thursday,^GSPC,5841.259766,5878.080078,5825.819824,5842.009766,5842.009766,5157050000,5844.609863,-0.044487,-0.057319,0.012840,0.894162,-0.044487,-1.266204,3.143921,6.513304,-1.914861,10.057777,5738.819482,1.798110,5579.009004,4.714113,5770.290642,1.242903,15.239682,-4.917525,Yahoo Finance via yfinance,-0.670830,1.192743,2.710541,3.135225,9.745967,-1.276951,1.730913,-1.276951,3.721153,-1.276951,10.943667
2025-05-27,2025-05-26,2025-05-27T00:00:00Z,65.742857,greed,1.657143,-4.000000,66.405714,58.440000,0.571525,Monday,2025-05-23,3,False,Friday,^GSPC,5781.890137,5829.509766,5767.410156,5802.819824,5802.819824,4662820000,5842.009766,-0.670830,-1.029092,0.361987,1.062984,-0.670830,-2.610778,2.524946,5.024422,-1.002291,9.046656,5752.699976,0.871240,5584.635000,3.906877,5773.104592,0.514718,15.545309,-5.555367,Yahoo Finance via yfinance,2.045906,2.294059,3.499334,4.986547,10.218480,0.703801,2.417963,0.703801,5.151632,0.703801,11.692936
2025-05-28,2025-05-27,2025-05-28T00:00:00Z,64.742857,greed,-1.000000,-4.428572,65.520000,60.040000,0.415817,Tuesday,2025-05-27,0,True,Tuesday,^GSPC,5854.069824,5924.330078,5854.069824,5921.540039,5921.540039,5366380000,5802.819824,2.045906,0.883191,1.152535,1.210795,2.045906,-0.705280,1.323538,7.104500,-0.553530,11.579596,5772.339478,2.584750,5590.287002,5.925510,5776.714792,2.507052,16.774228,-3.623119,Yahoo Finance via yfinance,-0.557123,0.824618,1.980397,2.881347,7.576237,-1.315196,1.010042,-1.315196,3.157451,-1.315196,9.453619
2025-05-29,2025-05-28,2025-05-29T00:00:00Z,64.457143,greed,-0.285714,-1.771428,65.165714,61.644286,0.303424,Wednesday,2025-05-28,0,True,Wednesday,^GSPC,5925.540039,5939.919922,5881.879883,5888.549805,5888.549805,4665050000,5921.540039,-0.557123,0.067550,-0.624251,0.980151,-0.557123,-0.873841,0.033976,5.893360,0.663785,11.783007,5788.725464,1.724461,5594.555596,5.255006,5779.560991,1.885763,17.049868,-4.160056,Yahoo Finance via yfinance,0.401119,1.396953,2.270346,4.287477,9.821779,-0.762321,1.730989,-0.762321,4.380879,-0.762321,10.066826
2025-05-30,2025-05-29,2025-05-30T00:00:00Z,61.914286,greed,-2.542857,-4.885714,64.188571,62.677143,-0.096153,Thursday,2025-05-29,0,True,Thursday,^GSPC,5939.959961,5943.129883,5873.799805,5912.169922,5912.169922,4569750000,5888.549805,0.401119,0.873053,-0.467849,1.177371,0.401119,1.155938,0.332449,6.161001,2.319428,11.451117,5805.880957,1.830712,5600.505791,5.564928,5782.401040,2.244204,17.045158,-3.775624,Yahoo Finance via yfinance,-0.008119,0.458882,2.251117,4.412930,8.916352,-1.158792,1.480510,-1.158792,4.660053,-1.158792,9.627090
2025-06-02,2025-06-01,2025-06-02T00:00:00Z,62.428571,greed,0.514285,-1.657143,63.857143,63.884286,-0.265326,Sunday,2025-05-30,2,False,Friday,^GSPC,5903.669922,5922.140137,5843.660156,5911.689941,5911.689941,6378540000,5912.169922,-0.008119,-0.143771,0.135848,1.327431,-0.008119,1.192743,-0.088563,5.487904,1.182003,11.414349,5821.258447,1.553470,5605.233789,5.467321,5785.237539,2.185777,17.034212,-3.783436,Yahoo Finance via yfinance,0.410204,1.499908,1.104257,4.960684,9.375492,-0.850176,1.779190,-0.850176,5.132037,-0.850176,9.635991
2025-06-03,2025-06-02,2025-06-03T00:00:00Z,54.571429,neutral,-7.857142,-11.171428,61.622857,63.960000,-1.758928,Monday,2025-06-02,0,True,Monday,^GSPC,5896.680176,5937.399902,5861.430176,5935.939941,5935.939941,4832240000,5911.689941,0.410204,-0.253900,0.665794,1.285076,0.410204,2.294059,-0.376611,4.383409,3.440258,12.701653,5833.721948,1.752192,5610.694785,5.796878,5787.745088,2.560494,16.449156,-3.388751,Yahoo Finance via yfinance,0.580029,1.178245,1.636976,4.414968,9.189108,-0.248314,1.438190,-0.248314,4.702543,-0.248314,9.284463
2025-06-04,2025-06-03,2025-06-04T00:00:00Z,54.885714,neutral,0.314285,-9.857143,59.651429,63.971429,-1.708835,Tuesday,2025-06-03,0,True,Tuesday,^GSPC,5938.560059,5981.350098,5929.000000,5970.370117,5970.370117,5026680000,5935.939941,0.580029,0.044140,0.535653,0.881918,0.580029,0.824618,0.113522,5.663163,3.469029,14.036729,5849.721460,2.062468,5616.750986,6.295795,5790.320889,3.109486,16.172488,-2.828378,Yahoo Finance via yfinance,0.007369,1.146327,0.206856,4.305425,8.902124,-0.823566,1.216669,-0.823566,4.308443,-0.823566,9.008819
2025-06-05,2025-06-04,2025-06-05T00:00:00Z,57.971429,greed,3.085715,-6.485714,58.354286,64.162857,-1.237262,Wednesday,2025-06-04,0,True,Wednesday,^GSPC,5978.939941,5990.479980,5966.109863,5970.810059,5970.810059,4767050000,5970.370117,0.007369,0.143539,-0.135975,0.408184,0.007369,1.396953,0.510905,6.490204,6.345110,13.136883,5867.916455,1.753495,5620.815791,6.226752,5792.458838,3.079024,15.732676,-2.821218,Yahoo Finance via yfinance,-0.527738,0.861360,0.168487,5.167474,8.197375,-0.830873,1.483716,-0.830873,5.256236,-0.830873,9.000787
2025-06-06,2025-06-05,2025-06-06T00:00:00Z,61.771429,greed,3.800000,-0.142857,58.325714,64.368571,-0.540717,Thursday,2025-06-05,0,True,Thursday,^GSPC,5985.669922,5999.700195,5921.200195,5939.299805,5939.299805,5091850000,5970.810059,-0.527738,0.248875,-0.774686,1.314729,-0.527738,0.458882,1.620124,5.469805,6.590549,12.414353,5883.317456,0.951544,5624.068789,5.605035,5794.384087,2.500968,16.007754,-3.334067,Yahoo Finance via yfinance,1.028068,1.784048,0.480529,4.894183,8.018458,0.662201,2.022126,0.066172,5.814660,0.066172,9.579078
2025-06-09,2025-06-08,2025-06-09T00:00:00Z,63.428571,greed,1.657142,1.000000,58.525714,64.538571,-0.236144,Sunday,2025-06-06,2,False,Friday,^GSPC,5987.060059,6016.870117,5978.629883,6000.359863,6000.359863,4355710000,5939.299805,1.028068,0.804139,0.222142,0.643851,1.028068,1.499908,2.710541,5.939680,7.162682,13.399631,5900.138452,1.698628,5629.831982,6.581509,5796.344636,3.519722,16.200179,-2.340276,Yahoo Finance via yfinance,0.091995,-0.389804,0.413476,3.752444,7.464551,-0.619128,0.983942,-0.952108,4.737883,-0.952108,8.463994
2025-06-10,2025-06-09,2025-06-10T00:00:00Z,64.000000,greed,0.571429,9.428571,60.411429,64.514286,-0.109374,Monday,2025-06-09,0,True,Monday,^GSPC,6004.629883,6021.310059,5994.180176,6005.879883,6005.879883,4642360000,6000.359863,0.091995,0.071163,0.020817,0.452138,0.091995,1.178245,3.499334,6.112636,8.772220,12.174943,5917.436938,1.494616,5636.083379,6.561232,5798.388435,3.578433,16.161738,-2.250434,Yahoo Finance via yfinance,0.548299,0.453389,1.436930,4.285465,8.261907,-0.710469,0.891127,-1.043143,4.641618,-1.043143,8.364305
2025-06-11,2025-06-10,2025-06-11T00:00:00Z,64.200000,greed,0.200000,9.314286,62.274286,64.314286,-0.024730,Tuesday,2025-06-10,0,True,Tuesday,^GSPC,6009.910156,6043.009766,6000.279785,6038.810059,6038.810059,4882880000,6005.879883,0.548299,0.067105,0.480871,0.711469,0.548299,1.146327,1.980397,3.330147,7.091229,12.812539,5927.167944,1.883566,5645.240781,6.971700,5800.478235,4.108831,11.891854,-1.714474,Yahoo Finance via yfinance,-0.274389,-0.928823,0.883454,4.001615,7.330748,-1.251904,0.340959,-1.582763,4.163240,-1.582763,8.177767
2025-06-12,2025-06-11,2025-06-12T00:00:00Z,64.600000,greed,0.400000,6.628571,63.600000,64.024286,0.130966,Wednesday,2025-06-11,0,True,Wednesday,^GSPC,6049.379883,6059.399902,6002.319824,6022.240234,6022.240234,5111550000,6038.810059,-0.274389,0.175032,-0.448635,0.945221,-0.274389,0.861360,2.270346,2.305093,6.116525,12.628600,5933.952466,1.487841,5653.448584,6.523304,5802.736235,3.782767,11.798312,-1.984158,Yahoo Finance via yfinance,0.382242,-0.686956,1.972352,3.943877,7.852720,-0.980205,0.474738,-1.311974,4.449839,-1.311974,8.475412
2025-06-13,2025-06-12,2025-06-13T00:00:00Z,59.542857,greed,-5.057143,-2.228572,63.154286,63.544286,-0.923853,Thursday,2025-06-12,0,True,Thursday,^GSPC,6009.899902,6045.430176,6003.879883,6045.259766,6045.259766,4669500000,6022.240234,0.382242,-0.204913,0.588360,0.689947,0.382242,1.784048,2.251117,2.591050,7.669202,12.768076,5941.586450,1.744876,5661.692383,6.774783,5804.789485,4.142618,11.835595,-1.609501,Yahoo Finance via yfinance,-1.129638,-1.280672,2.114219,3.693808,7.730852,-1.533428,0.092143,-1.687765,4.052108,-1.687765,8.062352
2025-06-16,2025-06-15,2025-06-16T00:00:00Z,61.114286,greed,1.571429,-2.314285,62.691429,63.070000,-0.485699,Sunday,2025-06-13,2,False,Friday,^GSPC,6000.560059,6026.160156,5963.209961,5976.970215,5976.970215,5258910000,6045.259766,-1.129638,-0.739417,-0.393127,1.041315,-1.129638,-0.389804,1.104257,1.014716,5.315679,11.192830,5944.588452,0.544727,5667.812383,5.454624,5806.590137,2.934254,12.590017,-2.720957,Yahoo Finance via yfinance,0.939266,0.806424,3.814307,4.463625,9.286809,-0.564504,1.235741,-0.564504,5.438706,-0.564504,9.687182
2025-06-17,2025-06-16,2025-06-17T00:00:00Z,57.428571,greed,-3.685715,-6.571429,61.377143,62.454286,-1.291367,Monday,2025-06-16,0,True,Monday,^GSPC,6004.000000,6050.830078,6004.000000,6033.109863,6033.109863,5111710000,5976.970215,0.939266,0.452232,0.484841,0.783509,0.939266,0.453389,1.636976,1.254200,6.537646,11.290845,5948.324951,1.425358,5680.544180,6.206548,5808.626687,3.864651,12.779842,-1.807248,Yahoo Finance via yfinance,-0.835218,0.979102,2.733249,3.822081,9.188633,-1.489777,1.137886,-1.489777,4.457571,-1.489777,9.278470
2025-06-18,2025-06-17,2025-06-18T00:00:00Z,54.285714,neutral,-3.142857,-9.914286,59.394286,61.710000,-1.873723,Tuesday,2025-06-17,0,True,Tuesday,^GSPC,6012.149902,6023.250000,5974.799805,5982.720215,5982.720215,4955700000,6033.109863,-0.835218,-0.347416,-0.489504,0.803072,-0.835218,-0.928823,0.206856,0.320614,5.560773,10.103169,5949.280957,0.562072,5698.716982,4.983635,5810.579387,2.962542,13.172369,-2.627372,Yahoo Finance via yfinance,-0.030924,1.829267,4.090108,5.259140,10.055122,-0.660072,2.102548,-0.660072,5.381661,-0.660072,10.321221
2025-06-20,2025-06-19,2025-06-20T00:00:00Z,54.514286,neutral,0.228572,-10.085714,57.377143,61.124286,-1.603660,Thursday,2025-06-18,1,False,Wednesday,^GSPC,5987.930176,6018.250000,5971.890137,5980.870117,5980.870117,5106470000,5982.720215,-0.030924,0.087083,-0.117905,0.774896,-0.030924,-0.686956,0.168487,0.680253,3.698270,10.112490,5951.301465,0.496843,5717.089385,4.613899,5812.523938,2.896266,13.086633,-2.657484,Yahoo Finance via yfinance,-0.217866,2.677702,4.990578,5.282173,10.607314,-0.629342,2.769662,-0.629342,5.596840,-0.629342,10.679884
2025-06-23,2025-06-22,2025-06-23T00:00:00Z,56.600000,greed,2.085714,-2.942857,56.788571,60.614286,-1.000528,Sunday,2025-06-20,2,False,Friday,^GSPC,5999.669922,6018.200195,5952.560059,5967.839844,5967.839844,7451500000,5980.870117,-0.217866,0.314332,-0.530530,1.097501,-0.217866,-1.280672,0.480529,2.108438,3.309703,9.036892,5957.462964,0.174183,5736.790781,4.027497,5814.121138,2.643886,11.605761,-2.869560,Yahoo Finance via yfinance,0.960650,3.438932,4.392546,5.659674,10.706050,-0.412375,3.683751,-0.412375,6.170411,-0.412375,11.045042
2025-06-24,2025-06-23,2025-06-24T00:00:00Z,57.885714,greed,1.285714,-3.228572,56.142857,60.304286,-0.609347,Monday,2025-06-23,0,True,Monday,^GSPC,5969.669922,6028.770020,5943.229980,6025.169922,6025.169922,5597000000,5967.839844,0.960650,0.030666,0.929700,1.433350,0.960650,0.806424,0.413476,3.135225,5.478970,9.807494,5966.620972,0.981275,5748.156182,4.819176,5816.602336,3.585729,11.974427,-1.936476,Yahoo Finance via yfinance,1.112172,2.983821,3.325219,4.721032,9.546290,0.565628,3.151947,0.565628,5.160189,0.565628,9.988437
2025-06-25,2025-06-24,2025-06-25T00:00:00Z,59.257143,greed,1.371429,1.828572,56.508571,59.980000,-0.192204,Tuesday,2025-06-24,0,True,Tuesday,^GSPC,6061.209961,6101.759766,6059.250000,6092.180176,6092.180176,5443690000,6025.169922,1.112172,0.598158,0.510958,0.705536,1.112172,0.979102,1.436930,4.986547,7.005944,11.309904,5981.088989,1.857374,5764.638789,5.681907,5819.462888,4.686297,12.011755,-0.845841,Yahoo Finance via yfinance,-0.000329,1.737138,2.808183,4.378235,8.860207,-0.198457,2.017339,-0.198457,4.406632,-0.198457,9.267940
2025-06-26,2025-06-25,2025-06-26T00:00:00Z,63.000000,greed,3.742857,8.714286,58.251429,59.892857,0.848102,Wednesday,2025-06-25,0,True,Wednesday,^GSPC,6104.229980,6108.509766,6080.089844,6092.160156,6092.160156,5171110000,6092.180176,-0.000329,0.197791,-0.197729,0.466498,-0.000329,1.829267,0.883454,2.881347,9.160110,11.483690,5989.619995,1.711964,5779.214795,5.415015,5822.406638,4.633024,9.967915,-0.846167,Yahoo Finance via yfinance,0.802012,2.220227,3.090854,4.451458,9.392394,0.248021,2.223184,0.248021,4.746262,0.248021,9.514846
2025-06-27,2025-06-26,2025-06-27T00:00:00Z,64.800000,greed,1.800000,10.285714,60.308571,59.910000,1.326334,Thursday,2025-06-26,0,True,Thursday,^GSPC,6112.089844,6146.520020,6107.270020,6141.020020,6141.020020,5308140000,6092.160156,0.802012,0.327137,0.473327,0.644271,0.802012,2.677702,1.972352,4.287477,9.429509,12.723319,6002.243506,2.312077,5793.915791,5.990840,5826.069639,5.405881,9.866969,-0.050941,Yahoo Finance via yfinance,0.521897,2.252559,1.933392,4.032231,9.000622,-0.141180,2.338860,-0.141180,4.149145,-0.141180,9.084156
2025-06-30,2025-06-29,2025-06-30T00:00:00Z,69.228571,greed,4.428571,12.628571,62.834286,60.275714,2.121376,Sunday,2025-06-27,2,False,Friday,^GSPC,6150.700195,6187.680176,6132.350098,6173.069824,6173.069824,7889350000,6141.020020,0.521897,0.157631,0.363692,0.900992,0.521897,3.438932,2.114219,4.412930,9.586247,12.867644,6015.288501,2.623005,5809.444590,6.259208,5829.579739,5.892193,9.906911,0.000000,Yahoo Finance via yfinance,0.516443,0.921910,1.546884,3.510412,7.838079,0.030785,1.807530,0.030785,3.693462,0.030785,8.528175
2025-07-01,2025-06-30,2025-07-01T00:00:00Z,67.542857,greed,-1.685714,9.657143,64.765714,60.531429,1.557028,Monday,2025-06-30,0,True,Monday,^GSPC,6193.359863,6215.080078,6174.970215,6204.950195,6204.950195,5782900000,6173.069824,0.516443,0.328686,0.187141,0.649756,0.516443,2.983821,3.814307,4.960684,9.416025,13.272427,6029.951514,2.902157,5828.029590,6.467376,5833.126890,6.374339,9.923085,0.000000,Yahoo Finance via yfinance,-0.111853,0.331507,0.625461,2.673828,6.978622,-0.434814,1.284454,-0.434814,3.292687,-0.434814,7.970569
2025-07-02,2025-07-01,2025-07-02T00:00:00Z,63.714286,greed,-3.828571,4.457143,65.657143,60.988571,0.629957,Tuesday,2025-07-01,0,True,Tuesday,^GSPC,6187.250000,6210.779785,6177.970215,6198.009766,6198.009766,6275310000,6204.950195,-0.111853,-0.285259,0.173902,0.528764,-0.111853,1.737138,2.733249,4.414968,14.851974,13.043162,6043.055005,2.564179,5846.335781,6.015289,5836.346289,6.196745,9.980139,-0.111853,Yahoo Finance via yfinance,0.474510,1.052757,1.059863,2.660372,6.561952,-0.156820,1.397870,-0.156820,3.408352,-0.156820,8.091472
2025-07-03,2025-07-02,2025-07-03T00:00:00Z,77.628571,extreme greed,13.914285,14.628571,68.582857,62.125714,2.831690,Wednesday,2025-07-02,0,True,Wednesday,^GSPC,6193.879883,6227.600098,6188.290039,6227.419922,6227.419922,5645710000,6198.009766,0.474510,-0.066632,0.541503,0.634237,0.474510,2.220227,4.090108,4.305425,22.730028,14.045284,6055.907495,2.832151,5867.720176,6.130145,5839.504590,6.642949,9.936321,0.000000,Yahoo Finance via yfinance,0.833896,0.851718,1.123097,1.798019,6.684635,-0.424251,1.008448,-0.424251,3.205181,-0.424251,7.580990
2025-07-07,2025-07-06,2025-07-07T00:00:00Z,75.085714,extreme greed,-2.542857,10.285714,70.640000,62.981429,1.986336,Sunday,2025-07-03,3,False,Thursday,^GSPC,6246.459961,6284.649902,6246.459961,6279.350098,6279.350098,3378110000,6227.419922,0.833896,0.305745,0.526540,0.613255,0.833896,2.252559,4.990578,5.167474,24.042671,14.689444,6071.334497,3.426192,5887.551982,6.654686,5842.771240,7.472120,10.140663,0.000000,Yahoo Finance via yfinance,-0.786230,-0.312136,0.277735,-0.658354,6.081200,-1.247742,0.173109,-1.247742,2.351675,-1.247742,6.691296
2025-07-08,2025-07-07,2025-07-08T00:00:00Z,74.628571,greed,-0.457143,5.400000,71.720000,63.624286,1.663467,Monday,2025-07-07,0,True,Monday,^GSPC,6259.040039,6262.069824,6201.000000,6229.979980,6229.979980,5236740000,6279.350098,-0.786230,-0.323442,-0.464289,0.972550,-0.786230,0.921910,4.392546,4.894183,25.030454,13.087111,6085.868506,2.367969,5904.634385,5.510004,5845.755691,6.572705,10.442049,-0.786230,Yahoo Finance via yfinance,-0.071589,0.619265,1.213810,1.604499,7.359253,-0.196308,0.966941,-0.455702,3.162772,-0.455702,7.536782
2025-07-09,2025-07-08,2025-07-09T00:00:00Z,75.914286,extreme greed,1.285715,8.371429,73.394286,64.248571,1.628755,Tuesday,2025-07-08,0,True,Tuesday,^GSPC,6234.029785,6242.700195,6217.750000,6225.520020,6225.520020,5739030000,6229.979980,-0.071589,0.065005,-0.136505,0.400486,-0.071589,0.331507,3.325219,3.752444,14.085289,12.434486,6097.126514,2.105804,5919.449385,5.170593,5848.710391,6.442610,10.065859,-0.857256,Yahoo Finance via yfinance,0.606210,0.292983,1.350893,1.183354,7.801439,0.094934,1.229135,-0.384388,3.236677,-0.384388,7.918374
2025-07-10,2025-07-09,2025-07-10T00:00:00Z,76.971429,extreme greed,1.057143,13.257143,76.045714,64.897143,1.566996,Wednesday,2025-07-09,0,True,Wednesday,^GSPC,6243.330078,6269.160156,6231.430176,6263.259766,6263.259766,4813340000,6225.520020,0.606210,0.286081,0.319216,0.606053,0.606210,1.052757,2.808183,4.285465,18.891430,12.503073,6109.995508,2.508419,5934.210381,5.544957,5851.935391,7.028861,10.166970,-0.256242,Yahoo Finance via yfinance,0.274620,0.007032,1.527166,1.306034,7.218132,-0.984630,0.619171,-0.984630,2.614617,-0.984630,7.483007
2025-07-11,2025-07-10,2025-07-11T00:00:00Z,75.257143,extreme greed,-1.714286,-2.371428,75.571429,65.450000,1.219485,Thursday,2025-07-10,0,True,Thursday,^GSPC,6266.799805,6290.220215,6251.439941,6280.459961,6280.459961,5367350000,6263.259766,0.274620,0.056521,0.217977,0.619171,0.274620,0.851718,3.090854,4.001615,17.099358,12.697450,6122.078003,2.587062,5949.244580,5.567352,5854.769490,7.270832,10.093039,0.000000,Yahoo Finance via yfinance,-0.329752,0.269087,1.319810,0.948020,6.931500,-1.255802,0.385799,-1.255802,2.333588,-1.255802,7.490059
2025-07-14,2025-07-13,2025-07-14T00:00:00Z,76.114286,extreme greed,0.857143,1.028572,75.777143,66.025714,1.203470,Sunday,2025-07-11,2,False,Friday,^GSPC,6255.680176,6269.439941,6237.600098,6259.750000,6259.750000,4656210000,6280.459961,-0.329752,-0.394554,0.065058,0.506967,-0.329752,-0.312136,1.933392,3.943877,15.793276,12.242648,6133.953491,2.050823,5963.222979,4.972597,5857.555491,6.866252,10.129276,-0.329752,Yahoo Finance via yfinance,0.140741,0.591718,2.059030,2.071971,7.676501,-0.929113,0.892366,-0.929113,2.672152,-0.929113,7.845683
2025-07-15,2025-07-14,2025-07-15T00:00:00Z,73.485714,greed,-2.628572,-1.142857,75.548572,66.722857,0.805567,Monday,2025-07-14,0,True,Monday,^GSPC,6255.149902,6273.310059,6239.220215,6268.560059,6268.560059,4722250000,6259.750000,0.140741,-0.073487,0.214386,0.544588,0.140741,0.619265,1.546884,3.693808,16.156939,11.264821,6145.118506,2.008774,5977.212979,4.874296,5860.305442,6.966439,10.106482,-0.189475,Yahoo Finance via yfinance,-0.395630,0.590886,1.933617,1.673273,7.115347,-1.068351,1.077122,-1.068351,2.527853,-1.068351,7.751863
2025-07-16,2025-07-15,2025-07-16T00:00:00Z,72.942857,greed,-0.542857,-2.971429,74.954286,67.314286,0.670396,Tuesday,2025-07-15,0,True,Tuesday,^GSPC,6295.290039,6302.040039,6241.680176,6243.759766,6243.759766,5133670000,6268.560059,-0.395630,0.426413,-0.818553,0.962898,-0.395630,0.292983,0.625461,4.463625,18.349405,11.804369,6158.457983,1.385116,5990.005371,4.236297,5862.859590,6.496833,9.130329,-0.584355,Yahoo Finance via yfinance,0.319366,1.054819,2.035634,3.235230,8.167522,-0.675393,1.478601,-0.675393,3.247883,-0.675393,8.198271
2025-07-17,2025-07-16,2025-07-17T00:00:00Z,74.171429,greed,1.228572,-2.800000,74.394286,68.151429,0.734997,Wednesday,2025-07-16,0,True,Wednesday,^GSPC,6254.500000,6268.120117,6201.589844,6263.700195,6263.700195,5177460000,6243.759766,0.319366,0.172015,0.147097,1.065548,0.319366,0.007032,1.059863,3.822081,18.570049,11.546032,6169.987500,1.518847,6001.545977,4.368111,5865.566792,6.787637,8.739560,-0.266856,Yahoo Finance via yfinance,0.537377,1.520027,1.583724,3.238978,7.526057,-0.022833,1.547647,-0.814379,3.457694,-0.814379,7.996549
2025-07-18,2025-07-17,2025-07-18T00:00:00Z,73.942857,greed,-0.228572,-1.314286,74.131429,69.134286,0.632958,Thursday,2025-07-17,0,True,Thursday,^GSPC,6263.399902,6304.689941,6262.270020,6297.359863,6297.359863,5512290000,6263.700195,0.537377,-0.004794,0.542197,0.677234,0.537377,0.269087,1.123097,5.259140,22.084441,11.829401,6185.719482,1.804808,6014.485576,4.703217,5868.326741,7.310996,7.925979,0.000000,Yahoo Finance via yfinance,-0.009049,1.047903,0.667427,2.718285,4.051696,-0.248515,1.333101,-1.344530,2.904708,-1.344530,7.419303
2025-07-21,2025-07-20,2025-07-21T00:00:00Z,73.285714,greed,-0.657143,-2.828572,73.565714,70.072857,0.471439,Sunday,2025-07-18,2,False,Friday,^GSPC,6312.950195,6315.609863,6285.270020,6296.790039,6296.790039,5184700000,6297.359863,-0.009049,0.247569,-0.255984,0.481787,-0.009049,0.591718,0.277735,5.282173,19.082377,11.109363,6201.515479,1.536311,6028.283174,4.454118,5871.119841,7.250239,7.915785,-0.009049,Yahoo Finance via yfinance,0.139913,1.458681,-0.933496,2.429965,5.684328,-0.239488,1.572703,-1.335603,2.930855,-1.335603,7.429024
2025-07-22,2025-07-21,2025-07-22T00:00:00Z,73.885714,greed,0.600000,0.400000,73.645714,70.937143,0.485599,Monday,2025-07-21,0,True,Monday,^GSPC,6304.740234,6336.080078,6303.790039,6305.600098,6305.600098,5010840000,6296.790039,0.139913,0.126258,0.013638,0.512802,0.139913,0.590886,1.213810,5.659674,17.294726,12.836353,6218.403491,1.402235,6041.769580,4.366776,5873.835442,7.350643,7.729679,0.000000,Yahoo Finance via yfinance,0.063753,1.334844,0.386004,2.276545,5.371574,-0.378872,1.514047,-1.473455,2.787042,-1.473455,7.278926
2025-07-23,2025-07-22,2025-07-23T00:00:00Z,76.371429,extreme greed,2.485715,3.428572,74.331429,71.861429,0.843924,Tuesday,2025-07-22,0,True,Tuesday,^GSPC,6306.600098,6316.120117,6281.709961,6309.620117,6309.620117,5662040000,6305.600098,0.063753,0.015859,0.047887,0.545708,0.063753,1.054819,1.350893,4.721032,15.038919,13.797779,6232.626001,1.235340,6054.683184,4.210574,5876.839792,7.364167,7.322103,0.000000,Yahoo Finance via yfinance,0.781189,0.970577,-0.165306,1.612617,5.728395,0.124732,1.579170,-1.536228,2.721554,-1.536228,7.210576
2025-07-24,2025-07-23,2025-07-24T00:00:00Z,75.257143,extreme greed,-1.114286,1.085714,74.548571,72.661429,0.578528,Wednesday,2025-07-23,0,True,Wednesday,^GSPC,6326.899902,6360.640137,6317.490234,6358.910156,6358.910156,5642510000,6309.620117,0.781189,0.273864,0.505939,0.683875,0.781189,1.520027,1.527166,4.378235,15.089023,15.511538,6245.962500,1.808331,6068.663184,4.782717,5880.086643,8.143137,6.874966,0.000000,Yahoo Finance via yfinance,0.069822,0.062743,-0.217806,0.579811,4.248522,-0.354310,0.791796,-2.299454,1.925325,-2.299454,6.379551
2025-07-25,2025-07-24,2025-07-25T00:00:00Z,74.657143,greed,-0.600000,0.714286,74.691429,73.244286,0.363948,Thursday,2025-07-24,0,True,Thursday,^GSPC,6368.600098,6381.310059,6360.569824,6363.350098,6363.350098,5282720000,6358.910156,0.069822,0.152384,-0.082436,0.326160,0.069822,1.047903,1.319810,4.451458,15.095638,14.358035,6259.521997,1.658723,6079.046387,4.676781,5883.403694,8.157632,6.850239,0.000000,Yahoo Finance via yfinance,0.397433,-0.376531,-0.366947,0.107173,4.724864,-0.561182,1.000572,-2.367623,1.854208,-2.367623,6.305326
2025-07-28,2025-07-27,2025-07-28T00:00:00Z,73.800000,greed,-0.857143,0.514286,74.794286,73.694286,0.031701,Sunday,2025-07-25,2,False,Friday,^GSPC,6370.009766,6395.819824,6368.529785,6388.640137,6388.640137,4470720000,6363.350098,0.397433,0.104657,0.292470,0.428863,0.397433,1.458681,2.059030,4.032231,14.886448,14.991700,6271.903003,1.861271,6089.088193,4.919488,5886.591545,8.528681,6.536822,0.000000,Yahoo Finance via yfinance,0.017686,-2.357785,0.012680,1.225144,5.423529,-2.754110,0.600752,-2.754110,1.451008,-2.754110,5.884506
2025-07-29,2025-07-28,2025-07-29T00:00:00Z,70.628571,greed,-3.171429,-3.257143,74.142857,73.764286,-0.964938,Monday,2025-07-28,0,True,Monday,^GSPC,6397.689941,6401.069824,6375.790039,6389.770020,6389.770020,4565620000,6388.640137,0.017686,0.141655,-0.123793,0.395699,0.017686,1.334844,1.933617,3.510412,14.736957,17.737555,6282.738013,1.703589,6099.031992,4.766954,5890.060696,8.483942,6.450581,0.000000,Yahoo Finance via yfinance,-0.295944,-0.936342,-0.255406,0.775455,5.408334,-2.771306,0.582963,-2.771306,1.433069,-2.771306,5.865783
2025-07-30,2025-07-29,2025-07-30T00:00:00Z,68.028571,greed,-2.600000,-8.342858,72.474286,73.788571,-1.798775,Tuesday,2025-07-29,0,True,Tuesday,^GSPC,6405.620117,6409.259766,6363.919922,6370.859863,6370.859863,5076120000,6389.770020,-0.295944,0.248054,-0.542652,0.709569,-0.295944,0.970577,2.035634,2.673828,13.681309,17.995926,6291.033496,1.268891,6108.110586,4.301646,5893.159346,8.106017,6.521819,-0.295944,Yahoo Finance via yfinance,-0.124943,-1.124965,1.175664,1.492421,5.156918,-2.482709,0.881516,-2.482709,1.734146,-2.482709,6.180017
2025-07-31,2025-07-30,2025-07-31T00:00:00Z,63.714286,greed,-4.314285,-11.542857,70.165714,73.788571,-3.146071,Wednesday,2025-07-30,0,True,Wednesday,^GSPC,6381.229980,6396.540039,6336.379883,6362.899902,6362.899902,5375070000,6370.859863,-0.124943,0.162774,-0.287250,0.944302,-0.124943,0.062743,1.583724,2.660372,11.891493,16.555839,6299.278003,1.009987,6116.200986,4.033532,5896.013645,7.918677,6.528495,-0.420518,Yahoo Finance via yfinance,-0.369482,-0.280373,1.629448,1.862358,5.902027,-2.360715,1.007718,-2.360715,1.951314,-2.360715,6.312848
2025-08-01,2025-07-31,2025-08-01T00:00:00Z,49.800000,neutral,-13.914286,-24.857143,65.194286,72.397143,-3.678988,Thursday,2025-07-31,0,True,Thursday,^GSPC,6427.020020,6427.020020,6327.640137,6339.390137,6339.390137,6077080000,6362.899902,-0.369482,1.007718,-1.363461,1.561865,-0.369482,-0.376531,0.667427,1.798019,12.194052,16.030817,6304.876514,0.547412,6123.716787,3.521935,5898.810347,7.468960,6.628135,-0.788446,Yahoo Finance via yfinance,-1.599213,0.009620,2.037261,2.562861,7.134753,-1.998618,0.793764,-1.998618,2.663345,-1.998618,7.377992
2025-08-04,2025-08-03,2025-08-04T00:00:00Z,56.885714,greed,7.085714,-16.914286,61.811428,71.487143,-2.082985,Sunday,2025-08-01,2,False,Friday,^GSPC,6287.279785,6287.279785,6212.689941,6238.009766,6238.009766,5827150000,6339.390137,-1.599213,-0.822009,-0.783646,1.176609,-1.599213,-2.357785,-0.933496,-0.658354,11.255747,14.744388,6302.809497,-1.028109,6129.667783,1.767502,5900.925247,5.712401,8.397045,-2.375050,Yahoo Finance via yfinance,1.473710,2.427704,3.395154,3.562835,10.214001,0.540240,2.519239,0.540240,4.331834,0.540240,10.247980
2025-08-05,2025-08-04,2025-08-05T00:00:00Z,55.028571,greed,-1.857143,-15.600000,58.691428,70.507143,-1.967927,Monday,2025-08-04,0,True,Monday,^GSPC,6271.709961,6330.689941,6271.709961,6329.939941,6329.939941,4842580000,6238.009766,1.473710,0.540240,0.928455,0.945494,1.473710,-0.936342,0.386004,1.604499,12.406774,14.625069,6307.807495,0.350874,6139.374385,3.103990,5903.275696,7.227585,9.467281,-0.936342,Yahoo Finance via yfinance,-0.485787,0.687372,1.883272,1.352305,8.861857,-0.640920,1.221340,-0.640920,2.816615,-0.640920,9.184287
2025-08-06,2025-08-05,2025-08-06T00:00:00Z,55.314286,greed,0.285715,-12.714285,56.148571,69.477143,-1.676602,Tuesday,2025-08-05,0,True,Tuesday,^GSPC,6336.629883,6346.000000,6289.370117,6299.189941,6299.189941,5517410000,6329.939941,-0.485787,0.105687,-0.590849,0.894635,-0.485787,-1.124965,-0.165306,1.183354,11.215691,15.651915,6311.490991,-0.194899,6148.517988,2.450541,5905.695347,6.662968,9.668040,-1.417580,Yahoo Finance via yfinance,0.728191,2.326804,1.780867,2.366492,9.388507,0.030479,2.339346,0.030479,3.318523,0.030479,9.860790
2025-08-07,2025-08-06,2025-08-07T00:00:00Z,54.714286,neutral,-0.600000,-9.000000,54.348571,68.364286,-1.539953,Wednesday,2025-08-06,0,True,Wednesday,^GSPC,6309.299805,6352.830078,6301.109863,6345.060059,6345.060059,5408560000,6299.189941,0.728191,0.160495,0.566786,0.821061,0.728191,-0.280373,-0.217806,1.306034,12.105314,18.675559,6315.581006,0.466767,6159.362793,3.014878,5908.208296,7.393980,9.768515,-0.699712,Yahoo Finance via yfinance,-0.079748,1.915191,0.799358,2.474681,7.522069,-0.547516,2.131102,-0.547516,2.571606,-0.547516,9.066577
2025-08-08,2025-08-07,2025-08-08T00:00:00Z,58.371429,greed,3.657143,8.571429,56.062857,67.520000,-1.019194,Thursday,2025-08-07,0,True,Thursday,^GSPC,6374.319824,6389.709961,6310.319824,6340.000000,6340.000000,5306090000,6345.060059,-0.079748,0.461142,-0.538408,1.251212,-0.079748,0.009620,-0.366947,0.948020,8.483812,22.244437,6318.558008,0.339349,6167.731992,2.793053,5910.700945,7.263082,9.749446,-0.778902,Yahoo Finance via yfinance,0.779972,2.027445,0.475866,2.231861,7.889593,0.240066,2.212615,0.060881,3.038642,0.060881,9.153625
2025-08-11,2025-08-10,2025-08-11T00:00:00Z,57.628571,greed,-0.742858,0.742857,56.211429,66.595714,-0.996741,Sunday,2025-08-08,2,False,Friday,^GSPC,6355.220215,6395.160156,6355.220215,6389.450195,6389.450195,4769910000,6340.000000,0.779972,0.240066,0.538612,0.629968,0.779972,2.427704,0.012680,2.071971,8.543211,21.935379,6325.043018,1.018288,6177.750000,3.426817,5913.324846,8.051737,9.970942,-0.005005,Yahoo Finance via yfinance,-0.250413,0.944520,1.212310,1.654285,7.238808,-0.397376,1.438146,-0.713525,2.241190,-0.713525,8.308847
2025-08-12,2025-08-11,2025-08-12T00:00:00Z,62.257143,greed,4.628572,7.228572,57.657143,66.034286,-0.424702,Monday,2025-08-11,0,True,Monday,^GSPC,6389.669922,6407.250000,6364.060059,6373.450195,6373.450195,4652400000,6389.450195,-0.250413,0.003439,-0.253843,0.675957,-0.250413,0.687372,-0.255406,1.673273,8.160604,22.578136,6330.287524,0.681844,6186.975605,3.013986,5915.922197,7.733841,10.048439,-0.255406,Yahoo Finance via yfinance,1.134544,1.187735,1.033500,2.183428,6.246218,0.193138,1.692798,-0.464275,2.497858,-0.464275,8.580747
2025-08-13,2025-08-12,2025-08-13T00:00:00Z,63.342857,greed,1.085714,8.028571,59.262857,65.554286,-0.252470,Tuesday,2025-08-12,0,True,Tuesday,^GSPC,6395.169922,6446.549805,6385.759766,6445.759766,6445.759766,5135300000,6373.450195,1.134544,0.340784,0.791063,0.953801,1.134544,2.326804,1.175664,3.235230,8.937567,21.176613,6340.387524,1.661921,6197.657002,4.003170,5918.894995,8.901404,10.534140,0.000000,Yahoo Finance via yfinance,0.323008,-0.533524,0.313077,1.338559,5.438153,-0.706504,0.551992,-1.580883,1.709813,-1.580883,7.362671
2025-08-14,2025-08-13,2025-08-14T00:00:00Z,63.257143,greed,-0.085714,8.542857,60.971429,65.008571,-0.205300,Wednesday,2025-08-13,0,True,Wednesday,^GSPC,6462.669922,6480.279785,6445.020020,6466.580078,6466.580078,5195950000,6445.759766,0.323008,0.262345,0.060504,0.547023,0.323008,1.915191,1.629448,3.238978,8.529167,21.002737,6350.531519,1.827383,6208.269805,4.160745,5922.240796,9.191441,10.534872,0.000000,Yahoo Finance via yfinance,0.030309,-1.094865,0.229176,1.869460,3.923863,-1.897761,0.228247,-1.897761,1.953274,-1.897761,7.016998
2025-08-15,2025-08-14,2025-08-15T00:00:00Z,63.542857,greed,0.285714,5.171428,62.005714,64.488571,-0.114343,Thursday,2025-08-14,0,True,Thursday,^GSPC,6453.459961,6473.919922,6441.069824,6468.540039,6468.540039,4462050000,6466.580078,0.030309,-0.202891,0.233674,0.507998,0.030309,2.027445,2.037261,2.718285,8.467032,21.034204,6359.090527,1.721150,6218.233203,4.025369,5925.534197,9.163829,10.448387,0.000000,Yahoo Finance via yfinance,-0.289714,-1.520747,0.515106,1.789430,4.023470,-1.927486,0.197878,-1.927486,2.035543,-1.927486,6.984572
2025-08-18,2025-08-17,2025-08-18T00:00:00Z,64.200000,greed,0.657143,6.571429,63.320000,64.034286,0.020695,Sunday,2025-08-15,2,False,Friday,^GSPC,6477.379883,6481.339844,6441.850098,6449.799805,6449.799805,4575060000,6468.540039,-0.289714,0.136659,-0.425791,0.610489,-0.289714,0.944520,3.395154,2.429965,8.574081,18.684013,6366.741016,1.304573,6227.812998,3.564442,5928.742595,8.788663,10.547182,-0.289714,Yahoo Finance via yfinance,-0.010076,0.265285,0.162175,2.565661,5.932438,-1.642531,0.451027,-1.642531,2.632955,-1.642531,7.295421
2025-08-19,2025-08-18,2025-08-19T00:00:00Z,59.885714,greed,-4.314286,-2.371429,62.845714,63.334286,-0.447441,Monday,2025-08-18,0,True,Monday,^GSPC,6445.020020,6455.350098,6437.700195,6449.149902,6449.149902,4162290000,6449.799805,-0.010076,-0.074107,0.064079,0.273650,-0.010076,1.187735,1.883272,2.276545,10.343548,18.220013,6373.918506,1.180301,6238.010000,3.384732,5931.870745,8.720338,10.557277,-0.299761,Yahoo Finance via yfinance,-0.585810,-0.152424,-0.521152,2.443886,6.162982,-1.632619,0.461150,-1.632619,2.757578,-1.632619,7.306233
2025-08-20,2025-08-19,2025-08-20T00:00:00Z,55.914286,greed,-3.971428,-7.428571,61.360000,62.311429,-0.884968,Tuesday,2025-08-19,0,True,Tuesday,^GSPC,6446.240234,6456.479980,6400.220215,6411.370117,6411.370117,4377440000,6449.149902,-0.585810,-0.045117,-0.540937,0.872359,-0.585810,-0.533524,1.780867,1.612617,9.745967,15.661472,6379.006006,0.507354,6246.230205,2.643833,5934.762996,8.030769,10.846684,-0.883815,Yahoo Finance via yfinance,-0.243167,0.851141,0.575379,2.947576,6.855786,-1.052977,1.053129,-1.052977,3.363090,-1.052977,7.938549
2025-08-21,2025-08-20,2025-08-21T00:00:00Z,52.600000,neutral,-3.314286,-10.657143,59.228571,61.178571,-1.250702,Wednesday,2025-08-20,0,True,Wednesday,^GSPC,6406.620117,6408.399902,6343.859863,6395.779785,6395.779785,4470390000,6411.370117,-0.243167,-0.074087,-0.169205,1.006650,-0.243167,-1.094865,0.799358,0.579811,10.218480,15.151097,6380.849487,0.233986,6254.028203,2.266564,5937.673545,7.715248,10.577315,-1.124833,Yahoo Finance via yfinance,-0.400418,1.338697,1.662038,3.692750,5.342749,-0.673410,1.427195,-0.673410,4.081129,-0.673410,8.201659
2025-08-22,2025-08-21,2025-08-22T00:00:00Z,55.542857,greed,2.942857,-8.000000,57.628571,60.222857,-0.757262,Thursday,2025-08-21,0,True,Thursday,^GSPC,6380.830078,6393.649902,6352.709961,6370.169922,6370.169922,4013560000,6395.779785,-0.400418,-0.233743,-0.167065,0.640109,-0.400418,-1.520747,0.475866,0.107173,7.576237,13.585698,6381.190478,-0.172704,6260.655400,1.749250,5940.997144,7.223918,10.685586,-1.520747,Yahoo Finance via yfinance,1.518644,2.067291,1.747678,4.618243,5.713190,0.226366,2.167290,-0.150543,4.735351,-0.150543,8.636660
2025-08-25,2025-08-24,2025-08-25T00:00:00Z,53.942857,neutral,-1.600000,-10.257143,55.577143,59.230000,-0.972940,Sunday,2025-08-22,2,False,Friday,^GSPC,6384.589844,6478.890137,6384.589844,6466.910156,6466.910156,5046860000,6370.169922,1.518644,0.226366,1.289359,1.480342,1.518644,0.265285,1.212310,1.225144,9.821779,15.539957,6385.103979,1.281204,6269.548799,3.147936,5944.687695,8.784691,11.900355,-0.025197,Yahoo Finance via yfinance,-0.426639,-0.102837,0.436681,3.507701,3.177715,-0.582971,0.638942,-1.644218,3.587026,-1.644218,7.011535
2025-08-26,2025-08-25,2025-08-26T00:00:00Z,55.400000,greed,1.457143,-4.485714,54.680000,58.468571,-0.641883,Monday,2025-08-25,0,True,Monday,^GSPC,6457.669922,6466.890137,6438.060059,6439.319824,6439.319824,4059070000,6466.910156,-0.426639,-0.142885,-0.284160,0.445809,-0.426639,-0.152424,1.033500,0.775455,8.916352,14.561316,6387.581470,0.809983,6277.430000,2.578919,5948.320845,8.254413,12.026918,-0.451728,Yahoo Finance via yfinance,0.413400,-0.369290,1.138164,3.379240,2.764267,-1.222796,1.070147,-1.222796,4.040802,-1.222796,7.470044
2025-08-27,2025-08-26,2025-08-27T00:00:00Z,59.114286,greed,3.714286,3.200000,55.320000,58.022857,0.258283,Tuesday,2025-08-26,0,True,Tuesday,^GSPC,6435.490234,6468.370117,6429.209961,6465.939941,6465.939941,4867680000,6439.319824,0.413400,-0.059472,0.473153,0.608141,0.413400,0.851141,0.313077,1.492421,9.375492,16.071758,6392.335474,1.151449,6287.209395,2.842764,5951.736746,8.639549,12.026639,-0.040196,Yahoo Finance via yfinance,0.239098,-0.273435,1.022281,2.660561,2.725361,-1.629459,0.654043,-1.629459,3.612469,-1.629459,7.027592
2025-08-28,2025-08-27,2025-08-28T00:00:00Z,64.428571,greed,5.314285,11.828571,57.685714,58.058571,1.488660,Wednesday,2025-08-27,0,True,Wednesday,^GSPC,6462.259766,6487.060059,6457.839844,6481.399902,6481.399902,4143680000,6465.939941,0.239098,-0.056916,0.296183,0.451910,0.239098,1.338697,0.229176,1.862358,9.189108,15.028370,6398.260474,1.299407,6296.175195,2.941861,5954.498545,8.848795,12.015054,0.000000,Yahoo Finance via yfinance,0.315672,0.319070,1.636534,1.902680,0.884992,-1.864101,0.413955,-1.864101,3.365324,-1.864101,6.772301
2025-08-29,2025-08-28,2025-08-29T00:00:00Z,61.542857,greed,-2.885714,6.000000,58.885714,58.645714,0.748129,Thursday,2025-08-28,0,True,Thursday,^GSPC,6483.839844,6508.229980,6466.959961,6501.859863,6501.859863,4283760000,6481.399902,0.315672,0.037645,0.277922,0.636745,0.315672,2.067291,0.515106,2.562861,8.902124,15.756547,6406.383960,1.490324,6306.557988,3.096806,5957.142344,9.143940,11.909419,0.000000,Yahoo Finance via yfinance,-0.639818,-0.313139,1.267794,2.181535,1.555407,-2.172913,0.473557,-2.172913,3.040056,-2.172913,6.436312
2025-09-02,2025-09-01,2025-09-02T00:00:00Z,62.457143,greed,0.914286,8.514286,60.588571,58.924286,0.896877,Monday,2025-08-29,3,False,Friday,^GSPC,6489.279785,6491.759766,6444.569824,6460.259766,6460.259766,4234840000,6501.859863,-0.639818,-0.193484,-0.447199,0.725791,-0.639818,-0.102837,0.162175,3.562835,8.197375,14.832735,6417.496460,0.666355,6316.145781,2.281676,5959.465942,8.403334,10.461503,-0.639818,Yahoo Finance via yfinance,-0.692228,0.540073,2.399594,3.110559,3.790255,-1.542967,1.120545,-1.542967,3.703570,-1.542967,7.121696
2025-09-03,2025-09-02,2025-09-03T00:00:00Z,61.371429,greed,-1.085714,5.971429,61.782857,59.241429,0.551311,Tuesday,2025-09-02,0,True,Tuesday,^GSPC,6401.509766,6416.540039,6360.580078,6415.540039,6415.540039,4784000000,6460.259766,-0.692228,-0.909406,0.219171,0.866218,-0.692228,-0.369290,-0.521152,1.352305,8.018458,14.723414,6421.776465,-0.097114,6325.099785,1.429863,5961.536892,7.615539,9.698756,-1.327617,Yahoo Finance via yfinance,0.510007,1.513042,2.980571,4.254044,5.460801,0.009818,1.825409,0.009818,4.426439,0.009818,7.868391
2025-09-04,2025-09-03,2025-09-04T00:00:00Z,61.171429,greed,-0.200000,2.057143,62.194286,59.534286,0.434134,Wednesday,2025-09-03,0,True,Wednesday,^GSPC,6445.819824,6453.669922,6416.169922,6448.259766,6448.259766,4465360000,6415.540039,0.510007,0.471976,0.037853,0.584518,0.510007,-0.273435,0.575379,2.366492,7.464551,15.313053,6429.229956,0.295989,6333.561582,1.810959,5963.858240,8.122284,9.586806,-0.824381,Yahoo Finance via yfinance,0.834649,1.299270,2.358626,4.077696,5.650363,-0.066371,1.670380,-0.066371,4.190591,-0.066371,7.321046
2025-09-05,2025-09-04,2025-09-05T00:00:00Z,58.685714,greed,-2.485715,-5.742857,61.045714,59.732857,-0.290487,Thursday,2025-09-04,0,True,Thursday,^GSPC,6456.600098,6502.540039,6445.979980,6502.080078,6502.080078,4670770000,6448.259766,0.834649,0.129342,0.704395,0.877137,0.834649,0.319070,1.662038,2.474681,8.261907,15.113664,6437.080957,1.009761,6341.759580,2.528013,5966.441741,8.977517,9.683527,0.000000,Yahoo Finance via yfinance,-0.316515,1.313274,1.997513,3.280028,5.336904,-0.893562,1.396631,-0.893562,3.535174,-0.893562,6.432707
2025-09-08,2025-09-07,2025-09-08T00:00:00Z,58.228571,greed,-0.457143,-3.314286,60.382857,59.725714,-0.414978,Sunday,2025-09-05,2,False,Friday,^GSPC,6529.080078,6532.649902,6443.979980,6481.500000,6481.500000,5066120000,6502.080078,-0.316515,0.415252,-0.728741,1.363716,-0.316515,-0.313139,1.747678,2.231861,7.330748,17.228827,6444.155957,0.579502,6349.546377,2.078158,5969.103391,8.584147,9.785555,-0.316515,Yahoo Finance via yfinance,0.210598,1.585899,2.821258,3.614750,5.108846,0.024378,1.831520,0.024378,4.155984,0.024378,6.770653
2025-09-09,2025-09-08,2025-09-09T00:00:00Z,57.942857,greed,-0.285714,-4.514286,59.480000,59.741429,-0.499766,Monday,2025-09-08,0,True,Monday,^GSPC,6498.089844,6508.669922,6483.290039,6495.149902,6495.149902,5211500000,6481.500000,0.210598,0.255957,-0.045243,0.391574,0.210598,0.540073,0.436681,1.654285,7.852720,17.664271,6449.440942,0.708727,6356.628975,2.179157,5972.226040,8.755929,9.473996,-0.106584,Yahoo Finance via yfinance,0.268815,1.849532,3.057668,3.774045,5.145689,-0.185828,1.916356,-0.185828,3.937095,-0.185828,6.546268
2025-09-10,2025-09-09,2025-09-10T00:00:00Z,57.942857,greed,0.000000,-3.428572,58.794286,59.525714,-0.443468,Tuesday,2025-09-09,0,True,Tuesday,^GSPC,6503.330078,6518.229980,6483.080078,6512.609863,6512.609863,4798350000,6495.149902,0.268815,0.125943,0.142693,0.541172,0.268815,1.513042,1.138164,2.183428,7.730852,18.337716,6456.398926,0.870624,6363.419775,2.344495,5975.320989,8.991799,9.410152,0.000000,Yahoo Finance via yfinance,0.298347,1.445656,2.215856,3.101368,5.176271,0.057273,1.756291,0.057273,3.714031,0.057273,6.260623
2025-09-11,2025-09-10,2025-09-11T00:00:00Z,60.342857,greed,2.400000,-0.828572,58.628571,59.375714,0.279373,Wednesday,2025-09-10,0,True,Wednesday,^GSPC,6550.290039,6555.970215,6516.339844,6532.040039,6532.040039,5253010000,6512.609863,0.298347,0.578573,-0.278614,0.608518,0.298347,1.299270,1.022281,1.338559,9.286809,20.775386,6460.712939,1.104013,6369.961572,2.544418,5978.396289,9.260740,8.638826,0.000000,Yahoo Finance via yfinance,0.848589,1.045769,1.621701,3.393736,4.976701,0.210650,1.453607,0.210650,3.423128,-0.154930,5.944541
2025-09-12,2025-09-11,2025-09-12T00:00:00Z,61.342857,greed,1.000000,2.657143,59.160000,59.280000,0.611357,Thursday,2025-09-11,0,True,Thursday,^GSPC,6554.410156,6592.890137,6545.799805,6587.470215,6587.470215,5426460000,6532.040039,0.848589,0.342468,0.504394,0.720913,0.848589,1.313274,1.636534,1.869460,9.188633,20.405963,6466.757446,1.866666,6377.750781,3.288298,5981.748091,10.126172,9.036947,0.000000,Yahoo Finance via yfinance,-0.048276,0.675369,0.261861,2.241219,4.294967,-0.551354,1.052446,-0.551354,2.688587,-0.995075,5.053072
2025-09-15,2025-09-14,2025-09-15T00:00:00Z,64.457143,greed,3.114286,6.228572,60.405714,59.325714,1.491451,Sunday,2025-09-12,2,False,Friday,^GSPC,6590.660156,6600.209961,6579.490234,6584.290039,6584.290039,4641640000,6587.470215,-0.048276,0.048424,-0.096654,0.314532,-0.048276,1.585899,1.267794,1.789430,10.055122,19.811956,6472.544946,1.726448,6384.888184,3.123028,5984.925991,10.014561,9.048612,-0.048276,Yahoo Finance via yfinance,0.470662,1.216074,0.902302,-0.482668,3.982506,-0.503321,1.329373,-0.508943,2.738185,-0.947257,5.103812
2025-09-16,2025-09-15,2025-09-16T00:00:00Z,64.371429,greed,-0.085714,6.428572,61.691429,59.334286,1.458548,Monday,2025-09-15,0,True,Monday,^GSPC,6603.490234,6619.620117,6602.069824,6615.279785,6615.279785,5045020000,6584.290039,0.470662,0.291606,0.178535,0.266548,0.470662,1.849532,2.399594,2.565661,10.607314,19.105601,6480.818945,2.074751,6391.606777,3.499480,5988.155691,10.472742,9.027642,0.000000,Yahoo Finance via yfinance,-0.128793,1.186196,0.694304,0.596202,3.404693,-0.969421,1.263742,-0.975015,2.256901,-1.411276,4.611446
2025-09-17,2025-09-16,2025-09-17T00:00:00Z,63.771429,greed,-0.600000,5.828572,62.857143,59.528571,1.180972,Tuesday,2025-09-16,0,True,Tuesday,^GSPC,6624.129883,6626.990234,6600.109863,6606.759766,6606.759766,5359510000,6615.279785,-0.128793,0.133783,-0.262225,0.406338,-0.128793,1.445656,2.980571,2.443886,10.706050,18.067252,6488.699438,1.819476,6399.142373,3.244457,5991.252639,10.273430,9.061545,-0.128793,Yahoo Finance via yfinance,-0.097017,0.759225,1.236615,0.568362,4.236879,-0.841712,1.404020,-0.847314,2.388770,-1.284137,4.746352
2025-09-18,2025-09-17,2025-09-18T00:00:00Z,66.542857,greed,2.771428,6.200000,64.097143,60.060000,1.701775,Wednesday,2025-09-17,0,True,Wednesday,^GSPC,6604.870117,6624.390137,6551.149902,6600.350098,6600.350098,5805340000,6606.759766,-0.097017,-0.028602,-0.068435,1.108565,-0.097017,1.045769,2.358626,2.947576,9.546290,17.318283,6498.148437,1.572781,6406.638975,3.023600,5994.146240,10.113264,8.714366,-0.225685,Yahoo Finance via yfinance,0.478912,0.569972,1.679458,1.071306,4.555060,0.174840,1.502495,-0.751026,2.488201,-1.188273,4.848072
2025-09-19,2025-09-18,2025-09-19T00:00:00Z,66.228571,greed,-0.314286,4.885714,65.074286,60.741429,1.516218,Thursday,2025-09-18,0,True,Thursday,^GSPC,6626.850098,6656.799805,6611.890137,6631.959961,6631.959961,5292400000,6600.350098,0.478912,0.401494,0.077108,0.680413,0.478912,0.675369,1.997513,3.692750,8.860207,17.732189,6509.957446,1.874091,6414.012978,3.397982,5997.312339,10.582201,8.662603,0.000000,Yahoo Finance via yfinance,0.488542,-0.410734,1.257398,-0.043579,2.947096,-0.946021,1.018704,-1.224075,1.999712,-1.659239,4.348336
2025-09-22,2025-09-21,2025-09-22T00:00:00Z,66.514286,greed,0.285715,2.057143,65.485714,61.290000,1.442767,Sunday,2025-09-19,2,False,Friday,^GSPC,6647.109863,6671.819824,6630.310059,6664.359863,6664.359863,9125960000,6631.959961,0.488542,0.228438,0.259511,0.625905,0.488542,1.216074,2.821258,4.618243,9.392394,18.276070,6524.666943,2.140997,6421.690977,3.778894,6000.472239,11.063923,8.440562,0.000000,Yahoo Finance via yfinance,0.441005,-0.310002,0.771720,-0.005253,2.283039,-1.427589,0.527585,-1.704291,1.503824,-2.137339,3.841029
2025-09-23,2025-09-22,2025-09-23T00:00:00Z,56.771429,greed,-9.742857,-7.600000,63.965714,61.431429,-1.384781,Monday,2025-09-22,0,True,Monday,^GSPC,6654.279785,6698.879883,6648.069824,6693.750000,6693.750000,5642620000,6664.359863,0.441005,-0.151254,0.593155,0.762415,0.441005,1.186196,3.057668,3.507701,9.000622,19.142764,6536.008936,2.413416,6430.370977,4.095860,6003.705239,11.493648,6.997310,0.000000,Yahoo Finance via yfinance,-0.550216,-0.486126,0.695123,0.618187,1.591182,-1.860389,0.086200,-2.135876,1.058152,-2.567023,3.385096
2025-09-24,2025-09-23,2025-09-24T00:00:00Z,54.571429,neutral,-2.200000,-9.200000,62.125714,61.390000,-1.977884,Tuesday,2025-09-23,0,True,Tuesday,^GSPC,6692.439941,6699.520020,6645.580078,6656.919922,6656.919922,5633620000,6693.750000,-0.550216,-0.019571,-0.530748,0.805825,-0.550216,0.759225,2.215856,3.379240,7.838079,16.509261,6546.888940,1.680661,6438.138174,3.398215,6006.740439,10.824165,7.149957,-0.550216,Yahoo Finance via yfinance,-0.284662,0.473793,0.866315,1.178175,0.969071,-1.317422,0.515705,-1.594433,1.617267,-2.027965,3.957084
2025-09-25,2025-09-24,2025-09-25T00:00:00Z,50.657143,neutral,-3.914286,-15.885714,58.948572,60.967143,-2.465500,Wednesday,2025-09-24,0,True,Wednesday,^GSPC,6669.790039,6672.660156,6621.759766,6637.970215,6637.970215,5459180000,6656.919922,-0.284662,0.193334,-0.477074,0.764624,-0.284662,0.569972,1.621701,2.660561,6.978622,16.403547,6555.490454,1.258178,6446.022383,2.977772,6009.497839,10.457985,7.259765,-0.833311,Yahoo Finance via yfinance,-0.500906,1.103198,1.743756,0.925429,2.060714,-1.035708,1.212867,-1.313510,1.907358,-1.748280,4.253855
2025-09-26,2025-09-25,2025-09-26T00:00:00Z,51.285714,neutral,0.628571,-14.942857,55.960000,60.310000,-1.953754,Thursday,2025-09-25,0,True,Thursday,^GSPC,6608.189941,6619.000000,6569.220215,6604.720215,6604.720215,5874670000,6637.970215,-0.500906,-0.448635,-0.052506,0.749925,-0.500906,-0.410734,0.261861,1.902680,6.561952,15.496014,6561.656470,0.656294,6452.842783,2.353652,6012.145891,9.856287,7.583467,-1.330043,Yahoo Finance via yfinance,0.590184,1.675012,1.974189,2.024608,3.479024,-0.004391,1.926194,-0.816695,2.420388,-1.253653,4.778698
2025-09-29,2025-09-28,2025-09-29T00:00:00Z,50.971429,neutral,-0.314285,-15.542857,52.851429,59.781429,-1.742914,Sunday,2025-09-26,2,False,Friday,^GSPC,6615.379883,6648.970215,6604.430176,6643.700195,6643.700195,5103110000,6604.720215,0.590184,0.161395,0.428098,0.674367,0.590184,-0.310002,0.902302,2.181535,6.684635,15.886641,6568.748486,1.141035,6459.769590,2.847325,6014.913042,10.453803,7.750011,-0.747710,Yahoo Finance via yfinance,0.263554,1.085086,-1.372585,2.227520,3.534025,-0.040643,1.613106,-1.398624,2.459618,-1.833019,4.163939
2025-09-30,2025-09-29,2025-09-30T00:00:00Z,51.400000,neutral,0.428571,-5.371429,51.777143,59.228572,-1.465160,Monday,2025-09-29,0,True,Monday,^GSPC,6661.580078,6677.310059,6644.490234,6661.209961,6661.209961,5358760000,6643.700195,0.263554,0.269125,-0.005556,0.493999,0.263554,-0.486126,0.694304,3.110559,6.081200,16.408731,6578.795996,1.252721,6467.057988,3.002168,6017.954841,10.688932,7.238716,-0.486126,Yahoo Finance via yfinance,0.409085,1.187019,-0.097426,3.211882,3.731756,-0.303398,1.346004,-1.657810,3.243702,-2.091062,3.890132
2025-10-01,2025-09-30,2025-10-01T00:00:00Z,52.485714,neutral,1.085714,-2.085715,51.360000,58.784286,-1.140627,Tuesday,2025-09-30,0,True,Tuesday,^GSPC,6656.189941,6691.250000,6641.000000,6688.459961,6688.459961,6057210000,6661.209961,0.409085,-0.075362,0.484812,0.754367,0.409085,0.473793,1.236615,4.254044,7.359253,16.414780,6592.441992,1.456486,6474.715186,3.301223,6021.222590,11.081427,6.553796,-0.079030,Yahoo Finance via yfinance,0.339992,0.390671,-0.660091,3.026559,3.641942,-0.482320,0.987227,-2.058474,3.331706,-2.489961,3.720735
2025-10-02,2025-10-01,2025-10-02T00:00:00Z,54.542857,neutral,2.057143,3.885714,52.137143,58.452857,-0.701985,Wednesday,2025-10-01,0,True,Wednesday,^GSPC,6664.919922,6718.479980,6656.200195,6711.200195,6711.200195,6037950000,6688.459961,0.339992,-0.351950,0.694386,0.931153,0.339992,1.103198,1.679458,4.077696,7.801439,16.957153,6605.589014,1.598816,6482.746787,3.524022,6024.357642,11.401092,6.477686,0.000000,Yahoo Finance via yfinance,0.061835,0.633568,-0.598107,2.672989,3.259324,-0.267765,0.662176,-2.390339,3.116278,-2.820364,3.495199
2025-10-03,2025-10-02,2025-10-03T00:00:00Z,52.571429,neutral,-1.971428,1.285715,52.394286,58.147143,-0.974403,Thursday,2025-10-02,0,True,Thursday,^GSPC,6731.310059,6731.939941,6693.229980,6715.350098,6715.350098,5416130000,6711.200195,0.061835,0.299646,-0.237100,0.576796,0.061835,1.675012,1.257398,3.280028,7.218132,16.535764,6616.252515,1.497790,6489.875586,3.474250,6027.678142,11.408571,6.040892,0.000000,Yahoo Finance via yfinance,0.006551,0.294248,-1.284822,1.593212,2.835148,-0.229178,0.733096,-2.450659,3.052555,-2.880418,3.431242
2025-10-06,2025-10-05,2025-10-06T00:00:00Z,53.971429,neutral,1.400000,3.000000,52.994286,57.934286,-0.683525,Sunday,2025-10-03,2,False,Friday,^GSPC,6722.140137,6750.870117,6705.669922,6715.790039,6715.790039,5713110000,6715.350098,0.006551,0.101112,-0.094465,0.673088,0.006551,1.085086,0.771720,3.614750,6.931500,17.640290,6627.967017,1.325037,6496.924385,3.368758,6031.001643,11.354472,5.805610,0.000000,Yahoo Finance via yfinance,0.364659,-2.431289,-0.771023,1.852502,2.686954,-2.457049,0.726497,-2.457049,3.045804,-2.886780,3.424467
2025-10-07,2025-10-06,2025-10-07T00:00:00Z,51.857143,neutral,-2.114286,0.457143,53.085714,57.630000,-0.969450,Monday,2025-10-06,0,True,Monday,^GSPC,6733.859863,6749.520020,6717.779785,6740.279785,6740.279785,5604460000,6715.790039,0.364659,0.269065,0.095338,0.472621,0.364659,1.187019,0.695123,3.774045,7.676501,18.052938,6640.223511,1.506821,6503.957178,3.633520,6034.332642,11.698844,5.842601,0.000000,Yahoo Finance via yfinance,-0.381141,-1.269377,-0.076405,1.657059,1.561066,-2.811456,0.360524,-2.811456,2.671403,-3.239626,3.048690
2025-10-08,2025-10-07,2025-10-08T00:00:00Z,52.942857,neutral,1.085714,0.457143,53.177143,57.380000,-0.733992,Tuesday,2025-10-07,0,True,Tuesday,^GSPC,6746.140137,6754.490234,6699.959961,6714.589844,6714.589844,5546150000,6740.279785,-0.381141,0.086945,-0.467679,0.809021,-0.381141,0.390671,0.866315,3.101368,7.115347,17.801063,6650.322510,0.966379,6510.453574,3.135515,6037.652542,11.211929,6.166985,-0.381141,Yahoo Finance via yfinance,0.582766,-1.046673,0.309181,0.848301,2.142802,-2.439614,0.744502,-2.439614,3.064223,-2.869422,3.442953
2025-10-09,2025-10-08,2025-10-09T00:00:00Z,48.628571,neutral,-4.314286,-5.914286,51.994286,56.794286,-1.295126,Wednesday,2025-10-08,0,True,Wednesday,^GSPC,6723.870117,6755.640137,6718.089844,6753.720215,6753.720215,5383130000,6714.589844,0.582766,0.138211,0.443942,0.559234,0.582766,0.633568,1.743756,3.393736,8.167522,17.434154,6661.406519,1.385799,6518.110781,3.614689,6042.060342,11.778430,6.335885,0.000000,Yahoo Finance via yfinance,-0.275557,-1.223920,-0.804302,0.630317,2.196265,-3.004869,0.160798,-3.004869,2.467079,-3.432187,2.843615
2025-10-10,2025-10-09,2025-10-10T00:00:00Z,30.142857,fear,-18.485714,-22.428572,47.508571,55.234286,-2.927002,Thursday,2025-10-09,0,True,Thursday,^GSPC,6760.500000,6764.580078,6716.169922,6735.109863,6735.109863,5385020000,6753.720215,-0.275557,0.100386,-0.375566,0.716792,-0.275557,0.294248,1.974189,2.241219,7.526057,18.244046,6668.788501,0.994504,6525.554980,3.211296,6046.400491,11.390403,5.980330,-0.275557,Yahoo Finance via yfinance,-2.711167,-1.574437,0.049444,-0.219596,3.113683,-2.736853,0.405191,-2.736853,2.750215,-3.165352,3.171145
2025-10-13,2025-10-12,2025-10-13T00:00:00Z,29.742857,fear,-0.400000,-24.228572,42.662857,53.498571,-2.375114,Sunday,2025-10-10,2,False,Friday,^GSPC,6740.490234,6762.399902,6550.779785,6552.509766,6552.509766,6596610000,6735.109863,-2.711167,0.079885,-2.788825,3.142044,-2.711167,-2.431289,-1.372585,-0.482668,4.051696,13.934303,6667.199487,-1.720208,6529.817373,0.347520,6049.508789,8.314741,11.679086,-2.979254,Yahoo Finance via yfinance,1.559867,1.701638,3.650207,2.690420,5.622585,0.039070,2.619002,0.039070,5.613575,-0.466842,6.305678
2025-10-14,2025-10-13,2025-10-14T00:00:00Z,28.285714,fear,-1.457143,-23.571429,37.948571,51.694286,-2.103450,Monday,2025-10-13,0,True,Monday,^GSPC,6622.529785,6668.680176,6620.709961,6654.720215,6654.720215,5303960000,6552.509766,1.559867,1.068598,0.486075,0.732089,1.559867,-1.269377,-0.097426,0.596202,5.684328,14.894237,6669.171509,-0.216688,6538.151582,1.782899,6052.912041,9.942457,12.867463,-1.465859,Yahoo Finance via yfinance,-0.156433,1.208310,3.312535,2.670435,4.008279,-1.497439,1.346862,-1.497439,3.991447,-1.995580,4.672920
2025-10-15,2025-10-14,2025-10-15T00:00:00Z,27.414286,fear,-0.871428,-25.528571,32.842857,49.876429,-1.873674,Tuesday,2025-10-14,0,True,Tuesday,^GSPC,6602.490234,6680.700195,6555.069824,6644.310059,6644.310059,5666920000,6654.720215,-0.156433,-0.784856,0.633395,1.887839,-0.156433,-1.046673,-0.660091,0.568362,5.371574,14.952471,6671.049024,-0.400821,6544.438984,1.526045,6055.933391,9.715706,12.872442,-1.619998,Yahoo Finance via yfinance,0.402600,1.370196,3.711146,3.044707,4.845796,-0.757337,1.623195,-0.757337,4.154378,-1.842029,5.027607
2025-10-16,2025-10-15,2025-10-16T00:00:00Z,23.114286,extreme fear,-4.300000,-25.514285,27.740000,47.705000,-1.933033,Wednesday,2025-10-15,0,True,Wednesday,^GSPC,6688.270020,6724.120117,6612.109863,6671.060059,6671.060059,5633060000,6644.310059,0.402600,0.661618,-0.257316,1.685807,0.402600,-1.223920,-0.598107,1.071306,5.728395,14.720996,6674.584522,-0.052804,6551.876387,1.819077,6059.100742,10.099837,12.928333,-1.223920,Yahoo Finance via yfinance,-0.629439,0.424818,3.290778,2.696121,4.590124,-1.155286,1.215700,-1.155286,3.736734,-2.235629,4.725936
2025-10-17,2025-10-16,2025-10-17T00:00:00Z,22.328571,extreme fear,-0.785715,-7.814286,26.177143,45.510000,-1.764524,Thursday,2025-10-16,0,True,Thursday,^GSPC,6689.020020,6709.339844,6593.990234,6629.069824,6629.069824,6048180000,6671.060059,-0.629439,0.269222,-0.896248,1.729105,-0.629439,-1.574437,-1.284822,-0.043579,4.248522,13.126952,6674.440015,-0.679760,6557.556582,1.090547,6062.391892,9.347432,13.046082,-1.845655,Yahoo Finance via yfinance,0.527072,1.649856,2.915492,1.635530,5.048527,-0.381804,1.856827,-0.381804,4.393829,-1.616364,5.389297
2025-10-20,2025-10-19,2025-10-20T00:00:00Z,29.857143,fear,7.528572,0.114286,26.200000,43.677143,-1.096919,Sunday,2025-10-17,2,False,Friday,^GSPC,6613.270020,6678.879883,6603.759766,6664.009766,6664.009766,5358120000,6629.069824,0.527072,-0.238341,0.767241,1.133192,0.527072,1.701638,-0.771023,-0.005253,4.724864,14.595221,6674.422510,-0.156010,6564.036777,1.523041,6066.177241,9.855177,13.065879,-1.328312,Yahoo Finance via yfinance,1.067227,1.915966,2.643910,1.051921,3.940425,-0.124847,2.147357,-0.488742,3.846484,-2.132197,4.836732
2025-10-21,2025-10-20,2025-10-21T00:00:00Z,28.542857,fear,-1.314286,0.257143,26.251429,42.265714,-1.086018,Monday,2025-10-20,0,True,Monday,^GSPC,6690.049805,6744.350098,6690.049805,6735.129883,6735.129883,4672170000,6664.009766,1.067227,0.390756,0.673838,0.814829,1.067227,1.208310,-0.076405,0.618187,5.423529,15.278806,6676.491504,0.878281,6570.950371,2.498566,6070.444741,10.949530,13.525328,-0.275261,Yahoo Finance via yfinance,0.003270,2.079103,1.734790,-0.931233,3.108186,-1.179486,2.110574,-1.539539,2.749909,-3.165640,3.729701
2025-10-22,2025-10-21,2025-10-22T00:00:00Z,26.371429,fear,-2.171428,-1.042857,26.042857,40.855714,-1.134844,Tuesday,2025-10-21,0,True,Tuesday,^GSPC,6736.750000,6752.160156,6722.029785,6735.350098,6735.350098,5245020000,6735.129883,0.003270,0.024055,-0.020780,0.447361,0.003270,1.370196,0.309181,1.178175,5.408334,15.302310,6680.413013,0.822361,6578.188369,2.389134,6074.778743,10.873999,13.349634,-0.272000,Yahoo Finance via yfinance,-0.533754,2.309309,0.537458,-1.752400,3.038590,-1.182717,2.612332,-2.390823,2.746550,-3.168806,3.726309
2025-10-23,2025-10-22,2025-10-23T00:00:00Z,27.571429,fear,1.200000,4.457143,26.934286,39.701429,-0.942238,Wednesday,2025-10-22,0,True,Wednesday,^GSPC,6741.339844,6741.750000,6655.689941,6699.399902,6699.399902,5710010000,6735.350098,-0.533754,0.088930,-0.622131,1.277737,-0.533754,0.424818,-0.804302,0.925429,5.156918,14.233196,6683.484497,0.238130,6583.261172,1.764152,6078.563391,10.213540,13.464207,-0.804302,Yahoo Finance via yfinance,0.582739,2.853837,1.446251,-0.854401,1.454757,0.011049,3.297906,-1.867034,3.297906,-2.649192,4.282924
2025-10-24,2025-10-23,2025-10-24T00:00:00Z,32.457143,fear,4.885714,10.128572,28.960000,38.760000,-0.497514,Thursday,2025-10-23,0,True,Thursday,^GSPC,6703.649902,6749.529785,6700.140137,6738.439941,6738.439941,5565750000,6699.399902,0.582739,0.063439,0.518972,0.737225,0.582739,1.649856,0.049444,2.024608,5.902027,15.108695,6690.170483,0.721498,6588.698369,2.272703,6082.378691,10.786261,13.426058,-0.226250,Yahoo Finance via yfinance,0.790242,1.245094,-0.268907,-2.963300,2.035785,0.499075,2.699436,-3.033197,2.699436,-3.213207,3.678747
2025-10-27,2025-10-26,2025-10-27T00:00:00Z,37.342857,fear,4.885714,7.485714,30.457143,38.078571,-0.059622,Sunday,2025-10-24,2,False,Friday,^GSPC,6772.069824,6807.109863,6772.069824,6791.689941,6791.689941,5058220000,6738.439941,0.790242,0.499075,0.289721,0.520002,0.790242,1.915966,3.650207,2.227520,7.134753,16.073450,6697.569971,1.405285,6595.161367,2.979890,6086.791992,11.580779,13.540496,0.000000,Yahoo Finance via yfinance,1.229005,0.714259,-0.925987,-2.778391,1.791309,0.332315,1.894225,-3.972060,1.894225,-3.972060,2.865857
2025-10-28,2025-10-27,2025-10-28T00:00:00Z,39.342857,fear,2.000000,10.800000,32.617143,37.475714,0.156343,Monday,2025-10-27,0,True,Monday,^GSPC,6845.459961,6877.279785,6843.939941,6875.160156,6875.160156,5290650000,6791.689941,1.229005,0.791703,0.433867,0.490892,1.229005,2.079103,3.312535,3.211882,10.214001,18.589998,6708.267481,2.487866,6603.668574,4.111224,6091.576543,12.863396,14.104156,0.000000,Yahoo Finance via yfinance,0.228794,-0.337300,-0.621513,-2.473252,0.588346,-0.885803,0.657144,-5.137920,0.657144,-5.137920,1.616979
2025-10-29,2025-10-28,2025-10-29T00:00:00Z,42.114286,fear,2.771429,15.742857,35.765714,36.957143,0.449524,Tuesday,2025-10-28,0,True,Tuesday,^GSPC,6897.740234,6911.299805,6870.729980,6890.890137,6890.890137,5695930000,6875.160156,0.228794,0.328430,-0.099309,0.590093,0.228794,2.309309,3.711146,3.026559,8.861857,18.606822,6718.388989,2.567597,6612.503379,4.210006,6096.895793,13.022928,14.076753,0.000000,Yahoo Finance via yfinance,-0.004358,-1.731857,-0.642591,-1.814138,0.861135,-1.802092,0.427372,-5.354464,0.427372,-5.354464,1.385016
2025-10-30,2025-10-29,2025-10-30T00:00:00Z,37.057143,fear,-5.057143,9.485714,37.662857,36.082857,0.091036,Wednesday,2025-10-29,0,True,Wednesday,^GSPC,6910.950195,6920.339844,6851.910156,6890.589844,6890.589844,6280130000,6890.890137,-0.004358,0.291110,-0.294610,0.993046,-0.004358,2.853837,3.290778,2.672989,9.388507,18.637179,6727.358472,2.426381,6622.087773,4.054644,6102.167642,12.920363,14.069136,-0.004358,Yahoo Finance via yfinance,-0.990481,-1.368530,-0.575712,-1.131688,1.277253,-1.850059,-0.120019,-5.350339,-0.120019,-5.350339,1.425567
2025-10-31,2025-10-30,2025-10-31T00:00:00Z,34.457143,fear,-2.600000,2.000000,38.062857,35.177143,-0.072180,Thursday,2025-10-30,0,True,Thursday,^GSPC,6860.500000,6880.750000,6820.689941,6822.339844,6822.339844,6052700000,6890.589844,-0.990481,-0.436680,-0.556230,0.871624,-0.990481,1.245094,2.915492,1.593212,7.522069,17.151479,6732.707959,1.331290,6630.618975,2.891448,6107.064790,11.712256,14.627249,-0.994796,Yahoo Finance via yfinance,0.261792,-1.495382,-1.243702,0.392094,2.282061,-1.683148,0.879170,-4.403473,0.879170,-4.403473,2.637511
2025-11-03,2025-11-02,2025-11-03T00:00:00Z,32.600000,fear,-1.857143,-4.742857,37.114286,34.108571,-0.168600,Sunday,2025-10-31,2,False,Friday,^GSPC,6879.169922,6879.169922,6814.259766,6840.200195,6840.200195,6398280000,6822.339844,0.261792,0.833000,-0.566489,0.951435,0.261792,0.714259,2.643910,1.852502,7.889593,17.268886,6738.928467,1.502787,6640.019580,3.014759,6111.516240,11.923129,14.637583,-0.735608,Yahoo Finance via yfinance,0.172071,-1.628613,-1.550983,-0.403063,1.883126,-3.051961,0.615766,-4.653084,0.615766,-4.653084,2.369515
2025-11-04,2025-11-03,2025-11-04T00:00:00Z,20.942857,extreme fear,-11.657143,-18.400000,33.434286,32.562857,-1.387980,Monday,2025-11-03,0,True,Monday,^GSPC,6882.319824,6882.319824,6820.620117,6851.970215,6851.970215,6065720000,6840.200195,0.172071,0.615766,-0.440979,0.902016,0.172071,-0.337300,1.734790,1.657059,7.238808,17.859636,6744.512988,1.593254,6647.720781,3.072473,6116.089392,12.031885,14.606611,-0.564803,Yahoo Finance via yfinance,-1.173683,-0.285174,-2.620561,-0.329834,1.270577,-3.218494,-0.155435,-4.816867,0.261822,-4.816867,2.193669
2025-11-05,2025-11-04,2025-11-05T00:00:00Z,23.057143,extreme fear,2.114286,-19.057143,29.622857,31.068571,-1.125878,Tuesday,2025-11-04,0,True,Tuesday,^GSPC,6788.520020,6820.209961,6766.709961,6771.549805,6771.549805,5739510000,6851.970215,-1.173683,-0.926014,-0.249984,0.780797,-1.173683,-1.731857,0.537458,0.848301,6.246218,18.685635,6747.360986,0.358493,6654.365381,1.761016,6119.963840,10.646892,15.201764,-1.731857,Yahoo Finance via yfinance,0.365356,1.108462,-2.277617,1.154395,3.025750,-2.069096,1.234283,-3.686451,1.452553,-3.686451,3.407344
2025-11-06,2025-11-05,2025-11-06T00:00:00Z,24.342857,extreme fear,1.285714,-12.714286,27.080000,29.854286,-0.928516,Wednesday,2025-11-05,0,True,Wednesday,^GSPC,6769.770020,6829.779785,6763.109863,6796.290039,6796.290039,5939600000,6771.549805,0.365356,-0.026283,0.391742,0.984559,0.365356,-1.368530,1.446251,0.630317,5.438153,18.633750,6749.489478,0.693394,6660.972383,2.031500,6123.699089,10.983410,15.119433,-1.372828,Yahoo Finance via yfinance,-1.117819,0.803819,-2.267853,0.895048,1.788035,-2.425590,1.083240,-4.037057,1.083240,-4.037057,3.030915
2025-11-07,2025-11-06,2025-11-07T00:00:00Z,20.428571,extreme fear,-3.914286,-14.028572,24.274286,29.368571,-1.419651,Thursday,2025-11-06,0,True,Thursday,^GSPC,6787.589844,6796.680176,6707.509766,6720.319824,6720.319824,6051900000,6796.290039,-1.117819,-0.128014,-0.991074,1.312045,-1.117819,-1.495382,-0.268907,-0.219596,3.923863,17.638449,6748.749976,-0.421265,6665.750781,0.818648,6126.868838,9.686040,15.636214,-2.475302,Yahoo Finance via yfinance,0.126184,0.255500,-2.701658,2.233228,2.416557,-1.322554,2.225941,-2.952239,2.610887,-2.952239,4.195633
2025-11-10,2025-11-09,2025-11-10T00:00:00Z,29.942857,fear,9.514286,-2.657143,23.742857,29.378571,0.089596,Sunday,2025-11-07,2,False,Friday,^GSPC,6696.180176,6730.109863,6631.439941,6728.799805,6728.799805,5926070000,6720.319824,0.126184,-0.359204,0.487138,1.468233,0.126184,-1.628613,-0.925987,2.690420,4.023470,16.359664,6757.564478,-0.425666,6670.289580,0.877177,6129.919287,9.769795,11.931135,-2.352241,Yahoo Finance via yfinance,1.540102,0.078915,-1.869718,1.749346,1.034361,-1.217597,2.097110,-3.074544,2.481572,-3.074544,4.064320
2025-11-11,2025-11-10,2025-11-11T00:00:00Z,30.457143,fear,0.514286,9.514286,25.645714,29.487143,0.154042,Monday,2025-11-10,0,True,Monday,^GSPC,6785.359863,6841.319824,6770.560059,6832.430176,6832.430176,5366050000,6728.799805,1.540102,0.840567,0.693704,1.051596,1.540102,-0.285174,-0.621513,2.670435,5.932438,15.236702,6766.449976,0.975108,6677.732988,2.316612,6133.575237,11.393925,11.900005,-0.848366,Yahoo Finance via yfinance,0.207535,-2.342066,-1.863320,0.118254,1.461700,-2.832525,0.548560,-4.544653,0.927190,-4.544653,2.485933
2025-11-12,2025-11-11,2025-11-12T00:00:00Z,34.571429,fear,4.114286,11.514286,27.948571,29.845000,0.741300,Tuesday,2025-11-11,0,True,Tuesday,^GSPC,6815.640137,6855.129883,6806.870117,6846.609863,6846.609863,4983490000,6832.430176,0.207535,-0.245740,0.454392,0.706334,0.207535,1.108462,-0.642591,3.044707,6.162982,14.624060,6776.564966,1.033634,6686.354385,2.396754,6137.746887,11.549238,11.852011,-0.642591,Yahoo Finance via yfinance,0.062952,-3.348957,-1.179123,0.585258,1.726547,-3.977005,0.340319,-4.742346,0.789589,-4.742346,2.273679
2025-11-13,2025-11-12,2025-11-13T00:00:00Z,24.542857,extreme fear,-10.028572,0.200000,27.988571,29.916429,-0.852394,Wednesday,2025-11-12,0,True,Wednesday,^GSPC,6867.770020,6869.910156,6829.620117,6850.919922,6850.919922,5293610000,6846.609863,0.062952,0.309060,-0.245350,0.588467,0.062952,0.803819,-0.575712,2.696121,6.855786,14.266936,6785.557959,0.963251,6694.407588,2.337956,6141.662986,11.548288,11.818308,-0.580044,Yahoo Finance via yfinance,-1.655686,-3.047179,-0.559196,0.730998,1.326685,-4.037415,-0.333825,-4.802275,0.766905,-4.802275,2.209336
2025-11-14,2025-11-13,2025-11-14T00:00:00Z,22.057143,extreme fear,-2.485714,1.628572,28.314286,29.902857,-1.241105,Thursday,2025-11-13,0,True,Thursday,^GSPC,6826.470215,6828.049805,6724.720215,6737.490234,6737.490234,5473720000,6850.919922,-1.655686,-0.356882,-1.303455,1.508259,-1.655686,0.255500,-1.243702,1.635530,5.342749,12.266242,6790.978980,-0.787644,6699.115791,0.572828,6145.153887,9.639081,13.182285,-2.226126,Yahoo Finance via yfinance,-0.050173,-2.949622,1.656397,1.334620,3.027537,-3.019528,0.546492,-3.199564,2.463376,-3.199564,3.930092
2025-11-17,2025-11-16,2025-11-17T00:00:00Z,11.642857,extreme fear,-10.414286,-18.300000,24.654286,28.992143,-2.305307,Sunday,2025-11-14,2,False,Friday,^GSPC,6672.140137,6774.310059,6646.870117,6734.109863,6734.109863,5042660000,6737.490234,-0.050173,-0.969947,0.928783,1.891505,-0.050173,0.078915,-1.550983,1.051921,5.713190,12.535442,6794.483984,-0.888576,6704.167988,0.446616,6148.468586,9.524994,13.084084,-2.275182,Yahoo Finance via yfinance,-0.916227,-1.947097,1.166004,1.223620,1.464929,-3.150972,0.538159,-3.150972,2.514810,-3.150972,3.982262
2025-11-18,2025-11-17,2025-11-18T00:00:00Z,8.900000,extreme fear,-2.742857,-21.557143,20.342857,28.010000,-2.179786,Monday,2025-11-17,0,True,Monday,^GSPC,6713.609863,6754.500000,6638.899902,6672.410156,6672.410156,5204220000,6734.109863,-0.916227,-0.304420,-0.613674,1.716635,-0.916227,-2.342066,-2.620561,-0.931233,3.177715,11.478474,6791.347998,-1.751314,6707.713193,-0.526305,6151.627988,8.465762,12.943551,-3.170563,Yahoo Finance via yfinance,-0.825644,0.490227,2.352373,1.916093,2.454282,-2.255410,1.467835,-2.255410,3.462764,-2.255410,4.943785
2025-11-19,2025-11-18,2025-11-19T00:00:00Z,7.857143,extreme fear,-1.042857,-26.714286,15.000000,27.084286,-1.950301,Tuesday,2025-11-18,0,True,Tuesday,^GSPC,6641.189941,6666.629883,6574.319824,6617.319824,6617.319824,5159390000,6672.410156,-0.825644,-0.467900,-0.359425,1.383459,-0.825644,-3.348957,-2.277617,-1.752400,2.764267,11.230977,6785.446484,-2.477754,6709.807393,-1.378394,6154.741738,7.515800,13.234886,-3.970029,Yahoo Finance via yfinance,0.375384,2.245019,3.512002,1.573301,3.413775,-1.441670,2.403996,-1.441670,4.324109,-1.441670,5.817460
2025-11-20,2025-11-19,2025-11-20T00:00:00Z,5.171429,extreme fear,-2.685714,-19.371428,11.125714,25.964286,-1.889242,Wednesday,2025-11-19,0,True,Wednesday,^GSPC,6625.839844,6689.750000,6603.500000,6642.160156,6642.160156,5021610000,6617.319824,0.375384,0.128753,0.246313,1.303398,0.375384,-3.047179,-2.267853,-0.854401,2.725361,13.142394,6782.584497,-2.070366,6712.009795,-1.040667,6157.763140,7.866444,13.219515,-3.609548,Yahoo Finance via yfinance,-1.556728,2.566179,3.236296,1.996333,3.600484,-1.810258,2.849672,-1.810258,3.933958,-1.810258,5.421725
2025-11-21,2025-11-20,2025-11-21T00:00:00Z,5.657143,extreme fear,0.485714,-16.400000,7.845714,24.624286,-1.610361,Thursday,2025-11-20,0,True,Thursday,^GSPC,6737.930176,6770.350098,6534.049805,6538.759766,6538.759766,5596080000,6642.160156,-1.556728,1.441851,-2.955958,3.557582,-1.556728,-2.949622,-2.701658,-2.963300,0.884992,10.946407,6772.600488,-3.452746,6711.035586,-2.567053,6160.149539,6.146121,14.039621,-5.110085,Yahoo Finance via yfinance,0.982304,4.746008,5.071912,4.522880,4.941769,-0.257539,4.773078,-0.257539,5.577513,-0.257539,7.088806
2025-11-24,2025-11-23,2025-11-24T00:00:00Z,13.685714,extreme fear,8.028571,2.042857,8.254286,23.441429,-0.839524,Sunday,2025-11-21,2,False,Friday,^GSPC,6555.770020,6660.049805,6521.919922,6602.990234,6602.990234,5929930000,6538.759766,0.982304,0.260145,0.720285,2.112478,0.982304,-1.947097,-1.869718,-2.778391,1.555407,11.593926,6763.165503,-2.368348,6711.409590,-1.615448,6162.746641,7.143626,14.224925,-4.177978,Yahoo Finance via yfinance,1.546722,3.174920,3.688019,4.172352,4.642132,0.419658,3.753900,0.419658,4.550510,0.419658,6.047102
2025-11-25,2025-11-24,2025-11-25T00:00:00Z,15.028571,extreme fear,1.342857,6.128571,9.480000,22.225714,-0.646589,Monday,2025-11-24,0,True,Monday,^GSPC,6636.540039,6715.750000,6630.700195,6705.120117,6705.120117,6039740000,6602.990234,1.546722,0.508100,1.033371,1.288050,1.546722,0.490227,-1.863320,-2.473252,3.790255,13.317486,6754.663501,-0.733469,6713.206397,-0.120453,6166.142290,8.740924,14.667399,-2.695878,Yahoo Finance via yfinance,0.906170,1.853062,2.019198,3.052442,1.978039,-0.673219,2.183849,-0.673219,3.068696,-0.673219,4.431832
2025-11-26,2025-11-25,2025-11-26T00:00:00Z,17.657143,extreme fear,2.628572,9.800000,11.440000,21.002857,-0.330299,Tuesday,2025-11-25,0,True,Tuesday,^GSPC,6697.029785,6776.399902,6659.979980,6765.879883,6765.879883,5003330000,6705.120117,0.906170,-0.120659,1.028069,1.736284,0.906170,2.245019,-1.179123,-1.814138,5.460801,13.736927,6748.412988,0.258830,6716.388799,0.736870,6169.639490,9.664104,15.073174,-1.814138,Yahoo Finance via yfinance,0.690671,1.239164,1.785434,2.455999,1.835533,0.265896,1.426866,-0.671749,2.533890,-0.671749,3.494001
2025-11-28,2025-11-27,2025-11-28T00:00:00Z,21.771429,extreme fear,4.114286,16.600000,14.760000,20.238571,0.162983,Thursday,2025-11-26,1,False,Wednesday,^GSPC,6793.549805,6831.439941,6783.870117,6812.609863,6812.609863,4485000000,6765.879883,0.690671,0.408963,0.280561,0.703084,0.690671,2.566179,-0.559196,-1.131688,5.650363,14.126688,6744.513989,1.009648,6720.633994,1.368559,6173.360039,10.354974,15.323666,-1.135997,Yahoo Finance via yfinance,0.535477,0.653351,1.297449,1.722249,1.959895,-0.185978,0.790598,-1.353075,1.954613,-1.353075,2.784101
2025-12-01,2025-11-30,2025-12-01T00:00:00Z,22.085714,extreme fear,0.314285,16.428571,18.045714,19.620000,0.279922,Sunday,2025-11-28,2,False,Friday,^GSPC,6822.520020,6850.859863,6819.750000,6849.089844,6849.089844,2558540000,6812.609863,0.535477,0.145468,0.389443,0.456651,0.535477,4.746008,1.656397,0.392094,5.336904,14.392291,6745.851489,1.530398,6724.976592,1.845557,6177.345637,10.874318,15.039454,-0.606602,Yahoo Finance via yfinance,-0.532333,0.311137,-0.316534,0.827123,0.872671,-0.717612,0.681696,-1.878493,1.411577,-1.878493,2.236647
2025-12-02,2025-12-01,2025-12-02T00:00:00Z,23.257143,extreme fear,1.171429,9.571429,19.960000,19.152857,0.493419,Monday,2025-12-01,0,True,Monday,^GSPC,6812.299805,6843.649902,6799.939941,6812.629883,6812.629883,4549370000,6849.089844,-0.532333,-0.537152,0.004845,0.638186,-0.532333,3.174920,1.166004,-0.403063,5.108846,13.135978,6744.472974,1.010559,6727.941992,1.258749,6180.833438,10.221865,15.136665,-1.135706,Yahoo Finance via yfinance,0.245724,0.497310,0.056951,1.227285,0.972459,-0.086896,1.220526,-1.353364,1.954313,-1.353364,2.783799
2025-12-03,2025-12-02,2025-12-03T00:00:00Z,24.771429,extreme fear,1.514286,9.742858,21.908572,19.344286,0.645703,Tuesday,2025-12-02,0,True,Tuesday,^GSPC,6830.959961,6851.549805,6806.709961,6829.370117,6829.370117,4582290000,6812.629883,0.245724,0.269060,-0.023274,0.658187,0.245724,1.853062,2.352373,-0.329834,5.145689,13.846739,6743.342969,1.275734,6730.654395,1.466659,6184.407139,10.428857,15.151045,-0.892773,Yahoo Finance via yfinance,0.297979,0.163114,-0.426252,0.236184,0.765078,-0.277331,0.972413,-1.595168,1.704402,-1.595168,2.531854
2025-12-04,2025-12-03,2025-12-04T00:00:00Z,36.028571,fear,11.257142,18.371428,25.582857,19.992857,1.748321,Wednesday,2025-12-03,0,True,Wednesday,^GSPC,6815.290039,6862.419922,6810.430176,6849.720215,6849.720215,4736780000,6829.370117,0.297979,-0.206169,0.505190,0.761267,0.297979,1.239164,3.512002,1.154395,5.176271,13.549219,6747.251489,1.518674,6734.510400,1.710738,6188.007839,10.693464,14.543068,-0.597454,Yahoo Finance via yfinance,0.108032,0.539584,-1.872924,0.127742,-0.483090,-0.365420,0.743822,-1.887523,1.402244,-2.033664,2.227238
2025-12-05,2025-12-04,2025-12-05T00:00:00Z,38.142857,fear,2.114286,16.371428,28.857143,20.682857,1.746282,Thursday,2025-12-04,0,True,Thursday,^GSPC,6866.470215,6866.470215,6827.120117,6857.120117,6857.120117,4872440000,6849.720215,0.108032,0.244536,-0.136170,0.574477,0.108032,0.653351,3.236296,0.895048,4.976701,13.394247,6750.292993,1.582555,6738.893398,1.754394,6191.572690,10.749247,14.500358,-0.490068,Yahoo Finance via yfinance,0.193664,0.639917,-1.201092,0.655227,0.180541,-0.472942,0.675792,-1.993402,1.292815,-2.139385,2.116919
2025-12-08,2025-12-07,2025-12-08T00:00:00Z,40.771429,fear,2.628572,18.685715,32.594286,21.700000,1.740143,Sunday,2025-12-05,2,False,Friday,^GSPC,6866.319824,6895.779785,6858.290039,6870.399902,6870.399902,4944560000,6857.120117,0.193664,0.134163,0.059422,0.546727,0.193664,0.311137,5.071912,2.233228,4.294967,13.562584,6757.796997,1.666266,6744.206992,1.871130,6195.337090,10.896305,13.833159,-0.297353,Yahoo Finance via yfinance,-0.347726,-0.625724,-0.522530,1.083196,-0.577695,-0.998630,0.481196,-2.182838,1.139527,-2.328540,1.919537
2025-12-09,2025-12-08,2025-12-09T00:00:00Z,40.942857,fear,0.171428,17.685714,36.131429,22.250000,1.604616,Monday,2025-12-08,0,True,Monday,^GSPC,6875.200195,6878.270020,6827.189941,6846.509766,6846.509766,4757130000,6870.399902,-0.347726,0.069869,-0.417303,0.743480,-0.347726,0.497310,3.688019,1.749346,3.982506,12.486992,6763.682495,1.224588,6748.263184,1.455880,6199.503989,10.436412,13.929619,-0.644044,Yahoo Finance via yfinance,-0.087636,-0.438179,0.467106,1.086983,-1.555387,-0.657554,0.831814,-1.841516,1.740744,-1.987726,2.275174
2025-12-10,2025-12-09,2025-12-10T00:00:00Z,36.371429,fear,-4.571428,11.600000,38.451429,22.545714,1.157917,Tuesday,2025-12-09,0,True,Tuesday,^GSPC,6840.609863,6864.919922,6837.430176,6840.509766,6840.509766,4508050000,6846.509766,-0.087636,-0.086174,-0.001463,0.401515,-0.087636,0.163114,2.019198,0.118254,3.404693,12.598948,6764.086475,1.129839,6751.849180,1.313130,6203.790288,10.263395,12.838369,-0.731116,Yahoo Finance via yfinance,0.674956,-0.588406,1.012794,1.183394,-0.650822,-1.180753,0.920256,-1.755419,1.829983,-2.989101,2.364883
2025-12-11,2025-12-10,2025-12-11T00:00:00Z,43.742857,fear,7.371428,7.714286,39.994286,23.004286,1.647876,Wednesday,2025-12-10,0,True,Wednesday,^GSPC,6833.490234,6900.669922,6824.689941,6886.680176,6886.680176,5526570000,6840.509766,0.674956,-0.102617,0.778372,1.110736,0.674956,0.539584,1.785434,0.585258,4.236879,13.076763,6766.089990,1.782273,6755.813584,1.937096,6208.447439,10.924353,13.039860,-0.061095,Yahoo Finance via yfinance,0.207935,-2.399560,0.658803,1.155849,-1.527589,-2.414080,0.243656,-2.414080,1.331261,-3.639491,1.678597
2025-12-12,2025-12-11,2025-12-12T00:00:00Z,39.285714,fear,-4.457143,1.142857,40.222857,23.741429,1.186489,Thursday,2025-12-11,0,True,Thursday,^GSPC,6861.299805,6903.459961,6833.450195,6901.000000,6901.000000,5021060000,6886.680176,0.207935,-0.368543,0.578610,1.016597,0.207935,0.639917,1.297449,0.730998,4.555060,14.012406,6768.593994,1.956182,6759.609580,2.091695,6213.172139,11.070478,13.054513,0.000000,Yahoo Finance via yfinance,-1.066365,-1.829303,0.419359,1.105202,-1.814233,-2.616575,-0.016663,-2.616575,1.236489,-3.839443,1.467610
2025-12-15,2025-12-14,2025-12-15T00:00:00Z,49.314286,neutral,10.028572,8.542857,41.931429,25.104286,1.695233,Sunday,2025-12-12,2,False,Friday,^GSPC,6886.850098,6899.850098,6801.790039,6827.410156,6827.410156,4910160000,6901.000000,-1.066365,-0.205041,-0.863093,1.420954,-1.066365,-0.625724,-0.316534,1.334620,2.947096,13.131927,6773.089990,0.802000,6761.850781,0.969548,6218.001340,9.800719,12.177604,-1.066365,Yahoo Finance via yfinance,-0.159656,0.103844,1.147288,1.996805,-2.267185,-1.566919,0.500625,-1.566919,2.327675,-2.802968,2.561288
2025-12-16,2025-12-15,2025-12-16T00:00:00Z,46.400000,neutral,-2.914286,5.457143,43.022857,26.842143,1.333507,Monday,2025-12-15,0,True,Monday,^GSPC,6860.189941,6861.589844,6801.490234,6816.509766,6816.509766,4975600000,6827.410156,-0.159656,0.480120,-0.636720,0.880270,-0.159656,-0.438179,0.056951,1.223620,2.283039,12.036439,6777.209985,0.579881,6763.865176,0.778321,6222.311389,9.549480,12.198012,-1.224319,Yahoo Finance via yfinance,-0.238392,0.909270,1.169667,1.615054,-2.704021,-1.409513,0.961196,-1.409513,2.491309,-2.825344,2.725295
2025-12-17,2025-12-16,2025-12-17T00:00:00Z,37.685714,fear,-8.714286,1.314285,43.285714,28.281429,0.661404,Tuesday,2025-12-16,0,True,Tuesday,^GSPC,6800.120117,6819.270020,6759.740234,6800.259766,6800.259766,4983180000,6816.509766,-0.238392,-0.240440,0.002054,0.873318,-0.238392,-0.588406,-0.426252,1.916093,1.591182,12.377769,6783.602466,0.245552,6765.064775,0.520246,6227.064087,9.204911,11.703091,-1.459792,Yahoo Finance via yfinance,-1.159214,1.610678,0.665272,2.120661,-1.483471,-1.173920,1.626704,-1.173920,2.736224,-2.593134,2.970769
2025-12-18,2025-12-17,2025-12-18T00:00:00Z,42.371429,fear,4.685715,-1.371428,43.011429,30.007143,0.902889,Wednesday,2025-12-17,0,True,Wednesday,^GSPC,6802.879883,6812.259766,6720.430176,6721.430176,6721.430176,5122120000,6800.259766,-1.159214,0.038530,-1.197283,1.350384,-1.159214,-2.399560,-1.872924,1.573301,0.969071,11.078010,6788.807983,-0.992484,6765.201582,-0.647008,6231.780488,7.857300,12.105078,-2.602084,Yahoo Finance via yfinance,0.793426,3.133554,2.038852,3.251980,-0.079452,0.551517,3.211960,0.551517,3.941124,-1.450737,4.178420
2025-12-19,2025-12-18,2025-12-19T00:00:00Z,44.200000,fear,1.828571,4.914286,43.994286,31.958571,0.962792,Thursday,2025-12-18,0,True,Thursday,^GSPC,6778.060059,6816.129883,6758.500000,6774.759766,6774.759766,5101190000,6721.430176,0.793426,0.842527,-0.048691,0.857405,0.793426,-1.829303,-1.201092,1.996333,2.060714,11.535569,6795.437964,-0.304295,6765.622373,0.135056,6236.441138,8.631824,12.328869,-1.829303,Yahoo Finance via yfinance,0.881806,2.290564,1.878886,0.326212,-2.214980,0.263631,2.524226,0.210931,3.122920,-2.259853,3.358348
2025-12-22,2025-12-21,2025-12-22T00:00:00Z,54.885714,neutral,10.685714,5.571428,45.108571,34.420000,1.690638,Sunday,2025-12-19,2,False,Friday,^GSPC,6792.620117,6840.020020,6792.620117,6834.500000,6834.500000,8554470000,6774.759766,0.881806,0.263631,0.616550,0.699654,0.881806,0.103844,-0.522530,4.522880,3.479024,12.955556,6810.224976,0.356450,6767.610176,0.988382,6241.921038,9.493535,10.938329,-0.963628,Yahoo Finance via yfinance,0.643650,1.042362,1.614161,0.601655,-3.336159,0.310780,1.628064,-0.665011,2.221524,-4.048287,2.454895
2025-12-23,2025-12-22,2025-12-23T00:00:00Z,58.571429,greed,3.685715,12.171429,47.542857,36.664286,1.792842,Monday,2025-12-22,0,True,Monday,^GSPC,6865.209961,6882.029785,6855.740234,6878.490234,6878.490234,4465030000,6834.500000,0.643650,0.449337,0.193443,0.384659,0.643650,0.909270,0.467106,4.172352,3.534025,17.137306,6823.999976,0.798509,6774.129785,1.540574,6247.462488,10.100545,10.690050,-0.326181,Yahoo Finance via yfinance,0.455039,0.258051,0.616995,0.506795,-5.408313,-0.140731,0.978119,-1.300292,1.567784,-5.887487,1.799662
2025-12-24,2025-12-23,2025-12-24T00:00:00Z,58.000000,greed,-0.571429,20.314286,51.605714,38.812857,1.600198,Tuesday,2025-12-23,0,True,Tuesday,^GSPC,6872.410156,6910.879883,6868.810059,6909.790039,6909.790039,3820560000,6878.490234,0.455039,-0.088393,0.543912,0.611614,0.455039,1.610678,1.012794,3.052442,3.731756,17.772213,6834.233472,1.105560,6779.231182,1.925865,6253.938638,10.487014,9.512623,0.000000,Yahoo Finance via yfinance,0.322148,-0.930420,0.168890,0.084226,-4.758322,-0.944171,0.520710,-1.747379,1.107704,-6.313796,1.338532
2025-12-26,2025-12-25,2025-12-26T00:00:00Z,54.857143,neutral,-3.142857,12.485714,54.102857,40.672857,1.243459,Thursday,2025-12-24,1,False,Wednesday,^GSPC,6904.910156,6937.319824,6904.910156,6932.049805,6932.049805,1798270000,6909.790039,0.322148,-0.070623,0.393049,0.469040,0.322148,3.133554,0.658803,2.455999,3.641942,16.881218,6842.541968,1.308108,6784.985977,2.167489,6260.738538,10.722557,9.116279,0.000000,Yahoo Finance via yfinance,-0.030436,-1.061441,0.493793,0.262263,-5.419460,-1.554226,0.197924,-2.062882,0.783034,-6.614635,1.013120
2025-12-29,2025-12-28,2025-12-29T00:00:00Z,47.885714,neutral,-6.971429,3.685714,54.840000,41.978571,0.557520,Sunday,2025-12-26,2,False,Friday,^GSPC,6936.020020,6945.770020,6921.600098,6929.939941,6929.939941,2586550000,6932.049805,-0.030436,0.057273,-0.087659,0.348669,-0.030436,2.290564,0.419359,1.722249,3.259324,16.000317,6848.408472,1.190517,6790.163574,2.058513,6267.391738,10.571355,8.876887,-0.030436,Yahoo Finance via yfinance,-0.349205,-0.402459,0.682980,0.702173,-4.877965,-1.524254,-0.137953,-2.033064,0.849645,-6.586203,1.043874
2025-12-30,2025-12-29,2025-12-30T00:00:00Z,46.114286,neutral,-1.771428,-8.771428,53.085714,43.180000,0.307909,Monday,2025-12-29,0,True,Monday,^GSPC,6903.600098,6920.209961,6888.759766,6905.740234,6905.740234,3541750000,6929.939941,-0.349205,-0.380088,0.031000,0.453831,-0.349205,1.042362,1.147288,0.827123,2.835148,14.332690,6851.240991,0.795465,6795.696982,1.619308,6274.312839,10.063690,8.839334,-0.379535,Yahoo Finance via yfinance,-0.137567,0.565900,0.839881,1.046804,-6.206142,-1.179166,0.621942,-1.689760,1.397961,-6.258854,1.397961
2025-12-31,2025-12-30,2025-12-31T00:00:00Z,43.257143,fear,-2.857143,-15.314286,50.022857,44.180000,-0.111201,Tuesday,2025-12-30,0,True,Tuesday,^GSPC,6900.439941,6913.250000,6893.470215,6896.240234,6896.240234,3309930000,6905.740234,-0.137567,-0.076752,-0.060861,0.286425,-0.137567,0.258051,1.169667,1.227285,2.686954,14.221741,6855.421509,0.595423,6800.341592,1.410203,6280.599341,9.802263,8.606751,-0.516580,Yahoo Finance via yfinance,-0.735767,0.358020,0.440238,1.055206,-7.647502,-1.043035,1.007066,-1.554331,1.537643,-7.832676,1.537643
2026-01-02,2026-01-01,2026-01-02T00:00:00Z,45.228571,neutral,1.971428,-12.771429,47.468571,45.202857,0.003711,Thursday,2025-12-31,1,False,Wednesday,^GSPC,6898.819824,6901.419922,6844.549805,6845.500000,6845.500000,3261830000,6896.240234,-0.735767,0.037406,-0.772883,0.824654,-0.735767,-0.930420,0.665272,0.236184,1.561066,14.648863,6856.228003,-0.156471,6802.548994,0.631396,6286.451240,8.892915,9.024487,-1.248546,Yahoo Finance via yfinance,0.189471,1.109633,1.445770,1.366296,-7.330068,-0.309546,1.755751,-0.824632,2.290261,-7.721713,2.290261
2026-01-05,2026-01-04,2026-01-05T00:00:00Z,47.600000,neutral,2.371429,-7.257143,46.017143,45.781429,0.275656,Sunday,2026-01-02,2,False,Friday,^GSPC,6878.109863,6894.870117,6824.310059,6858.470215,6858.470215,4184120000,6845.500000,0.189471,0.476369,-0.285538,1.030751,0.189471,-1.061441,2.038852,0.127742,2.142802,16.108684,6856.665503,0.026321,6805.011396,0.785580,6292.670291,8.991412,8.987236,-1.061441,Yahoo Finance via yfinance,0.635413,1.571919,1.188888,1.720059,-4.810842,0.482467,1.748052,-1.012185,2.096817,-7.896222,2.096817
2026-01-06,2026-01-05,2026-01-06T00:00:00Z,52.857143,neutral,5.257143,4.971429,47.011429,46.517143,0.972306,Monday,2026-01-05,0,True,Monday,^GSPC,6892.189941,6920.379883,6891.560059,6902.049805,6902.049805,5771930000,6858.470215,0.635413,0.491651,0.143059,0.420208,0.635413,-0.402459,1.878886,0.655227,2.196265,17.349271,6858.911987,0.628931,6809.064395,1.365612,6298.804089,9.577147,9.256108,-0.432772,Yahoo Finance via yfinance,0.619671,1.089824,-1.524039,0.228342,-4.733811,-0.039405,1.221090,-1.637195,1.452177,-8.477766,1.452177
2026-01-07,2026-01-06,2026-01-07T00:00:00Z,48.571429,neutral,-4.285714,2.457143,47.502857,46.907143,0.260419,Tuesday,2026-01-06,0,True,Tuesday,^GSPC,6908.029785,6948.689941,6904.020020,6944.819824,6944.819824,5509680000,6902.049805,0.619671,0.086641,0.532569,0.647198,0.619671,0.565900,1.614161,1.083196,3.113683,18.339625,6862.632983,1.197599,6813.191992,1.931955,6305.213738,10.144083,9.474352,0.000000,Yahoo Finance via yfinance,-0.343992,0.272439,-0.996422,-0.894186,-5.214388,-0.655017,0.597715,-2.242967,0.827379,-9.041410,0.827379
2026-01-08,2026-01-07,2026-01-08T00:00:00Z,48.371429,neutral,-0.200000,5.114286,48.525714,47.278572,0.175137,Wednesday,2026-01-07,0,True,Wednesday,^GSPC,6945.069824,6965.689941,6919.189941,6920.930176,6920.930176,5214480000,6944.819824,-0.343992,0.003600,-0.347580,0.669564,-0.343992,0.358020,0.616995,1.086983,5.622585,16.465543,6866.354004,0.794835,6815.776797,1.542794,6311.480588,9.656206,9.472253,-0.343992,Yahoo Finance via yfinance,0.007655,0.081924,-0.109524,-1.770431,-4.466164,-0.508457,0.944958,-2.034413,1.175414,-8.727440,1.175414
2026-01-09,2026-01-08,2026-01-09T00:00:00Z,54.114286,neutral,5.742857,8.885715,50.302857,48.165714,1.015592,Thursday,2026-01-08,0,True,Thursday,^GSPC,6914.109863,6931.279785,6899.330078,6921.459961,6921.459961,5333200000,6920.930176,0.007655,-0.098546,0.106306,0.461639,0.007655,1.109633,0.168890,1.183394,4.008279,15.832970,6870.401514,0.743165,6816.702793,1.536772,6317.250039,9.564445,9.459150,-0.336364,Yahoo Finance via yfinance,0.647549,0.332448,-0.084521,0.156612,-4.400948,-0.516072,0.937232,-2.041911,1.167670,-8.734426,1.167670
2026-01-12,2026-01-11,2026-01-12T00:00:00Z,58.000000,greed,3.885714,10.400000,52.382857,48.878572,1.482953,Sunday,2026-01-09,2,False,Friday,^GSPC,6927.830078,6978.359863,6917.640137,6966.279785,6966.279785,5163900000,6921.459961,0.647549,0.092034,0.555004,0.877268,0.647549,1.571919,0.493793,1.155849,4.845796,17.892108,6874.381494,1.336823,6818.210586,2.171672,6323.198188,10.170195,9.436010,0.000000,Yahoo Finance via yfinance,0.157763,-0.377103,-0.230393,-0.020958,-2.633683,-1.156134,0.287819,-2.672157,0.516775,-9.321613,0.516775
2026-01-13,2026-01-12,2026-01-13T00:00:00Z,59.085714,greed,1.085714,6.228571,53.628572,49.868572,1.506329,Monday,2026-01-12,0,True,Monday,^GSPC,6944.120117,6986.330078,6934.069824,6977.270020,6977.270020,5019040000,6966.279785,0.157763,-0.318099,0.477381,0.750189,0.157763,1.089824,0.682980,1.105202,4.590124,17.894141,6878.194995,1.440422,6819.944189,2.306849,6329.523538,10.233732,9.427195,0.000000,Yahoo Finance via yfinance,-0.193912,-2.585684,0.019063,-0.508221,-2.187243,-2.697620,0.122685,-2.825462,0.358446,-9.464445,0.358446
2026-01-14,2026-01-13,2026-01-14T00:00:00Z,58.628571,greed,-0.457143,10.057142,55.640000,50.334286,1.291640,Tuesday,2026-01-13,0,True,Tuesday,^GSPC,6977.410156,6985.830078,6938.770020,6963.740234,6963.740234,5091730000,6977.270020,-0.193912,0.002008,-0.195917,0.674477,-0.193912,0.272439,0.839881,1.996805,5.048527,19.507335,6885.011499,1.143480,6822.772197,2.066140,6335.875688,9.909673,8.513103,-0.193912,Yahoo Finance via yfinance,-0.533336,-1.265414,0.205199,-0.319800,-2.108782,-2.508572,0.224012,-2.636663,0.553432,-9.288544,0.553432
2026-01-15,2026-01-14,2026-01-15T00:00:00Z,63.657143,greed,5.028572,15.285714,58.697143,51.197143,1.780373,Wednesday,2026-01-14,0,True,Wednesday,^GSPC,6937.410156,6941.299805,6885.740234,6926.600098,6926.600098,5530830000,6963.740234,-0.533336,-0.378103,-0.155823,0.797841,-0.533336,0.081924,0.440238,1.615054,3.940425,18.682980,6890.516016,0.523678,6824.500195,1.496079,6342.603989,9.207513,8.764065,-0.726214,Yahoo Finance via yfinance,0.257993,-0.191292,0.612273,-1.354782,-0.582679,-1.985827,0.761409,-2.114605,1.092595,-8.802153,1.092595
2026-01-16,2026-01-15,2026-01-16T00:00:00Z,63.771429,greed,0.114286,9.657143,60.628571,52.501429,1.663441,Thursday,2026-01-15,0,True,Thursday,^GSPC,6969.459961,6979.339844,6937.930176,6944.470215,6944.470215,5114050000,6926.600098,0.257993,0.618772,-0.358561,0.597835,0.257993,0.332448,1.445770,2.120661,3.108186,18.852935,6897.726538,0.677668,6826.350195,1.730354,6349.267090,9.374360,8.700586,-0.470095,Yahoo Finance via yfinance,-0.064230,-0.415588,-0.078342,-1.559518,0.329898,-2.238046,0.328745,-2.366492,0.832455,-9.036831,0.832455
2026-01-20,2026-01-19,2026-01-20T00:00:00Z,50.857143,neutral,-12.914286,-7.142857,59.200000,52.925714,-0.325229,Monday,2026-01-16,3,False,Friday,^GSPC,6960.540039,6967.299805,6925.089844,6940.009766,6940.009766,5356550000,6944.470215,-0.064230,0.231405,-0.294952,0.607821,-0.064230,-0.377103,1.188888,3.251980,3.038590,16.640581,6908.655518,0.453840,6829.719395,1.614859,6355.801790,9.191727,7.351622,-0.534023,Yahoo Finance via yfinance,-2.062676,0.147265,0.524930,-1.394660,1.195105,-2.175213,0.355192,-2.370454,0.897261,-8.978368,1.242512
2026-01-21,2026-01-20,2026-01-21T00:00:00Z,53.857143,neutral,3.000000,-5.228571,58.154286,53.408572,0.074507,Tuesday,2026-01-20,0,True,Tuesday,^GSPC,6865.240234,6871.169922,6789.049805,6796.859863,6796.859863,5769500000,6940.009766,-2.062676,-1.077369,-0.996038,1.183285,-2.062676,-2.585684,-1.524039,0.326212,1.454757,14.476517,6909.760522,-1.633930,6829.730791,-0.481292,6361.431238,6.844822,10.436793,-2.585684,Yahoo Finance via yfinance,1.158774,2.673885,1.779501,1.242488,3.596071,0.119174,2.824245,-0.314261,3.022277,-7.061345,3.742465
2026-01-22,2026-01-21,2026-01-22T00:00:00Z,54.771429,neutral,0.914286,-3.857142,57.382857,53.402857,0.227370,Wednesday,2026-01-21,0,True,Wednesday,^GSPC,6810.709961,6910.390137,6804.959961,6875.620117,6875.620117,5835520000,6796.859863,1.158774,0.203772,0.953060,1.551160,1.158774,-1.265414,-0.996422,0.601655,2.035785,14.657492,6911.816528,-0.523689,6832.836797,0.626143,6368.826738,7.957406,10.781325,-1.456872,Yahoo Finance via yfinance,0.548750,1.489461,0.103265,-0.199691,3.642434,0.261795,1.842156,-1.456161,1.842156,-8.125957,3.954551
2026-01-23,2026-01-22,2026-01-23T00:00:00Z,54.885714,neutral,0.114285,-8.771429,55.628572,53.218571,0.282186,Thursday,2026-01-22,0,True,Thursday,^GSPC,6914.439941,6934.750000,6893.620117,6913.350098,6913.350098,5307580000,6875.620117,0.548750,0.564601,-0.015762,0.598199,0.548750,-0.191292,-0.109524,0.506795,1.791309,14.284602,6913.559521,-0.003029,6836.527803,1.123703,6378.023088,8.393306,10.715000,-0.916117,Yahoo Finance via yfinance,0.032687,0.805104,-1.662728,-0.055550,2.832057,-0.615480,1.286347,-1.993970,1.286347,-8.627365,3.387213
2026-01-26,2026-01-25,2026-01-26T00:00:00Z,57.657143,greed,2.771429,-6.114286,54.405714,53.201429,0.755996,Sunday,2026-01-23,2,False,Friday,^GSPC,6907.850098,6932.959961,6895.500000,6915.609863,6915.609863,4871930000,6913.350098,0.032687,-0.079556,0.112333,0.541850,0.032687,-0.415588,-0.084521,0.084226,0.588346,13.624537,6913.850513,0.025447,6838.191396,1.132148,6387.289888,8.271426,10.595679,-0.883729,Yahoo Finance via yfinance,0.500608,0.338653,0.241337,-1.125857,2.145869,-0.647955,1.253251,-2.025994,1.253251,-8.657222,3.353430
2026-01-27,2026-01-26,2026-01-27T00:00:00Z,64.971429,greed,7.314286,14.114286,57.228572,53.707143,1.746140,Monday,2026-01-26,0,True,Monday,^GSPC,6923.229980,6964.660156,6921.600098,6950.229980,6950.229980,4968050000,6915.609863,0.500608,0.110187,0.389991,0.622650,0.500608,0.147265,-0.230393,0.262263,0.861135,13.589793,6914.759521,0.512967,6840.263799,1.607631,6397.127188,8.646112,10.684789,-0.387545,Yahoo Finance via yfinance,0.408190,0.377109,0.209919,-0.865585,2.700197,-1.142842,0.748893,-2.514017,0.748893,-9.112214,2.838612
2026-01-28,2026-01-27,2026-01-28T00:00:00Z,65.542857,greed,0.571428,11.685714,59.565714,54.590000,1.608217,Tuesday,2026-01-27,0,True,Tuesday,^GSPC,6965.959961,6988.819824,6958.830078,6978.600098,6978.600098,5331720000,6950.229980,0.408190,0.226323,0.181456,0.431493,0.408190,2.673885,0.019063,0.702173,1.277253,14.380025,6917.192529,0.887753,6842.817402,1.984310,6404.735688,8.960001,10.772983,0.000000,Yahoo Finance via yfinance,-0.008172,-0.871092,-0.527184,-0.465283,1.859969,-1.670110,0.339319,-2.910327,0.339319,-9.481700,2.424264
2026-01-29,2026-01-28,2026-01-29T00:00:00Z,63.828571,greed,-1.714286,9.057142,61.377143,55.475714,1.227974,Wednesday,2026-01-28,0,True,Wednesday,^GSPC,7002.000000,7002.279785,6963.459961,6978.029785,6978.029785,5507670000,6978.600098,-0.008172,0.335309,-0.342334,0.556270,-0.008172,1.489461,0.205199,1.046804,2.282061,16.062958,6920.807007,0.826822,6847.628193,1.904332,6413.285588,8.805848,10.678348,-0.008172,Yahoo Finance via yfinance,-0.129263,-1.365852,-0.523924,-0.991253,2.680560,-1.995262,0.215681,-2.902392,0.221412,-9.474302,2.730858
2026-01-30,2026-01-29,2026-01-30T00:00:00Z,58.600000,greed,-5.228571,3.714286,62.120000,56.242857,0.380849,Thursday,2026-01-29,0,True,Thursday,^GSPC,6977.740234,6992.839844,6870.799805,6969.009766,6969.009766,6877780000,6978.029785,-0.129263,-0.004149,-0.125119,1.748918,-0.129263,0.805104,0.612273,1.055206,1.883126,14.854221,6924.445483,0.643579,6852.326191,1.702832,6421.313838,8.529344,10.676410,-0.137425,Yahoo Finance via yfinance,-0.430190,-2.448122,-1.955084,-1.293295,2.940165,-2.710283,0.345391,-2.776718,0.351129,-9.357134,3.009473
2026-02-02,2026-02-01,2026-02-02T00:00:00Z,63.400000,greed,4.800000,5.742857,63.268571,57.151429,1.075615,Sunday,2026-01-30,2,False,Friday,^GSPC,6947.270020,6964.089844,6893.479980,6939.029785,6939.029785,6697340000,6969.009766,-0.430190,-0.311949,-0.118611,1.013198,-0.430190,0.338653,-0.078342,1.366296,1.270577,14.897724,6929.121973,0.142988,6857.658584,1.186574,6428.979136,7.933618,10.428578,-0.567024,Yahoo Finance via yfinance,0.539127,-0.096987,-1.482338,-0.827344,2.878933,-2.289944,0.778932,-2.356666,0.784695,-8.965513,3.454524
2026-02-03,2026-02-02,2026-02-03T00:00:00Z,43.342857,fear,-20.057143,-21.628572,58.942857,56.938572,-2.178892,Monday,2026-02-02,0,True,Monday,^GSPC,6916.640137,6991.919922,6914.339844,6976.439941,6976.439941,5772050000,6939.029785,0.539127,-0.322663,0.864579,1.118025,0.539127,0.377109,0.524930,1.720059,3.025750,14.910965,6935.020459,0.597251,6864.840986,1.625660,6436.878186,8.382351,10.554827,-0.030954,Yahoo Finance via yfinance,-0.840398,-0.166562,-1.909566,-2.290711,2.286413,-2.813900,0.238519,-3.813120,0.244251,-9.453673,2.899764
2026-02-04,2026-02-03,2026-02-04T00:00:00Z,47.228571,neutral,3.885714,-18.314286,55.280000,56.657143,-1.438906,Tuesday,2026-02-03,0,True,Tuesday,^GSPC,6985.450195,6993.080078,6862.049805,6917.810059,6917.810059,7017660000,6976.439941,-0.840398,0.129153,-0.968300,1.878182,-0.840398,-0.871092,1.779501,0.228342,1.788035,14.523234,6935.808472,-0.259500,6870.353984,0.690737,6445.088735,7.334598,10.834883,-0.871092,Yahoo Finance via yfinance,-0.507239,0.346931,-0.527624,-0.698343,4.209420,-1.990228,0.997715,-2.997916,1.093842,-8.686274,4.365833
2026-02-05,2026-02-04,2026-02-05T00:00:00Z,34.942857,fear,-12.285714,-28.885714,49.502857,55.975714,-2.632748,Wednesday,2026-02-04,0,True,Wednesday,^GSPC,6924.500000,6936.089844,6838.799805,6882.720215,6882.720215,7475750000,6917.810059,-0.507239,0.096706,-0.603362,1.406370,-0.507239,-1.365852,0.103265,-0.894186,2.416557,14.815915,6932.703491,-0.720978,6877.233193,0.079785,6453.088835,6.657763,10.736830,-1.373913,Yahoo Finance via yfinance,-1.225102,0.853587,-0.302643,-0.755664,5.047422,-1.490549,1.609244,-2.503375,1.609244,-8.220733,5.663456
2026-02-06,2026-02-05,2026-02-06T00:00:00Z,45.371429,neutral,10.428572,-13.228571,46.857143,55.825714,-1.280309,Thursday,2026-02-05,0,True,Thursday,^GSPC,6837.390137,6857.850098,6780.129883,6798.399902,6798.399902,6989120000,6882.720215,-1.225102,-0.658607,-0.570250,1.129208,-1.225102,-2.448122,-1.662728,-1.770431,1.034361,12.595812,6926.576978,-1.850511,6881.141387,-1.202438,6461.289834,5.217380,11.493615,-2.582183,Yahoo Finance via yfinance,1.969580,0.505411,1.634353,-0.858730,5.918306,0.269774,2.869500,-1.294128,2.869500,-7.082398,6.973996
2026-02-09,2026-02-08,2026-02-09T00:00:00Z,48.485714,neutral,3.114285,-14.914286,43.874286,55.544286,-0.848079,Sunday,2026-02-06,2,False,Friday,^GSPC,6816.740234,6944.890137,6816.740234,6932.299805,6932.299805,6283680000,6798.399902,1.969580,0.269774,1.695232,1.885001,1.969580,-0.096987,0.241337,0.156612,1.461700,14.366456,6927.118970,0.074791,6885.684981,0.676982,6469.512534,7.153356,13.620449,-0.663461,Yahoo Finance via yfinance,0.469109,-1.386695,-1.363902,-1.966297,4.715901,-1.987075,0.882538,-4.273614,0.882538,-8.877136,4.918425
2026-02-10,2026-02-09,2026-02-10T00:00:00Z,47.228571,neutral,-1.257143,3.885714,44.651428,55.005714,-0.914709,Monday,2026-02-09,0,True,Monday,^GSPC,6917.259766,6980.100098,6905.870117,6964.819824,6964.819824,5650260000,6932.299805,0.469109,-0.216956,0.687556,1.070784,0.469109,-0.166562,0.209919,-0.020958,1.726547,14.485738,6927.045972,0.545310,6889.663779,1.090852,6477.457334,7.523978,13.524288,-0.197465,Yahoo Finance via yfinance,-0.330371,-1.745912,-1.073251,-2.632370,5.747461,-2.718230,0.411499,-4.720578,0.411499,-9.302605,5.806330
2026-02-11,2026-02-10,2026-02-11T00:00:00Z,49.914286,neutral,2.685715,2.685715,45.188571,54.547143,-0.543891,Tuesday,2026-02-10,0,True,Tuesday,^GSPC,6974.490234,6986.830078,6937.529785,6941.810059,6941.810059,5595950000,6964.819824,-0.330371,0.138847,-0.468567,0.707847,-0.330371,0.346931,-0.527184,-0.508221,1.326685,15.197831,6925.272974,0.238793,6892.247783,0.719102,6484.742534,7.048353,13.560861,-0.527184,Yahoo Finance via yfinance,-0.004896,-0.871531,0.062229,-2.391455,5.694477,-2.395774,0.744329,-4.404759,0.744329,-9.001974,6.384645
2026-02-12,2026-02-11,2026-02-12T00:00:00Z,36.357143,fear,-13.557143,1.414286,45.471429,53.433571,-1.822543,Wednesday,2026-02-11,0,True,Wednesday,^GSPC,6976.479980,6993.479980,6911.970215,6941.470215,6941.470215,6175510000,6941.810059,-0.004896,0.499436,-0.501826,1.174186,-0.004896,0.853587,-0.523924,-0.319800,3.027537,14.424115,6924.159473,0.250005,6894.095391,0.687180,6491.823835,6.926349,13.545671,-0.532053,Yahoo Finance via yfinance,-1.566101,-1.146444,-0.469790,-3.873100,6.590246,-2.390995,0.457396,-4.400079,0.457396,-8.997518,6.627267
2026-02-13,2026-02-12,2026-02-13T00:00:00Z,33.842857,fear,-2.514286,-11.528572,43.165714,51.942857,-1.808661,Thursday,2026-02-12,0,True,Thursday,^GSPC,6957.540039,6973.220215,6824.040039,6832.759766,6832.759766,7118700000,6941.470215,-1.566101,0.231505,-1.793454,2.149115,-1.566101,0.505411,-1.955084,-1.354782,1.464929,12.593883,6919.467456,-1.253098,6894.497988,-0.895471,6498.343884,5.146171,14.532429,-2.089822,Yahoo Finance via yfinance,0.049909,1.123265,0.674985,-2.935415,8.489689,-0.838018,1.216201,-3.056449,1.752586,-7.549652,8.725763
2026-02-17,2026-02-16,2026-02-17T00:00:00Z,33.314286,fear,-0.528571,-15.171428,40.131429,50.420000,-1.641389,Monday,2026-02-13,3,False,Friday,^GSPC,6834.270020,6881.959961,6794.549805,6836.169922,6836.169922,5718360000,6832.759766,0.049909,0.022103,0.027800,1.279280,0.049909,-1.386695,-1.482338,-1.559518,2.454282,12.957759,6914.052441,-1.126438,6894.633984,-0.847965,6504.720584,5.095520,14.489952,-2.040956,Yahoo Finance via yfinance,0.103132,0.023113,0.664849,-2.000975,8.261791,-0.887484,1.181803,-3.104809,1.701828,-7.595770,8.671527
2026-02-18,2026-02-17,2026-02-18T00:00:00Z,34.157143,fear,0.842857,-13.071428,37.517143,49.585000,-1.398014,Tuesday,2026-02-17,0,True,Tuesday,^GSPC,6819.859863,6866.990234,6775.500000,6843.220215,6843.220215,5418480000,6836.169922,0.103132,-0.238585,0.342534,1.338326,0.103132,-1.745912,-1.909566,-1.394660,3.413775,11.907475,6909.212964,-0.955141,6894.503984,-0.743836,6511.091384,5.100970,14.503711,-1.939929,Yahoo Finance via yfinance,0.556607,0.684613,-0.388565,-1.857757,8.782850,-0.406096,1.077559,-3.204636,1.597049,-7.690971,9.013590
2026-02-19,2026-02-18,2026-02-19T00:00:00Z,34.400000,fear,0.242857,-15.514286,34.414286,48.612143,-1.237183,Wednesday,2026-02-18,0,True,Wednesday,^GSPC,6855.479980,6909.120117,6849.660156,6881.310059,6881.310059,5098160000,6843.220215,0.556607,0.179152,0.376780,0.868889,0.556607,-0.871531,-0.527624,1.242488,3.600484,12.538456,6913.435474,-0.464681,6894.987783,-0.198372,6517.477234,5.582418,12.573331,-1.394120,Yahoo Finance via yfinance,-0.282213,0.941969,-0.171625,-3.729084,9.008898,-0.957374,1.034682,-3.773263,1.034682,-8.201925,9.239666
2026-02-20,2026-02-19,2026-02-20T00:00:00Z,42.342857,fear,7.942857,5.985714,35.611429,47.990714,-0.492277,Thursday,2026-02-19,0,True,Thursday,^GSPC,6861.339844,6879.120117,6833.060059,6861.890137,6861.890137,5151690000,6881.310059,-0.282213,-0.290209,0.008020,0.669350,-0.282213,-1.146444,-0.302643,-0.199691,4.941769,11.947149,6912.748975,-0.735725,6894.817588,-0.477568,6523.353335,5.189613,11.934541,-1.672398,Yahoo Finance via yfinance,0.693972,0.684501,-0.454396,-3.722005,7.965879,-0.677072,1.320622,-4.431291,1.320622,-7.942126,9.548826
2026-02-23,2026-02-22,2026-02-23T00:00:00Z,32.542857,fear,-9.800000,-1.300000,35.351429,46.873571,-1.209560,Sunday,2026-02-20,2,False,Friday,^GSPC,6843.259766,6915.859863,6836.330078,6909.509766,6909.509766,5432480000,6861.890137,0.693972,-0.271505,0.968106,1.159007,0.693972,1.123265,1.634353,-0.055550,4.642132,12.456725,6912.556958,-0.044082,6896.077588,0.194780,6529.648984,5.817476,12.034993,-0.990031,Yahoo Finance via yfinance,-1.038565,-0.443300,-2.452992,-5.832972,7.142910,-1.361596,0.622331,-6.309995,0.622331,-8.576580,8.793827
2026-02-24,2026-02-23,2026-02-24T00:00:00Z,40.257143,fear,7.714286,6.942857,36.740000,46.003571,-0.493189,Monday,2026-02-23,0,True,Monday,^GSPC,6901.250000,6916.959961,6819.819824,6837.750000,6837.750000,5638350000,6909.509766,-1.038565,-0.119542,-0.920123,1.405890,-1.038565,0.023113,-1.363902,-1.125857,1.978039,11.773235,6908.663965,-1.026450,6896.022393,-0.845015,6535.803184,4.619888,12.584526,-2.018315,Yahoo Finance via yfinance,0.765161,0.641587,-0.610724,-3.754890,7.544293,-0.598149,1.678326,-5.326752,1.678326,-7.617123,9.935580
2026-02-25,2026-02-24,2026-02-25T00:00:00Z,43.142857,fear,2.885714,8.985714,38.537143,44.912143,-0.164274,Tuesday,2026-02-24,0,True,Tuesday,^GSPC,6837.370117,6899.169922,6815.430176,6890.069824,6890.069824,5266090000,6837.750000,0.765161,-0.005556,0.770760,1.224668,0.765161,0.684613,-1.073251,-0.865585,1.835533,14.583752,6905.655957,-0.225701,6896.090186,-0.087301,6542.097134,5.318978,12.772684,-1.268596,Yahoo Finance via yfinance,0.813636,-1.065881,-1.576034,-4.843198,7.879461,-2.607374,0.906231,-6.045654,0.906231,-8.318634,9.100783
2026-02-26,2026-02-25,2026-02-26T00:00:00Z,42.914286,fear,-0.228571,8.514286,40.240000,43.780714,-0.090106,Wednesday,2026-02-25,0,True,Wednesday,^GSPC,6915.149902,6952.509766,6915.149902,6946.129883,6946.129883,5328060000,6890.069824,0.813636,0.364003,0.448002,0.542228,0.813636,0.941969,0.062229,-0.465283,1.959895,16.092924,6904.032446,0.609751,6896.992783,0.712442,6548.508084,6.071945,13.039830,-0.465283,Yahoo Finance via yfinance,-0.536558,-1.103203,-2.452158,-5.099674,7.192355,-3.393400,0.016126,-6.803931,0.016126,-9.058566,8.220264
2026-02-27,2026-02-26,2026-02-27T00:00:00Z,41.171429,fear,-1.742857,-1.171428,40.005714,42.647857,-0.176071,Thursday,2026-02-26,0,True,Thursday,^GSPC,6944.740234,6947.250000,6859.729980,6908.859863,6908.859863,5889550000,6946.129883,-0.536558,-0.020006,-0.516655,1.259982,-0.536558,0.684501,-0.469790,-0.991253,0.872671,16.012927,6900.573950,0.120076,6898.621777,0.148408,6554.752832,5.402294,13.167672,-0.999344,Yahoo Finance via yfinance,-0.433935,-1.131155,-3.419374,-6.248494,8.172265,-2.872253,-0.113624,-6.301182,-0.113624,-8.567980,8.804061
2026-03-02,2026-03-01,2026-03-02T00:00:00Z,34.285714,fear,-6.885715,1.742857,40.354286,41.432143,-0.930019,Sunday,2026-02-27,2,False,Friday,^GSPC,6856.540039,6882.959961,6831.740234,6878.879883,6878.879883,6665660000,6908.859863,-0.433935,-0.757286,0.325818,0.741363,-0.433935,-0.443300,0.674985,-1.293295,0.972459,15.493796,6896.067456,-0.249237,6899.869180,-0.304198,6559.926282,4.862152,13.237288,-1.428943,Yahoo Finance via yfinance,0.039835,-2.018641,-3.586193,-7.414431,9.307333,-2.448945,0.321708,-7.600072,0.321708,-8.169495,9.597638
2026-03-03,2026-03-02,2026-03-03T00:00:00Z,31.628571,fear,-2.657143,-8.628572,38.628571,39.843571,-1.368230,Monday,2026-03-02,0,True,Monday,^GSPC,6824.359863,6901.009766,6796.850098,6881.620117,6881.620117,6079080000,6878.879883,0.039835,-0.792571,0.839057,1.514195,0.039835,0.641587,0.664849,-0.827344,0.765078,17.402340,6893.196973,-0.167946,6901.496387,-0.287999,6564.901633,4.824421,13.168748,-1.389677,Yahoo Finance via yfinance,-0.944403,-1.244327,-2.648217,-7.816472,9.281822,-3.568638,0.062773,-8.206061,0.062773,-8.206061,9.553996
2026-03-04,2026-03-03,2026-03-04T00:00:00Z,33.071429,fear,1.442858,-10.071428,36.614286,39.330000,-1.021463,Tuesday,2026-03-03,0,True,Tuesday,^GSPC,6800.259766,6840.049805,6710.419922,6816.629883,6816.629883,6442080000,6881.620117,-0.944403,-1.182285,0.240728,1.883712,-0.944403,-1.065881,-0.388565,-2.290711,-0.483090,14.478628,6885.206470,-0.995999,6903.400381,-1.256924,6569.521882,3.761431,13.357578,-2.320956,Yahoo Finance via yfinance,0.775605,-0.515649,-1.474923,-4.226573,10.958494,-2.649254,1.016779,-7.330891,1.016779,-7.330891,11.033170
2026-03-05,2026-03-04,2026-03-05T00:00:00Z,31.628571,fear,-1.442858,-11.285715,34.357143,38.550000,-1.141916,Wednesday,2026-03-04,0,True,Wednesday,^GSPC,6831.689941,6885.939941,6811.640137,6869.500000,6869.500000,5252170000,6816.629883,0.775605,0.220931,0.553451,1.089979,0.775605,-1.103203,-0.171625,-0.698343,0.180541,17.432967,6882.790967,-0.193104,6905.295186,-0.518373,6574.284731,4.490455,13.421042,-1.563352,Yahoo Finance via yfinance,-0.564670,-1.364003,-3.563575,-4.282410,10.343694,-3.398500,0.013541,-8.044106,0.013541,-8.044106,10.624935
2026-03-06,2026-03-05,2026-03-06T00:00:00Z,25.257143,fear,-6.371428,-15.914286,31.174286,38.065714,-1.907123,Thursday,2026-03-05,0,True,Thursday,^GSPC,6851.080078,6870.430176,6770.779785,6830.709961,6830.709961,5989300000,6869.500000,-0.564670,-0.268141,-0.297327,1.450621,-0.564670,-1.131155,-0.454396,-0.755664,-0.577695,18.216212,6880.190454,-0.719173,6905.219385,-1.079031,6578.646382,3.831542,13.449552,-2.119195,Yahoo Finance via yfinance,-1.327680,-2.314398,-3.282524,-3.630955,11.261641,-2.849922,0.210375,-7.521909,0.210375,-7.521909,11.520767
2026-03-09,2026-03-08,2026-03-09T00:00:00Z,22.228571,extreme fear,-3.028572,-12.057143,28.762857,36.908571,-1.996047,Sunday,2026-03-06,2,False,Friday,^GSPC,6769.029785,6773.419922,6711.560059,6740.020020,6740.020020,5793120000,6830.709961,-1.327680,-0.902983,-0.428566,0.905614,-1.327680,-2.018641,-2.452992,-0.858730,-1.555387,15.359353,6877.271460,-1.995725,6902.449981,-2.353222,6582.528481,2.392569,13.574338,-3.418738,Yahoo Finance via yfinance,0.830416,-1.599848,-3.464975,-1.901922,12.904409,-1.722548,1.558750,-6.277576,1.558750,-6.277576,13.069396
2026-03-10,2026-03-09,2026-03-10T00:00:00Z,20.271429,extreme fear,-1.957142,-11.357142,26.491429,35.497857,-1.973829,Monday,2026-03-09,0,True,Monday,^GSPC,6699.799805,6810.439941,6636.040039,6795.990234,6795.990234,6709410000,6740.020020,0.830416,-0.596737,1.435721,2.587528,0.830416,-1.244327,-0.610724,-1.966297,-0.650822,18.427577,6870.455982,-1.083855,6900.173984,-1.509871,6586.806133,3.175805,11.827903,-2.616712,Yahoo Finance via yfinance,-0.213512,-1.421579,-3.163487,-2.635968,11.149073,-2.531939,0.722335,-7.049452,0.722335,-7.049452,12.138182
2026-03-11,2026-03-10,2026-03-11T00:00:00Z,18.314286,extreme fear,-1.957143,-14.757143,23.540000,34.052143,-1.942999,Tuesday,2026-03-10,0,True,Tuesday,^GSPC,6796.560059,6845.080078,6759.740234,6781.479980,6781.479980,5944950000,6795.990234,-0.213512,0.008385,-0.221878,1.255738,-0.213512,-0.515649,-1.576034,-2.632370,-1.527589,17.525905,6861.288989,-1.163178,6897.162588,-1.677249,6591.490483,2.882345,11.641607,-2.824637,Yahoo Finance via yfinance,-0.083760,-0.964246,-3.319480,0.019613,11.838567,-2.323387,0.437514,-6.850567,0.437514,-6.850567,12.378123
2026-03-13,2026-03-12,2026-03-13T00:00:00Z,16.671429,extreme fear,-1.642857,-14.957142,20.548572,32.390000,-1.944344,Thursday,2026-03-12,0,True,Thursday,^GSPC,6740.879883,6740.879883,6670.399902,6672.620117,6672.620117,6292170000,6775.799805,-1.522768,-0.515362,-1.012624,1.040172,-1.522768,-2.314398,-3.419374,-3.873100,-2.267185,19.751194,6839.545972,-2.440598,6889.417383,-3.146816,6600.508435,1.092517,12.627224,-4.384547,Yahoo Finance via yfinance,-0.605912,-0.991063,-2.929284,2.162119,10.986837,-1.720468,1.224102,-5.330889,2.594931,-5.330889,14.211506
2026-03-16,2026-03-15,2026-03-16T00:00:00Z,23.914286,extreme fear,7.242857,-1.342857,20.280000,31.767857,-0.953084,Sunday,2026-03-13,2,False,Friday,^GSPC,6673.490234,6733.299805,6623.919922,6632.189941,6632.189941,5337120000,6672.620117,-0.605912,0.013040,-0.618871,1.639234,-0.605912,-1.599848,-3.586193,-2.935415,-2.704021,18.446773,6829.517481,-2.889334,6884.136377,-3.659812,6604.061685,0.425924,11.667185,-4.963892,Yahoo Finance via yfinance,1.013088,-1.895452,-3.970632,3.830564,11.375729,-2.392421,1.841170,-4.753781,3.842020,-4.753781,14.907745
2026-03-17,2026-03-16,2026-03-17T00:00:00Z,22.885714,extreme fear,-1.028572,0.657143,20.411429,31.220000,-0.985564,Monday,2026-03-16,0,True,Monday,^GSPC,6674.370117,6729.790039,6674.370117,6699.379883,6699.379883,5176290000,6632.189941,1.013088,0.635992,0.374714,0.835620,1.013088,-1.421579,-2.648217,-2.000975,-1.483471,21.332167,6822.677979,-1.807180,6881.213975,-2.642471,6608.115835,1.381090,12.362245,-4.001092,Yahoo Finance via yfinance,0.249425,-1.767027,-5.308845,4.000370,8.472580,-3.371355,0.819776,-5.709032,4.030821,-5.709032,13.755303
2026-03-18,2026-03-17,2026-03-18T00:00:00Z,13.614286,extreme fear,-9.271428,-6.657143,19.080000,30.235000,-1.786331,Tuesday,2026-03-17,0,True,Tuesday,^GSPC,6722.350098,6754.299805,6710.799805,6716.089844,6716.089844,5063390000,6699.379883,0.249425,0.342871,-0.093126,0.649314,0.249425,-0.964246,-1.474923,-1.857757,-0.079452,19.101993,6816.321460,-1.470465,6878.366367,-2.359231,6612.135435,1.572176,12.404667,-3.761646,Yahoo Finance via yfinance,-1.360757,-2.378165,-2.792843,4.569033,10.098286,-3.611772,-0.162441,-5.943632,4.618020,-5.943632,13.472274
2026-03-19,2026-03-18,2026-03-19T00:00:00Z,18.314286,extreme fear,4.700000,0.000000,19.080000,29.442857,-1.156590,Wednesday,2026-03-18,0,True,Wednesday,^GSPC,6697.160156,6705.180176,6621.660156,6624.700195,6624.700195,5275480000,6716.089844,-1.360757,-0.281856,-1.081951,1.243581,-1.360757,-2.229989,-3.563575,-3.729084,-2.214980,16.732334,6803.490967,-2.627927,6872.819375,-3.610151,6615.700486,0.136036,12.933246,-5.071216,Yahoo Finance via yfinance,-0.274880,-0.495121,-0.745398,6.288278,12.178057,-2.282068,0.406357,-4.646098,6.438477,-4.646098,15.037657
2026-03-20,2026-03-19,2026-03-20T00:00:00Z,8.400000,extreme fear,-9.914286,-8.271429,17.425714,28.142857,-1.858785,Thursday,2026-03-19,0,True,Thursday,^GSPC,6583.120117,6636.740234,6557.819824,6606.490234,6606.490234,5973390000,6624.700195,-0.274880,-0.627652,0.355001,1.191305,-0.274880,-0.991063,-3.282524,-3.722005,-3.336159,17.665006,6790.720972,-2.712978,6866.052783,-3.780375,6619.053237,-0.189801,12.932554,-5.332156,Yahoo Finance via yfinance,-1.513818,-1.957622,-0.360256,7.864536,14.346495,-2.012721,0.683114,-4.383267,8.189368,-4.383267,15.354744
2026-03-23,2026-03-22,2026-03-23T00:00:00Z,11.628571,extreme fear,3.228571,-12.285715,14.968571,26.607143,-1.402427,Sunday,2026-03-20,2,False,Friday,^GSPC,6594.660156,6594.660156,6473.520020,6506.479980,6506.479980,10025820000,6606.490234,-1.513818,-0.179068,-1.337145,1.833653,-1.513818,-1.895452,-3.464975,-5.832972,-5.408313,14.645770,6770.569482,-3.900551,6857.763779,-5.122425,6621.733787,-1.740538,13.308422,-6.765255,Yahoo Finance via yfinance,1.145320,-2.115274,1.619157,9.262461,15.444144,-2.311540,2.230701,-2.913554,9.852332,-2.913554,17.127847
2026-03-24,2026-03-23,2026-03-24T00:00:00Z,10.357143,extreme fear,-1.271428,-12.528571,12.462857,25.497857,-1.355199,Monday,2026-03-23,0,True,Monday,^GSPC,6574.959961,6651.620117,6565.549805,6581.000000,6581.000000,6020650000,6506.479980,1.145320,1.052489,0.091864,1.322840,1.145320,-1.767027,-3.163487,-3.754890,-4.758322,16.212744,6757.731982,-2.615256,6850.954580,-3.940394,6624.784736,-0.660923,13.936698,-5.697419,Yahoo Finance via yfinance,-0.374257,-3.605528,0.544752,7.339459,12.750343,-4.012914,0.804436,-4.012914,8.608418,-4.012914,15.801548
2026-03-25,2026-03-24,2026-03-25T00:00:00Z,16.542857,extreme fear,6.185714,2.928571,13.048571,24.312143,-0.721061,Tuesday,2026-03-24,0,True,Tuesday,^GSPC,6552.089844,6595.750000,6525.109863,6556.370117,6556.370117,5278580000,6581.000000,-0.374257,-0.439297,0.065327,1.073395,-0.374257,-2.378165,-3.319480,-4.843198,-5.419460,15.682411,6741.046997,-2.739587,6842.756387,-4.185247,6627.870088,-1.078777,13.483166,-6.050354,Yahoo Finance via yfinance,0.541912,-0.424779,3.453739,8.869691,14.401413,-3.652325,1.183121,-3.652325,9.016421,-3.652325,16.236572
2026-03-26,2026-03-25,2026-03-26T00:00:00Z,10.257143,extreme fear,-6.285714,-8.057143,11.437143,22.667857,-1.211252,Wednesday,2026-03-25,0,True,Wednesday,^GSPC,6598.350098,6633.939941,6568.410156,6591.899902,6591.899902,4936720000,6556.370117,0.541912,0.640293,-0.097755,0.999483,0.541912,-0.495121,-2.714069,-5.099674,-4.877965,14.292503,6723.335498,-1.954917,6835.048984,-3.557386,6630.827788,-0.587074,13.232512,-5.541229,Yahoo Finance via yfinance,-1.740617,-0.251522,3.531004,7.835374,13.363221,-4.171631,0.269574,-4.171631,8.432772,-4.171631,15.610067
2026-03-27,2026-03-26,2026-03-27T00:00:00Z,8.171429,extreme fear,-2.085714,-0.228571,11.391429,20.930714,-1.335384,Thursday,2026-03-26,0,True,Thursday,^GSPC,6555.859863,6573.220215,6473.790039,6477.160156,6477.160156,4845560000,6591.899902,-1.740617,-0.546732,-1.200448,1.508369,-1.740617,-1.957622,-2.929284,-6.248494,-6.206142,12.126583,6701.750513,-3.351219,6825.317383,-5.100968,6633.184189,-2.352174,14.221856,-7.185394,Yahoo Finance via yfinance,-1.672184,1.629260,5.245045,10.620703,13.714341,-2.474078,2.045800,-2.474078,10.674889,-2.474078,17.658043
2026-03-30,2026-03-29,2026-03-30T00:00:00Z,5.771429,extreme fear,-2.400000,-5.857142,10.220000,19.160714,-1.510930,Sunday,2026-03-27,2,False,Friday,^GSPC,6453.890137,6453.890137,6356.080078,6368.850098,6368.850098,5303490000,6477.160156,-1.672184,-0.359263,-1.317656,1.510076,-1.672184,-2.115274,-3.970632,-7.414431,-7.647502,11.495569,6676.249023,-4.604366,6814.162383,-6.535099,6634.834390,-4.008906,15.012644,-8.737426,Yahoo Finance via yfinance,-0.394575,3.815131,8.123761,12.640587,15.534517,-0.815531,3.914047,-0.815531,12.716426,-0.815531,19.658962
2026-03-31,2026-03-30,2026-03-31T00:00:00Z,14.885714,extreme fear,9.114285,4.528571,11.125714,18.190714,-0.405409,Monday,2026-03-30,0,True,Monday,^GSPC,6403.370117,6427.310059,6316.910156,6343.720215,6343.720215,5458640000,6368.850098,-0.394575,0.542013,-0.931539,1.733435,-0.394575,-3.605528,-5.308845,-7.816472,-7.330068,11.424113,6649.354028,-4.596444,6802.147383,-6.739448,6636.441790,-4.410821,14.930415,-9.097525,Yahoo Finance via yfinance,2.913114,4.305516,9.831135,12.533333,15.980686,0.822225,4.327737,0.822225,13.162939,0.822225,20.132976
2026-04-01,2026-03-31,2026-04-01T00:00:00Z,15.857143,extreme fear,0.971429,-0.685714,10.988572,17.402143,-0.205385,Tuesday,2026-03-31,0,True,Tuesday,^GSPC,6395.879883,6539.049805,6395.879883,6528.520020,6528.520020,6396100000,6343.720215,2.913114,0.822225,2.073837,2.256876,2.913114,-0.424779,-2.792843,-4.226573,-4.810842,16.978862,6634.948535,-1.604059,6793.917588,-3.906400,6638.858091,-1.662004,18.838761,-6.449432,Yahoo Finance via yfinance,0.716852,3.895064,7.573388,9.304255,12.644520,-0.820708,4.058806,-0.820708,9.959688,-0.820708,16.732428
2026-04-02,2026-04-01,2026-04-02T00:00:00Z,18.285714,extreme fear,2.428571,8.028571,12.594286,16.662857,0.247108,Wednesday,2026-04-01,0,True,Wednesday,^GSPC,6556.560059,6609.669922,6554.290039,6575.319824,6575.319824,5637260000,6528.520020,0.716852,0.429501,0.286122,0.848276,0.716852,-0.251522,-0.745398,-4.282410,-4.733811,17.168486,6620.239526,-0.678521,6789.486787,-3.154391,6641.849839,-1.001679,18.799145,-5.778813,Yahoo Finance via yfinance,0.112088,3.792064,7.086499,9.637401,13.156932,-1.526616,3.954032,-1.526616,9.801961,-1.526616,15.901585
2026-04-06,2026-04-05,2026-04-06T00:00:00Z,21.857143,extreme fear,3.571429,13.685714,15.331429,16.174286,0.996662,Sunday,2026-04-02,3,False,Thursday,^GSPC,6512.609863,6601.910156,6474.939941,6582.689941,6582.689941,4740740000,6575.319824,0.112088,-0.953717,1.076067,1.931012,0.112088,1.629260,-0.360256,-3.630955,-5.214388,16.857950,6607.838525,-0.380587,6783.628184,-2.962106,6644.597739,-0.931701,18.784220,-5.673203,Yahoo Finance via yfinance,0.442678,3.557819,8.254530,9.835344,13.925461,-0.731314,3.996544,-0.731314,10.479456,-0.731314,15.771819
2026-04-07,2026-04-06,2026-04-07T00:00:00Z,21.571429,extreme fear,-0.285714,15.800000,18.491429,15.990000,1.024729,Monday,2026-04-06,0,True,Monday,^GSPC,6587.660156,6618.129883,6579.720215,6611.830078,6611.830078,3906440000,6582.689941,0.442678,0.075504,0.366897,0.583495,0.442678,3.815131,1.619157,-1.901922,-4.466164,16.590809,6601.429028,0.157558,6777.597783,-2.445818,6647.743289,-0.540232,18.394377,-5.255639,Yahoo Finance via yfinance,0.075925,4.150291,7.521519,8.907064,13.179406,-1.168818,4.161782,-1.168818,9.992543,-1.168818,15.261581
2026-04-08,2026-04-07,2026-04-08T00:00:00Z,29.171429,fear,7.600000,14.285715,21.348572,16.337143,2.120388,Tuesday,2026-04-07,0,True,Tuesday,^GSPC,6601.930176,6618.259766,6534.549805,6616.850098,6616.850098,4555680000,6611.830078,0.075925,-0.149730,0.225993,1.266063,0.075925,4.305516,0.544752,-2.635968,-4.400948,22.613278,6592.472021,0.369787,6771.622588,-2.285604,6650.923188,-0.512306,18.086252,-5.183704,Yahoo Finance via yfinance,2.508141,5.297533,6.757893,9.708095,13.093694,1.865384,5.328363,1.865384,9.920274,1.865384,15.174136
2026-04-09,2026-04-08,2026-04-09T00:00:00Z,33.800000,fear,4.628571,17.942857,24.937143,17.013572,2.341630,Wednesday,2026-04-08,0,True,Wednesday,^GSPC,6754.359863,6793.500000,6740.279785,6782.810059,6782.810059,5904880000,6616.850098,2.508141,2.078176,0.421212,0.804313,2.508141,3.895064,3.453739,0.019613,-2.633683,33.675661,6592.538525,2.886165,6768.274189,0.214765,6654.998040,1.920542,20.352492,-2.805578,Yahoo Finance via yfinance,0.617002,3.540423,5.235144,8.585086,11.125479,-0.313443,3.588928,-0.313443,8.645534,-0.313443,12.356086
2026-04-10,2026-04-09,2026-04-10T00:00:00Z,38.057143,fear,4.257143,19.771429,28.891429,18.000714,2.338120,Thursday,2026-04-09,0,True,Thursday,^GSPC,6783.689941,6835.310059,6761.549805,6824.660156,6824.660156,4912410000,6782.810059,0.617002,0.012972,0.603952,1.087459,0.617002,3.792064,3.531004,0.721101,-2.187243,34.814759,6594.981543,3.482627,6765.195391,0.878981,6658.995491,2.487833,20.461958,-2.205886,Yahoo Finance via yfinance,-0.113852,3.174072,4.157566,7.508795,9.951997,-0.507573,3.319870,-0.507573,8.210810,-0.507573,11.667097
2026-04-13,2026-04-12,2026-04-13T00:00:00Z,40.971429,fear,2.914286,19.114286,32.714286,19.215714,2.178769,Sunday,2026-04-10,2,False,Friday,^GSPC,6839.240234,6845.770020,6808.459961,6816.890137,6816.890137,4393220000,6824.660156,-0.113852,0.213638,-0.326792,0.546695,-0.113852,3.557819,5.245045,2.162119,-2.108782,36.809247,6602.195044,3.251874,6761.972598,0.812153,6662.619041,2.315472,19.625387,-2.317226,Yahoo Finance via yfinance,1.017327,4.535351,5.107753,8.538205,9.767208,-0.394170,4.850157,-0.394170,8.575903,-0.394170,11.794378
2026-04-14,2026-04-13,2026-04-14T00:00:00Z,47.257143,neutral,6.285714,25.685714,37.851429,20.382857,2.283590,Monday,2026-04-13,0,True,Monday,^GSPC,6806.470215,6887.000000,6790.020020,6886.240234,6886.240234,4785840000,6816.890137,1.017327,-0.152854,1.171973,1.422643,1.017327,4.150291,8.123761,3.830564,-0.582679,26.193266,6614.897559,4.101994,6760.317207,1.862679,6666.589441,3.294800,19.681137,-1.323473,Yahoo Finance via yfinance,1.178287,3.236888,4.177460,7.647128,9.546572,0.274891,3.794230,0.274891,7.881369,0.274891,10.668516
2026-04-15,2026-04-14,2026-04-15T00:00:00Z,56.200000,greed,8.942857,27.028571,43.257143,22.048572,2.398348,Tuesday,2026-04-14,0,True,Tuesday,^GSPC,6910.200195,6969.419922,6905.169922,6967.379883,6967.379883,5032380000,6886.240234,1.178287,0.347940,0.827468,0.933020,1.178287,5.297533,9.831135,4.000370,0.329898,32.257290,6628.297559,5.115677,6760.884209,3.054270,6670.721240,4.447175,19.780653,-0.160780,Yahoo Finance via yfinance,0.797578,1.386890,2.460321,6.223000,8.726527,-0.003588,2.585479,-0.003588,6.625020,-0.003588,9.379710
2026-04-16,2026-04-15,2026-04-16T00:00:00Z,61.485714,greed,5.285714,27.685714,48.794286,24.442143,2.234430,Wednesday,2026-04-15,0,True,Wednesday,^GSPC,6978.169922,7026.240234,6967.129883,7022.950195,7022.950195,5278610000,6967.379883,0.797578,0.154865,0.641719,0.848387,0.797578,3.540423,7.573388,4.569033,1.195105,30.943110,6643.640576,5.709364,6761.814414,3.861919,6674.970642,5.213200,19.892855,0.000000,Yahoo Finance via yfinance,0.260996,1.636772,1.609010,5.998901,7.011151,-0.205472,1.773754,-0.205472,6.223735,-0.205472,8.514224
2026-04-17,2026-04-16,2026-04-17T00:00:00Z,68.571429,greed,7.085715,30.514286,54.897143,26.955000,2.167290,Thursday,2026-04-16,0,True,Thursday,^GSPC,7037.779785,7051.229980,7008.520020,7041.279785,7041.279785,5173650000,7022.950195,0.260996,0.211159,0.049732,0.608148,0.260996,3.174072,7.086499,6.288278,3.596071,30.250066,6664.469556,5.654017,6764.283809,4.094979,6679.152290,5.421758,18.983834,0.000000,Yahoo Finance via yfinance,1.204046,0.953237,2.382095,6.532342,7.133789,0.074845,1.512509,0.074845,6.757867,0.074845,8.231744
2026-04-20,2026-04-19,2026-04-20T00:00:00Z,69.971429,greed,1.400000,29.000000,60.697143,30.033572,1.908278,Sunday,2026-04-17,2,False,Friday,^GSPC,7074.549805,7147.520020,7074.549805,7126.060059,7126.060059,6145300000,7041.279785,1.204046,0.472500,0.728106,1.036320,1.204046,4.535351,8.254530,7.864536,3.642434,32.046485,6690.448047,6.510954,6769.150605,5.272588,6683.792542,6.617014,19.102760,0.000000,Yahoo Finance via yfinance,-0.237437,0.547568,1.460275,3.963480,6.263487,-1.115767,0.596820,-1.115767,5.487746,-1.115767,6.944087
2026-04-21,2026-04-20,2026-04-21T00:00:00Z,67.571429,greed,-2.400000,20.314286,64.760000,32.830714,1.575692,Monday,2026-04-20,0,True,Monday,^GSPC,7117.049805,7122.649902,7084.410156,7109.140137,7109.140137,4661130000,7126.060059,-0.237437,-0.126441,-0.111137,0.536618,-0.237437,3.236888,7.521519,9.262461,2.832057,34.752542,6720.581055,5.781629,6775.365410,4.926299,6688.201143,6.293755,17.919708,-0.237437,Yahoo Finance via yfinance,-0.634822,0.911081,1.288621,4.134251,5.973013,-0.880421,0.979023,-0.880421,5.738809,-0.880421,7.198617
2026-04-22,2026-04-21,2026-04-22T00:00:00Z,68.457143,greed,0.885714,12.257143,67.211429,35.735714,1.438465,Tuesday,2026-04-21,0,True,Tuesday,^GSPC,7122.640137,7137.270020,7050.200195,7064.009766,7064.009766,5160270000,7109.140137,-0.634822,0.189896,-0.823155,1.224759,-0.634822,1.386890,6.757893,7.339459,2.145869,33.719679,6744.731543,4.733742,6777.999609,4.219684,6692.124441,5.557059,18.116479,-0.870752,Yahoo Finance via yfinance,1.046008,1.058748,2.763451,4.099656,5.573041,-0.247168,1.624155,-0.247168,6.414351,-0.247168,7.883485
2026-04-23,2026-04-22,2026-04-23T00:00:00Z,66.171429,greed,-2.285714,4.685715,68.148572,38.217143,1.202591,Wednesday,2026-04-22,0,True,Wednesday,^GSPC,7102.910156,7138.640137,7102.910156,7137.899902,7137.899902,4919460000,7064.009766,1.046008,0.550684,0.492611,0.505803,1.046008,1.636772,5.235144,8.869691,2.700197,38.379660,6773.808032,5.374995,6781.461211,5.256075,6696.664041,6.588891,18.053419,0.000000,Yahoo Finance via yfinance,-0.413287,-0.027315,3.183292,4.133853,4.278288,-1.279790,0.572162,-1.279790,5.312770,-1.279790,6.766696
2026-04-24,2026-04-23,2026-04-24T00:00:00Z,65.400000,greed,-0.771429,-3.171429,67.514286,40.974286,1.060910,Thursday,2026-04-23,0,True,Thursday,^GSPC,7118.799805,7147.779785,7046.549805,7108.399902,7108.399902,5307260000,7137.899902,-0.413287,-0.267587,-0.146091,1.418204,-0.413287,0.953237,4.157566,7.835374,1.859969,34.431219,6799.633032,4.540934,6784.793008,4.769591,6701.078440,6.078446,18.293041,-0.413287,Yahoo Finance via yfinance,0.797369,1.415366,3.217461,4.745376,5.638404,-0.007597,1.567585,-0.007597,5.749820,-0.007597,7.209780
2026-04-27,2026-04-26,2026-04-27T00:00:00Z,66.285714,greed,0.885714,-3.685715,66.777143,43.880000,1.003748,Sunday,2026-04-24,2,False,Friday,^GSPC,7136.479980,7168.589844,7112.819824,7165.080078,7165.080078,4608830000,7108.399902,0.797369,0.395027,0.400759,0.784565,0.797369,0.547568,5.107753,10.620703,2.680560,33.282494,6834.029028,4.844156,6789.265205,5.535428,6705.587542,6.852383,16.515119,0.000000,Yahoo Finance via yfinance,0.123238,0.907736,3.263747,4.304071,4.659821,-0.798598,1.499494,-0.798598,4.913274,-0.798598,6.361685
2026-04-28,2026-04-27,2026-04-28T00:00:00Z,67.428571,greed,1.142857,-0.142858,66.748571,46.962857,0.974535,Monday,2026-04-27,0,True,Monday,^GSPC,7152.720215,7178.740234,7146.720215,7173.910156,7173.910156,4783750000,7165.080078,0.123238,-0.172501,0.296250,0.446890,0.123238,0.911081,4.177460,12.640587,2.940165,30.796918,6874.282031,4.358682,6796.088213,5.559403,6710.054792,6.912840,14.470197,0.000000,Yahoo Finance via yfinance,-0.489417,0.374131,3.330536,4.812020,3.267251,-0.920701,1.374562,-0.920701,5.090386,-0.920701,6.230769
2026-04-29,2026-04-28,2026-04-29T00:00:00Z,66.228571,greed,-1.200000,-2.228572,66.302857,49.530000,0.835488,Tuesday,2026-04-28,0,True,Tuesday,^GSPC,7133.740234,7152.520020,7115.169922,7138.799805,7138.799805,4900650000,7173.910156,-0.489417,-0.559945,0.070925,0.520638,-0.489417,1.058748,2.460321,12.533333,2.878933,29.204136,6914.036011,3.250833,6802.140811,4.949309,6714.450042,6.319948,14.560364,-0.489417,Yahoo Finance via yfinance,-0.039917,1.686844,3.672328,5.344877,3.826696,-0.433405,1.883509,-0.433405,5.607246,-0.433405,6.753237
2026-04-30,2026-04-29,2026-04-30T00:00:00Z,69.514286,greed,3.285715,3.342857,66.971428,52.212857,0.920562,Wednesday,2026-04-29,0,True,Wednesday,^GSPC,7131.609863,7145.629883,7107.859863,7135.950195,7135.950195,5123100000,7138.799805,-0.039917,-0.100716,0.060860,0.529081,-0.039917,-0.027315,1.609010,9.304255,2.286413,29.069866,6944.407519,2.758229,6807.995410,4.817200,6718.786992,6.208907,11.848281,-0.529139,Yahoo Finance via yfinance,1.023824,3.211484,4.320375,5.993311,3.884976,-0.137337,3.268941,-0.137337,6.064645,-0.137337,6.795867
2026-05-01,2026-04-30,2026-05-01T00:00:00Z,71.171429,greed,1.657143,5.771429,68.125714,54.857143,0.935372,Thursday,2026-04-30,0,True,Thursday,^GSPC,7161.750000,7219.830078,7126.149902,7209.009766,7209.009766,5723790000,7135.950195,1.023824,0.361547,0.659891,1.312792,1.023824,1.415366,2.382095,9.637401,4.209420,29.639095,6976.092017,3.338800,6814.549404,5.788502,6723.613242,7.219281,11.989776,0.000000,Yahoo Finance via yfinance,0.292833,1.776944,4.053684,5.147036,3.048547,-0.483973,2.441532,-0.483973,5.415031,-0.483973,5.713547
2026-05-04,2026-05-03,2026-05-04T00:00:00Z,66.885714,greed,-4.285715,0.600000,68.245714,57.108572,0.619391,Sunday,2026-05-01,2,False,Friday,^GSPC,7234.540039,7272.520020,7229.319824,7230.120117,7230.120117,4847390000,7209.009766,0.292833,0.354144,-0.061095,0.599253,0.292833,0.907736,1.460275,9.835344,5.047422,29.826578,7008.463525,3.162699,6821.914004,5.983748,6728.445342,7.456028,11.936503,0.000000,Yahoo Finance via yfinance,-0.406219,2.334817,2.467177,5.115266,1.189880,-0.774538,2.370360,-0.774538,5.360077,-0.774538,5.404886
2026-05-05,2026-05-04,2026-05-05T00:00:00Z,67.257143,greed,0.371429,-0.171428,68.211429,59.392857,0.581934,Monday,2026-05-04,0,True,Monday,^GSPC,7228.379883,7244.540039,7174.120117,7200.750000,7200.750000,5215480000,7230.120117,-0.406219,-0.024069,-0.382242,0.973980,-0.406219,0.374131,1.288621,8.907064,5.918306,28.489828,7037.909522,2.313762,6827.738809,5.463173,6732.962292,6.947725,12.338512,-0.406219,Yahoo Finance via yfinance,0.812002,2.945385,2.809427,5.680378,3.289656,0.456482,3.169395,0.456482,5.834808,0.456482,5.834808
2026-05-06,2026-05-05,2026-05-06T00:00:00Z,68.742857,greed,1.485714,2.514286,68.714286,61.371429,0.634339,Tuesday,2026-05-05,0,True,Tuesday,^GSPC,7233.620117,7273.259766,7233.620117,7259.220215,7259.220215,5279760000,7200.750000,0.812002,0.456482,0.353904,0.550493,0.812002,1.686844,2.763451,9.708095,4.715901,27.653272,7070.028027,2.675975,6836.168213,6.188438,6737.774443,7.739140,12.334698,0.000000,Yahoo Finance via yfinance,1.458833,1.952548,1.300273,4.056358,3.175272,0.481042,2.338405,0.481042,4.982349,-0.294386,4.982349
2026-05-07,2026-05-06,2026-05-07T00:00:00Z,67.285714,greed,-1.457143,-2.228572,68.268571,63.045714,0.437509,Wednesday,2026-05-06,0,True,Wednesday,^GSPC,7294.140137,7369.220215,7294.140137,7365.120117,7365.120117,6579640000,7259.220215,1.458833,0.481042,0.973110,1.034272,1.458833,3.211484,3.183292,8.585086,5.747461,30.347344,7099.143530,3.746601,6845.669219,7.588022,6743.072043,9.224995,10.450331,0.000000,Yahoo Finance via yfinance,-0.380310,1.074387,0.921235,2.976054,3.195873,-0.595647,1.288776,-0.595647,3.472853,-1.728010,3.472853
2026-05-08,2026-05-07,2026-05-08T00:00:00Z,67.285714,greed,0.000000,-3.885715,67.491428,64.507143,0.359452,Thursday,2026-05-07,0,True,Thursday,^GSPC,7376.779785,7385.020020,7321.250000,7337.109863,7337.109863,6237040000,7365.120117,-0.380310,0.158309,-0.537767,0.865838,-0.380310,1.776944,3.217461,7.508795,5.694477,30.858345,7124.766016,2.980362,6853.488818,7.056567,6748.209492,8.726765,10.788437,-0.380310,Yahoo Finance via yfinance,0.842570,2.236989,1.480288,0.635541,5.443699,0.019492,2.453422,-0.046744,3.867872,-1.352846,5.739318
2026-05-11,2026-05-10,2026-05-11T00:00:00Z,66.628571,greed,-0.657143,-0.257143,67.440000,65.790000,0.155441,Sunday,2026-05-08,2,False,Friday,^GSPC,7362.970215,7401.500000,7362.970215,7398.930176,7398.930176,5302740000,7337.109863,0.842570,0.352460,0.488389,0.525136,0.842570,2.334817,3.263747,8.538205,6.590246,31.389852,7153.868018,3.425590,6863.290225,7.804419,6753.409592,9.558440,10.759702,0.000000,Yahoo Finance via yfinance,0.187996,0.129341,1.007443,0.091903,4.387386,-0.816201,1.597392,-0.881884,3.000025,-2.177073,5.335231
2026-05-12,2026-05-11,2026-05-12T00:00:00Z,65.685714,greed,-0.942857,-1.571429,67.125714,66.711429,-0.322218,Monday,2026-05-11,0,True,Monday,^GSPC,7385.310059,7428.970215,7384.200195,7412.839844,7412.839844,5821910000,7398.930176,0.187996,-0.184082,0.372764,0.605088,0.187996,2.945385,3.330536,7.647128,8.489689,30.877797,7180.197998,3.240048,6873.969424,7.839290,6758.657041,9.679183,10.542084,0.000000,Yahoo Finance via yfinance,-0.160261,-0.132069,1.433732,-0.353305,4.008182,-1.002312,1.406752,-2.360630,2.806752,-2.360630,5.137577
2026-05-13,2026-05-12,2026-05-13T00:00:00Z,64.971429,greed,-0.714285,-3.771428,66.371428,67.150000,-1.053672,Tuesday,2026-05-12,0,True,Tuesday,^GSPC,7390.629883,7409.569824,7338.540039,7400.959961,7400.959961,5624790000,7412.839844,-0.160261,-0.299615,0.139773,0.958199,-0.160261,1.952548,3.672328,6.223000,8.261791,30.761086,7201.877002,2.764320,6884.356221,7.504024,6763.718640,9.421464,10.249604,-0.160261,Yahoo Finance via yfinance,0.584925,-0.639783,1.613303,-1.810167,4.819377,-0.909068,1.569528,-2.203901,2.971776,-2.203901,5.306342
2026-05-14,2026-05-13,2026-05-14T00:00:00Z,65.914286,greed,0.942857,-1.371428,66.097143,67.371429,-0.901072,Wednesday,2026-05-13,0,True,Wednesday,^GSPC,7409.120117,7460.040039,7375.129883,7444.250000,7444.250000,5716600000,7400.959961,0.584925,0.110258,0.474144,1.147286,0.584925,1.074387,4.320375,5.998901,8.782850,27.378646,7222.941992,3.063959,6896.908623,7.936039,6768.991040,9.975770,10.141081,0.000000,Yahoo Finance via yfinance,0.765560,-0.151523,1.603652,-0.670990,4.148972,-1.485305,0.978878,-2.772608,2.372971,-2.772608,4.693961
2026-05-15,2026-05-14,2026-05-15T00:00:00Z,63.228571,greed,-2.685715,-4.057143,65.285714,67.104286,-2.112020,Thursday,2026-05-14,0,True,Thursday,^GSPC,7454.399902,7517.120117,7454.399902,7501.240234,7501.240234,5267050000,7444.250000,0.765560,0.136346,0.628358,0.842532,0.765560,2.236989,4.053684,6.532342,9.008898,27.430167,7245.940015,3.523355,6909.543428,8.563472,6774.642942,10.725249,10.276783,0.000000,Yahoo Finance via yfinance,-1.236332,-0.740145,1.050757,-0.930250,3.025632,-2.233765,-0.470326,-3.511288,1.595198,-3.511288,3.898555
2026-05-18,2026-05-17,2026-05-18T00:00:00Z,62.085714,greed,-1.142857,-4.542857,64.377143,66.710000,-2.284669,Sunday,2026-05-15,2,False,Friday,^GSPC,7445.109863,7454.850098,7397.500000,7408.500000,7408.500000,5582070000,7501.240234,-1.236332,-0.748281,-0.491730,0.764542,-1.236332,0.129341,2.467177,3.963480,7.965879,25.725911,7260.062012,2.044583,6921.099228,7.042245,6779.870942,9.271992,11.106309,-1.236332,Yahoo Finance via yfinance,-0.073567,0.876969,2.584328,1.967875,4.589323,-1.009919,1.320373,-2.303434,2.866976,-2.303434,5.199165
2026-05-19,2026-05-18,2026-05-19T00:00:00Z,59.257143,greed,-2.828571,-6.428571,63.091429,66.294286,-2.698773,Monday,2026-05-18,0,True,Monday,^GSPC,7415.069824,7434.060059,7353.169922,7403.049805,7403.049805,5489500000,7408.500000,-0.073567,0.088680,-0.162103,1.091856,-0.073567,-0.132069,2.809427,4.134251,7.142910,25.116396,7274.757495,1.763527,6934.359824,6.758951,6785.189241,9.106018,11.036332,-1.308989,Yahoo Finance via yfinance,-0.667832,1.567872,2.792497,1.462915,5.348342,-0.937041,1.837622,-2.231509,2.942707,-2.231509,5.587567
2026-05-20,2026-05-19,2026-05-20T00:00:00Z,60.514286,greed,1.257143,-4.457143,62.200000,65.897143,-1.886072,Tuesday,2026-05-19,0,True,Tuesday,^GSPC,7375.750000,7395.319824,7333.680176,7353.609863,7353.609863,5441140000,7403.049805,-0.667832,-0.368764,-0.300175,0.832625,-0.667832,-0.639783,1.300273,4.099656,7.544293,23.416264,7289.237500,0.883115,6945.512217,5.875703,6790.767241,8.288351,11.070221,-1.968079,Yahoo Finance via yfinance,1.079203,2.267594,2.720709,0.904185,5.876704,0.052357,2.522298,-1.574190,3.634814,-1.574190,6.297456
2026-05-21,2026-05-20,2026-05-21T00:00:00Z,57.514286,greed,-3.000000,-8.400000,60.520000,65.464286,-2.329916,Wednesday,2026-05-20,0,True,Wednesday,^GSPC,7369.189941,7435.689941,7357.459961,7432.970215,7432.970215,5384150000,7353.609863,1.079203,0.211870,0.865499,1.063831,1.079203,-0.151523,0.921235,4.133853,7.879461,24.638978,7303.991016,1.765873,6958.542021,6.817925,6796.282393,9.368178,11.104305,-0.910116,Yahoo Finance via yfinance,0.171533,1.757839,2.036061,0.909594,4.198723,-0.585099,1.826322,-2.625063,2.528326,-2.625063,5.162539
2026-05-22,2026-05-21,2026-05-22T00:00:00Z,58.228571,greed,0.714285,-5.000000,59.520000,65.105714,-1.820989,Thursday,2026-05-21,0,True,Thursday,^GSPC,7410.779785,7465.959961,7389.479980,7445.720215,7445.720215,5440620000,7432.970215,0.171533,-0.298541,0.471481,1.028929,0.171533,-0.740145,1.480288,4.745376,7.192355,25.339120,7320.857031,1.705582,6971.940430,6.795523,6802.015044,9.463448,10.863815,-0.740145,Yahoo Finance via yfinance,0.372697,1.804256,-0.832424,0.363562,,0.235972,2.063731,-2.791807,2.352757,,
2026-05-26,2026-05-25,2026-05-26T00:00:00Z,59.828571,greed,1.600000,-2.257143,59.068571,64.782857,-1.256552,Monday,2026-05-22,3,False,Friday,^GSPC,7468.819824,7506.319824,7463.290039,7473.470215,7473.470215,4952440000,7445.720215,0.372697,0.310240,0.062264,0.577913,0.372697,0.876969,1.007443,4.304071,8.172265,27.869445,7336.276538,1.870072,6987.957432,6.947850,6807.657095,9.780356,10.674826,-0.370206,Yahoo Finance via yfinance,0.610826,1.692517,-0.906409,-1.445249,,0.351242,1.929357,-3.152754,1.972707,,
2026-05-27,2026-05-26,2026-05-27T00:00:00Z,60.628571,greed,0.800000,1.371428,59.342857,64.442857,-0.954658,Tuesday,2026-05-26,0,True,Tuesday,^GSPC,7511.790039,7539.089844,7501.100098,7519.120117,7519.120117,5496060000,7473.470215,0.610826,0.512745,0.097581,0.508328,0.610826,1.567872,1.433732,4.812020,9.307333,28.707764,7353.537036,2.251747,7005.696035,7.328666,6813.552695,10.355353,10.760372,0.000000,Yahoo Finance via yfinance,0.016488,1.205722,-1.761778,-2.139877,,-0.258008,1.353613,-3.740730,1.353613,,
2026-05-28,2026-05-27,2026-05-28T00:00:00Z,60.714286,greed,0.085715,0.200000,59.382857,64.167143,-0.851391,Wednesday,2026-05-27,0,True,Wednesday,^GSPC,7526.009766,7530.720215,7499.720215,7520.359863,7520.359863,5524250000,7519.120117,0.016488,0.091628,-0.075072,0.412282,0.016488,2.267594,1.613303,5.344877,9.281822,29.598369,7372.615039,2.003968,7022.115635,7.095358,6819.207244,10.282025,10.452563,0.000000,Yahoo Finance via yfinance,0.575372,0.443068,-3.369116,-2.165716,,-0.163820,1.336905,-3.756599,1.336905,,
2026-05-29,2026-05-28,2026-05-29T00:00:00Z,60.457143,greed,-0.257143,2.942857,59.971428,63.714286,-0.828621,Thursday,2026-05-28,0,True,Thursday,^GSPC,7519.819824,7568.720215,7508.040039,7563.629883,7563.629883,5494860000,7520.359863,0.575372,-0.007181,0.582595,0.806879,0.575372,1.757839,1.603652,5.993311,10.958494,27.730790,7393.999023,2.294169,7039.066436,7.452174,6825.158142,10.819848,10.444442,0.000000,Yahoo Finance via yfinance,0.217226,0.273416,-2.238741,-2.771287,,-0.622583,0.757176,-4.307188,0.757176,,
2026-06-01,2026-05-31,2026-06-01T00:00:00Z,59.457143,greed,-1.000000,1.228572,60.217143,63.128571,-1.013715,Sunday,2026-05-29,2,False,Friday,^GSPC,7579.330078,7599.379883,7563.549805,7580.060059,7580.060059,7858290000,7563.629883,0.217226,0.207575,0.009631,0.473715,0.217226,1.804256,1.050757,5.147036,10.343694,28.725413,7412.551538,2.259796,7058.173633,7.394072,6830.829644,10.968366,10.082560,0.000000,Yahoo Finance via yfinance,0.262530,-2.589951,-1.960408,-1.842068,,-2.789294,0.538780,-4.514608,0.538780,,
2026-06-02,2026-06-01,2026-06-02T00:00:00Z,56.971429,greed,-2.485714,-2.857142,59.645714,62.632857,-1.507129,Monday,2026-06-01,0,True,Monday,^GSPC,7582.290039,7617.660156,7562.609863,7599.959961,7599.959961,6583960000,7580.060059,0.262530,0.029419,0.233042,0.726251,0.262530,1.692517,2.584328,5.115266,11.261641,28.547725,7431.043530,2.273119,7078.043027,7.373746,6836.496543,11.167466,10.081553,0.000000,Yahoo Finance via yfinance,0.129209,-2.555671,-0.600923,-1.323692,,-3.043833,0.275527,-4.764629,0.275527,,
2026-06-03,2026-06-02,2026-06-03T00:00:00Z,54.628571,neutral,-2.342858,-6.000000,58.445714,62.001428,-1.846816,Tuesday,2026-06-02,0,True,Tuesday,^GSPC,7595.399902,7620.899902,7582.990234,7609.779785,7609.779785,5904410000,7599.959961,0.129209,-0.060001,0.189324,0.498814,0.129209,1.205722,2.792497,5.680378,12.904409,28.724271,7451.495020,2.124201,7100.109023,7.178351,6842.202742,11.218274,9.793165,0.000000,Yahoo Finance via yfinance,-0.737204,-2.932146,-1.293463,-1.662989,,-4.887522,-0.058210,-4.887522,-0.058210,,
2026-06-04,2026-06-03,2026-06-04T00:00:00Z,54.571429,neutral,-0.057142,-6.142857,57.217143,61.292857,-1.684429,Wednesday,2026-06-03,0,True,Wednesday,^GSPC,7605.310059,7605.350098,7551.220215,7553.680176,7553.680176,5753860000,7609.779785,-0.737204,-0.058737,-0.678866,0.711320,-0.737204,0.443068,2.720709,4.056358,11.149073,27.253312,7466.218018,1.171439,7119.562627,6.097531,6847.722144,10.309385,10.208806,-0.737204,Yahoo Finance via yfinance,0.405496,-3.795368,-1.768411,-0.932525,,-4.181142,0.589246,-4.181142,0.589246,,
2026-06-05,2026-06-04,2026-06-05T00:00:00Z,41.857143,fear,-12.714286,-18.600000,53.497143,60.021429,-3.200423,Thursday,2026-06-04,0,True,Thursday,^GSPC,7516.540039,7598.189941,7516.540039,7584.310059,7584.310059,5398910000,7553.680176,0.405496,-0.491683,0.901612,1.080929,0.405496,0.273416,2.036061,2.976054,11.838567,27.032494,7477.177515,1.432794,7140.121426,6.221024,6853.397944,10.664959,9.113375,-0.334697,Yahoo Finance via yfinance,-2.644536,-2.505307,-1.103989,-0.618117,,-4.568114,-0.560367,-4.568114,-0.084255,,
2026-06-08,2026-06-07,2026-06-08T00:00:00Z,39.371429,fear,-2.485714,-20.085714,49.480000,58.625714,-2.727671,Sunday,2026-06-05,2,False,Friday,^GSPC,7537.359863,7541.810059,7368.629883,7383.740234,7383.740234,5591290000,7584.310059,-2.644536,-0.619044,-2.038109,2.283401,-2.644536,-2.589951,-0.832424,0.635541,8.972231,23.663961,7479.509033,-1.280416,7155.958232,3.183110,6858.259795,7.662008,13.394022,-2.970382,Yahoo Finance via yfinance,0.297813,0.646281,1.206026,1.626681,,-1.975830,1.346332,-1.975830,2.629828,,
2026-06-09,2026-06-08,2026-06-09T00:00:00Z,33.771429,fear,-5.600000,-23.200000,44.840000,56.982857,-2.660290,Monday,2026-06-08,0,True,Monday,^GSPC,7440.569824,7466.810059,7395.129883,7405.729980,7405.729980,4898180000,7383.740234,0.297813,0.769659,-0.468242,0.970784,0.297813,-2.555671,-0.906409,0.091903,10.986837,24.690287,7479.849023,-0.990916,7174.529629,3.222516,6863.309546,7.903191,13.094680,-2.681415,Yahoo Finance via yfinance,-0.257639,2.006015,-0.543768,1.039465,,-2.266892,2.325091,-2.266892,2.325091,,
2026-06-10,2026-06-09,2026-06-10T00:00:00Z,27.285714,fear,-6.485715,-27.342857,39.371429,55.062857,-2.593862,Tuesday,2026-06-09,0,True,Tuesday,^GSPC,7438.660156,7483.149902,7237.850098,7386.649902,7386.649902,6006390000,7405.729980,-0.257639,0.444658,-0.699188,3.312297,-0.257639,-2.932146,-1.761778,-0.353305,11.375729,23.103448,7478.539526,-1.228711,7194.885625,2.665286,6868.391946,7.545550,13.108908,-2.932146,Yahoo Finance via yfinance,-1.619945,1.688183,-0.384879,2.125324,,-1.750724,2.589401,-1.750724,2.589401,,
2026-06-11,2026-06-10,2026-06-11T00:00:00Z,29.685714,fear,2.400000,-24.885715,34.394286,53.298571,-1.994731,Wednesday,2026-06-10,0,True,Wednesday,^GSPC,7350.540039,7396.560059,7265.930176,7266.990234,7266.990234,5247300000,7386.649902,-1.619945,-0.488853,-1.136649,1.768459,-1.619945,-3.795368,-3.369116,-1.810167,8.472580,20.997928,7471.841040,-2.741638,7213.351025,0.743610,6872.392346,5.741783,14.294642,-4.504592,Yahoo Finance via yfinance,1.751889,2.106923,1.245357,4.243846,,-0.132932,4.278658,-0.132932,4.306321,,
2026-06-12,2026-06-11,2026-06-12T00:00:00Z,33.514286,fear,3.828572,-8.342857,32.725714,51.678571,-1.485134,Thursday,2026-06-11,0,True,Thursday,^GSPC,7287.669922,7412.680176,7257.330078,7394.299805,7394.299805,5658920000,7266.990234,1.751889,0.284570,1.463155,2.137750,1.751889,-2.505307,-2.238741,-0.670990,10.098286,22.446305,7469.343530,-1.004690,7230.666621,2.263044,6877.167246,7.519558,15.566239,-2.831619,Yahoo Finance via yfinance,0.502551,1.437327,-0.544741,1.636937,,-0.423164,2.483266,-1.354011,2.510452,,
2026-06-15,2026-06-14,2026-06-15T00:00:00Z,40.142857,fear,6.628571,0.771428,32.880000,50.524286,-0.852855,Sunday,2026-06-12,2,False,Friday,^GSPC,7410.850098,7456.399902,7363.009766,7431.459961,7431.459961,4950530000,7394.299805,0.502551,0.223825,0.278104,1.263002,0.502551,0.646281,-1.960408,-0.930250,12.178057,23.400258,7465.854517,-0.460691,7247.789424,2.534159,6881.994846,7.984097,15.415433,-2.343298,Yahoo Finance via yfinance,1.652839,0.556150,0.120706,1.508854,,-0.388216,1.970810,-1.847279,1.997861,,
2026-06-16,2026-06-15,2026-06-16T00:00:00Z,39.514286,fear,-0.628571,5.742857,34.028571,49.395714,-0.817302,Monday,2026-06-15,0,True,Monday,^GSPC,7516.750000,7577.919922,7516.750000,7554.290039,7554.290039,5674670000,7431.459961,1.652839,1.147689,0.499418,0.823121,1.652839,2.006015,-0.600923,1.967875,14.346495,24.962207,7473.144019,1.085835,7267.221426,3.950184,6887.359297,9.683403,15.852299,-0.729190,Yahoo Finance via yfinance,-0.568418,-2.499640,-0.727139,0.239730,,-2.736060,0.141243,-3.443207,0.360192,,
2026-06-17,2026-06-16,2026-06-17T00:00:00Z,32.942857,fear,-6.571429,5.657143,35.160000,48.080000,-1.221842,Tuesday,2026-06-16,0,True,Tuesday,^GSPC,7548.779785,7564.959961,7508.680176,7511.350098,7511.350098,5286210000,7554.290039,-0.568418,-0.072942,-0.495838,0.745004,-0.568418,1.688183,-1.293463,1.462915,15.444144,25.671533,7478.559033,0.438468,7285.211826,3.104073,6892.406748,8.980076,16.021506,-1.293463,Yahoo Finance via yfinance,-1.214828,-2.038647,-0.374368,0.298481,,-2.323554,0.277178,-2.891224,0.933919,,
2026-06-18,2026-06-17,2026-06-18T00:00:00Z,37.342857,fear,4.400000,7.657143,36.691429,46.921429,-0.782089,Wednesday,2026-06-17,0,True,Wednesday,^GSPC,7524.500000,7532.169922,7402.609863,7420.100098,7420.100098,5883740000,7511.350098,-1.214828,0.175067,-1.387466,1.724857,-1.214828,2.106923,-1.768411,0.904185,12.750343,22.989640,7481.883545,-0.825774,7301.276826,1.627431,6897.205950,7.581246,16.470377,-2.492578,Yahoo Finance via yfinance,1.084621,-0.843787,0.850934,0.506595,,-1.301871,1.481242,-1.697011,2.175171,,
2026-06-22,2026-06-21,2026-06-22T00:00:00Z,33.942857,fear,-3.400000,0.428571,36.777143,45.742857,-0.958694,Sunday,2026-06-18,3,False,Thursday,^GSPC,7487.359863,7511.069824,7468.319824,7500.580078,7500.580078,9061110000,7420.100098,1.084621,0.906454,0.176567,0.576138,1.084621,1.437327,-1.103989,0.909594,14.401413,25.370731,7485.264038,0.204616,7315.632227,2.528118,6902.631150,8.662623,16.474878,-1.434992,Yahoo Finance via yfinance,-0.370505,-1.953983,0.491297,-0.763945,,-2.751786,0.392365,-2.751786,1.078849,,
2026-06-23,2026-06-22,2026-06-23T00:00:00Z,28.457143,fear,-5.485714,-11.685714,34.440000,44.254286,-1.262013,Monday,2026-06-22,0,True,Monday,^GSPC,7500.439941,7530.009766,7460.009766,7472.790039,7472.790039,5976740000,7500.580078,-0.370505,-0.001868,-0.368644,0.933261,-0.370505,0.556150,1.206026,0.363562,13.363221,24.944864,7486.617529,-0.184696,7328.594824,1.967570,6907.753801,8.179739,16.534275,-1.800180,Yahoo Finance via yfinance,-1.436279,-0.433036,0.415642,0.487236,,-2.390136,-0.380985,-2.390136,1.454744,,
2026-06-24,2026-06-23,2026-06-24T00:00:00Z,26.457143,fear,-2.000000,-13.057143,31.828571,42.585714,-1.284506,Tuesday,2026-06-23,0,True,Tuesday,^GSPC,7366.509766,7424.169922,7347.600098,7365.459961,7365.459961,5640530000,7472.790039,-1.436279,-1.422230,-0.014251,1.024648,-1.436279,-2.499640,-0.543768,-1.445249,13.714341,23.419196,7481.217017,-1.547302,7339.566221,0.352797,6912.070701,6.559384,17.258319,-3.210603,Yahoo Finance via yfinance,-0.098293,1.817944,1.591890,1.812514,,-0.967757,1.939187,-0.967757,2.933151,,
2026-06-25,2026-06-24,2026-06-25T00:00:00Z,25.428571,fear,-1.028572,-7.514286,30.325714,40.825714,-1.245772,Wednesday,2026-06-24,0,True,Wednesday,^GSPC,7370.879883,7428.060059,7336.819824,7358.220215,7358.220215,5994860000,7365.459961,-0.098293,0.073586,-0.171752,1.238758,-0.098293,-2.038647,-0.384879,-2.139877,15.534517,22.124692,7473.172022,-1.538193,7349.005820,0.125383,6916.454302,6.387173,17.071409,-3.305740,Yahoo Finance via yfinance,-0.009921,1.698913,2.519902,0.680594,,-0.870320,2.223226,-0.870320,3.034427,,
2026-06-26,2026-06-25,2026-06-26T00:00:00Z,24.657143,extreme fear,-0.771428,-12.685714,27.788571,39.022857,-1.204371,Thursday,2026-06-25,0,True,Thursday,^GSPC,7404.910156,7419.080078,7323.500000,7357.490234,7357.490234,5565760000,7358.220215,-0.009921,0.634528,-0.640385,1.298956,-0.009921,-0.843787,1.245357,-2.165716,15.980686,20.769413,7465.028540,-1.440561,7356.808027,0.009273,6920.766003,6.310345,17.069223,-3.315333,Yahoo Finance via yfinance,-0.047166,1.709143,2.961606,0.740602,,-0.860484,2.490792,-0.860484,3.044649,,
2026-06-29,2026-06-28,2026-06-29T00:00:00Z,26.857143,fear,2.200000,-7.085714,26.371429,37.342857,-0.945792,Sunday,2026-06-26,2,False,Friday,^GSPC,7312.740234,7392.950195,7294.180176,7354.020020,7354.020020,9105600000,7357.490234,-0.047166,-0.608224,0.564491,1.342442,-0.047166,-1.953983,-0.544741,-2.771287,12.644520,20.712848,7454.548047,-1.348546,7363.429424,-0.127786,6924.973054,6.195648,16.882663,-3.360935,Yahoo Finance via yfinance,1.175006,2.494012,2.193628,0.804460,,-0.069896,2.682751,-0.069896,3.093274,,
2026-06-30,2026-06-29,2026-06-30T00:00:00Z,29.971429,fear,3.114286,1.514286,26.674286,35.868572,-0.596469,Monday,2026-06-29,0,True,Monday,^GSPC,7391.879883,7444.319824,7348.879883,7440.430176,7440.430176,5794570000,7354.020020,1.175006,0.514819,0.656806,1.297793,1.175006,-0.433036,0.120706,-1.842068,13.156932,21.159517,7447.566553,-0.095822,7371.412432,0.936289,6929.515005,7.373029,17.479482,-2.225421,Yahoo Finance via yfinance,0.792020,0.852369,1.386475,-0.156582,,-0.173113,1.490235,-0.865947,1.895990,,
2026-07-01,2026-06-30,2026-07-01T00:00:00Z,31.628571,fear,1.657142,5.171428,27.708571,34.601429,-0.346607,Tuesday,2026-06-30,0,True,Tuesday,^GSPC,7441.270020,7508.290039,7438.040039,7499.359863,7499.359863,6037540000,7440.430176,0.792020,0.011288,0.780644,0.944166,0.792020,1.817944,-0.727139,-1.323692,13.925461,21.485097,7442.536548,0.763494,7378.878428,1.632788,6934.074453,8.152284,17.719370,-1.451027,Yahoo Finance via yfinance,-0.215083,-0.222018,0.973950,-2.443008,,-1.033955,0.692728,-2.472744,1.095295,,
2026-07-02,2026-07-01,2026-07-02T00:00:00Z,32.542857,fear,0.914286,7.114286,29.131429,33.497143,-0.133112,Wednesday,2026-07-01,0,True,Wednesday,^GSPC,7478.839844,7521.810059,7449.629883,7483.229980,7483.229980,5782730000,7499.359863,-0.215083,-0.273624,0.058701,0.962484,-0.215083,1.698913,-0.374368,-1.662989,13.179406,20.600968,7436.209058,0.632324,7386.360225,1.311468,6938.569153,7.849757,17.712582,-1.662989,Yahoo Finance via yfinance,0.000137,0.807274,0.675377,-0.609364,,-0.820637,0.909769,-2.262526,1.313203,,
2026-07-06,2026-07-05,2026-07-06T00:00:00Z,41.657143,fear,9.114286,17.000000,32.531429,32.851429,1.579372,Sunday,2026-07-02,3,False,Thursday,^GSPC,7495.140137,7540.750000,7427.549805,7483.240234,7483.240234,5463520000,7483.229980,0.000137,0.159158,-0.158768,1.512718,0.000137,1.709143,0.850934,-0.932525,13.093694,20.736180,7432.687061,0.680147,7394.744834,1.196734,6942.908955,7.782491,17.541099,-1.662854,Yahoo Finance via yfinance,0.724151,1.231417,-0.341434,0.086593,,-0.820773,1.292087,-2.262660,1.313064,,
2026-07-07,2026-07-06,2026-07-07T00:00:00Z,39.771429,fear,-1.885714,12.914286,35.114286,32.747143,1.297107,Monday,2026-07-06,0,True,Monday,^GSPC,7506.959961,7551.310059,7500.970215,7537.430176,7537.430176,4971110000,7483.240234,0.724151,0.316971,0.405893,0.672701,0.724151,2.494012,0.491297,-0.618117,11.125479,21.036164,7430.343066,1.441214,7402.735439,1.819527,6947.562307,8.490285,17.684563,-0.950745,Yahoo Finance via yfinance,-0.445511,-0.293075,-1.249105,0.836755,,-1.533817,0.563853,-2.965338,0.963324,,
2026-07-08,2026-07-07,2026-07-08T00:00:00Z,38.628571,fear,-1.142858,8.657142,36.845714,32.710000,1.102180,Tuesday,2026-07-07,0,True,Tuesday,^GSPC,7516.629883,7536.060059,7478.629883,7503.850098,7503.850098,5049590000,7537.430176,-0.445511,-0.275960,-0.170020,0.761933,-0.445511,0.852369,0.415642,1.626681,9.951997,19.500426,7436.348560,0.907724,7410.644443,1.257727,6952.079807,7.936766,14.861880,-1.392020,Yahoo Finance via yfinance,-0.281724,0.529591,0.071298,3.100674,,-1.093176,1.013881,-2.531103,3.389725,,
2026-07-09,2026-07-08,2026-07-09T00:00:00Z,44.714286,fear,6.085715,13.085715,39.462857,33.257143,1.908317,Wednesday,2026-07-08,0,True,Wednesday,^GSPC,7476.540039,7488.509766,7421.819824,7482.709961,7482.709961,5102020000,7503.850098,-0.281724,-0.363947,0.082524,0.888743,-0.281724,-0.222018,1.591890,1.039465,9.767208,20.108090,7440.197559,0.571388,7416.997041,0.885977,6956.333557,7.566865,14.894087,-1.669823,Yahoo Finance via yfinance,0.814280,1.198629,0.217167,3.218618,,-0.013097,1.320244,-2.255734,4.155850,,
2026-07-10,2026-07-09,2026-07-10T00:00:00Z,46.828571,neutral,2.114285,14.285714,42.320000,34.234286,1.923798,Thursday,2026-07-09,0,True,Thursday,^GSPC,7491.600098,7546.890137,7481.729980,7543.640137,7543.640137,4442950000,7482.709961,0.814280,0.118809,0.694645,0.870810,0.814280,0.807274,2.519902,2.125324,9.546572,21.172852,7448.047070,1.283465,7424.391641,1.606172,6960.729959,8.374268,15.079665,-0.869140,Yahoo Finance via yfinance,0.420884,-0.130840,-1.794098,2.204769,,-0.525212,0.501878,-3.045217,3.314581,,
2026-07-13,2026-07-12,2026-07-13T00:00:00Z,40.857143,fear,-5.971428,-0.800000,42.160000,34.792857,0.916846,Sunday,2026-07-10,2,False,Friday,^GSPC,7547.640137,7579.930176,7508.160156,7575.390137,7575.390137,4006370000,7543.640137,0.420884,0.053025,0.367665,0.951398,0.420884,1.231417,2.961606,4.243846,8.726527,20.949640,7463.467066,1.499612,7433.123447,1.913956,6965.138159,8.761520,13.647376,-0.451914,Yahoo Finance via yfinance,-0.792702,-1.553718,-2.157119,2.405817,,-1.902613,0.080654,-3.451574,2.881568,,
2026-07-14,2026-07-13,2026-07-14T00:00:00Z,41.057143,fear,0.200000,1.285714,42.417143,35.170000,0.872017,Monday,2026-07-13,0,True,Monday,^GSPC,7547.529785,7565.370117,7506.410156,7515.339844,7515.339844,4729990000,7575.390137,-0.792702,-0.367774,-0.426496,0.778309,-0.792702,-0.293075,2.193628,1.636937,7.011151,19.662252,7469.519067,0.613437,7440.711240,1.002977,6969.430259,7.832916,12.800908,-1.241034,Yahoo Finance via yfinance,0.375898,-0.958840,-1.359349,3.163796,,-1.118779,0.880335,-2.680117,3.703629,,
2026-07-16,2026-07-15,2026-07-16T00:00:00Z,41.200000,fear,0.142857,2.571429,42.931429,35.222857,0.879490,Wednesday,2026-07-15,0,True,Wednesday,^GSPC,7571.720215,7581.500000,7526.950195,7572.399902,7572.399902,5236550000,7543.589844,0.381914,0.372904,0.008977,0.723128,0.381914,1.198629,0.973950,0.239730,6.263487,20.799671,7476.031055,1.289038,7454.248438,1.585022,6978.796755,8.505809,11.398196,-0.491208,Yahoo Finance via yfinance,-0.510141,-0.969837,-3.384000,2.325552,,-1.863876,-0.021917,-3.413449,2.922195,,
2026-07-17,2026-07-16,2026-07-17T00:00:00Z,37.228571,fear,-3.971429,-7.485715,41.434286,35.108571,0.314579,Thursday,2026-07-16,0,True,Thursday,^GSPC,7558.799805,7570.740234,7504.020020,7533.770020,7533.770020,5365300000,7572.399902,-0.510141,-0.179601,-0.331134,0.881097,-0.510141,-0.130840,0.675377,0.298481,5.973013,20.660793,7477.152051,0.757213,7460.908838,0.976572,6983.247105,7.883480,11.360487,-0.998843,Yahoo Finance via yfinance,-1.009854,-1.665437,-1.276123,3.520418,,-2.094171,-0.103933,-2.918195,3.755493,,
2026-07-20,2026-07-19,2026-07-20T00:00:00Z,37.942857,fear,0.714286,-8.885714,39.657143,35.358571,0.383009,Sunday,2026-07-17,2,False,Friday,^GSPC,7447.520020,7498.470215,7431.259766,7457.689941,7457.689941,5303290000,7533.770020,-1.009854,-1.144845,0.136554,0.892122,-1.009854,-1.553718,-0.341434,0.506595,5.573041,19.062051,7479.031543,-0.285352,7464.878232,-0.096295,6987.229504,6.733147,11.085598,-1.998610,Yahoo Finance via yfinance,-0.193225,-0.612924,0.429493,4.399081,,-1.095379,0.915163,-1.927809,4.813961,,
2026-07-21,2026-07-20,2026-07-21T00:00:00Z,43.371429,fear,5.428572,2.514286,40.160000,35.660000,1.106124,Monday,2026-07-20,0,True,Monday,^GSPC,7489.180176,7513.229980,7440.529785,7443.279785,7443.279785,5152910000,7457.689941,-0.193225,0.422252,-0.612889,0.974835,-0.193225,-0.958840,-1.249105,-0.763945,4.278288,18.196831,7476.166528,-0.439888,7466.441426,-0.310210,6991.003604,6.469403,10.374733,-2.187974,Yahoo Finance via yfinance,0.885637,-0.404386,2.112244,4.054399,,-0.903900,1.110534,-1.737942,5.016880,,
2026-07-22,2026-07-21,2026-07-22T00:00:00Z,43.314286,fear,-0.057143,2.257143,40.611429,36.128571,1.003253,Tuesday,2026-07-21,0,True,Tuesday,^GSPC,7489.950195,7515.310059,7467.859863,7509.200195,7509.200195,5149030000,7443.279785,0.885637,0.627014,0.257011,0.637490,0.885637,-0.455879,0.071298,0.487236,5.638404,19.254416,7477.987036,0.417401,7469.883232,0.526340,6994.993604,7.351066,10.787990,-1.321715,Yahoo Finance via yfinance,-0.136369,-1.070958,3.027218,,,-1.773827,0.222923,,,,
2026-07-23,2026-07-22,2026-07-23T00:00:00Z,38.914286,fear,-4.400000,-2.285714,40.154286,36.651429,0.325521,Wednesday,2026-07-22,0,True,Wednesday,^GSPC,7497.470215,7525.939941,7485.850098,7498.959961,7498.959961,4890390000,7509.200195,-0.136369,-0.156208,0.019870,0.533876,-0.136369,-0.969837,0.217167,1.812514,4.659821,18.925397,7484.662036,0.191030,7471.883828,0.362374,6998.911653,7.144658,9.339833,-1.456282,Yahoo Finance via yfinance,-1.208970,-2.437806,2.994947,,,-2.467543,-0.245236,,,,
2026-07-24,2026-07-23,2026-07-24T00:00:00Z,41.342857,fear,2.428571,4.114286,40.977143,37.395714,0.598953,Thursday,2026-07-23,0,True,Thursday,^GSPC,7418.290039,7450.120117,7376.000000,7408.299805,7408.299805,5515210000,7498.959961,-1.208970,-1.075748,-0.134670,0.988405,-1.208970,-1.665437,-1.794098,0.680594,3.267251,17.412771,7487.166016,-1.053352,7471.793027,-0.849772,7002.374202,5.796971,10.409971,-2.647645,Yahoo Finance via yfinance,0.049676,0.395908,4.071922,,,-1.273975,0.975528,,,,
2026-07-27,2026-07-26,2026-07-27T00:00:00Z,37.628571,fear,-3.714286,-0.314286,40.914286,38.005714,-0.063296,Sunday,2026-07-24,2,False,Friday,^GSPC,7406.299805,7460.979980,7396.529785,7411.979980,7411.979980,4860620000,7408.299805,0.049676,-0.026997,0.076694,0.869973,0.049676,-0.612924,-2.157119,0.740602,3.826696,16.560539,7489.890503,-1.040209,7472.013428,-0.803444,7005.732703,5.798784,10.408636,-2.599284,Yahoo Finance via yfinance,0.016193,1.048846,4.663533,,,-1.322994,1.349977,,,,
2026-07-28,2026-07-27,2026-07-28T00:00:00Z,37.885714,fear,0.257143,-5.485715,39.817143,38.667143,-0.154248,Monday,2026-07-27,0,True,Monday,^GSPC,7464.200195,7480.569824,7382.740234,7413.180176,7413.180176,5038290000,7411.979980,0.016193,0.704538,-0.683530,1.319885,0.016193,-0.404386,-1.359349,0.804460,3.884976,16.498072,7492.848511,-1.063258,7471.392031,-0.779130,7009.225654,5.763183,10.404113,-2.583512,Yahoo Finance via yfinance,0.210431,2.526848,4.585477,,,-1.338970,2.655539,,,,
2026-07-29,2026-07-28,2026-07-29T00:00:00Z,34.657143,fear,-3.228571,-8.657143,38.085714,39.057143,-1.009159,Tuesday,2026-07-28,0,True,Tuesday,^GSPC,7395.549805,7452.089844,7382.950195,7428.779785,7428.779785,5590890000,7413.180176,0.210431,-0.237825,0.449324,0.932658,0.210431,-1.070958,-1.521955,-0.156582,3.048547,16.281081,7492.265991,-0.847357,7469.942822,-0.551049,7012.600952,5.934729,9.538433,-2.378518,Yahoo Finance via yfinance,-1.516129,4.142541,4.030546,,,-1.546147,4.434513,,,,
2026-07-30,2026-07-29,2026-07-30T00:00:00Z,40.714286,fear,6.057143,1.800000,38.445714,39.594286,0.294063,Wednesday,2026-07-29,0,True,Wednesday,^GSPC,7418.160156,7450.839844,7313.919922,7316.149902,7316.149902,5836350000,7428.779785,-1.516129,-0.142953,-1.375142,1.843101,-1.516129,-2.437806,-3.384000,-2.443008,1.189880,14.497860,7483.105493,-2.231100,7468.095820,-2.034601,7015.506152,4.285418,10.451867,-3.858586,Yahoo Finance via yfinance,1.660436,5.568501,5.909530,,,0.749439,6.527071,,,,
2026-07-31,2026-07-31,2026-07-31T23:59:52Z,42.457143,fear,1.742857,1.114286,38.668571,40.135714,0.690906,Friday,2026-07-31,0,True,Friday,^GSPC,7462.129883,7512.040039,7399.830078,7489.720215,7489.720215,5391020000,7437.629883,0.700362,0.329406,0.369738,1.508679,0.700362,1.048846,0.429493,0.086593,3.175272,17.709226,7481.149487,0.114564,7471.509629,0.243734,7024.106753,6.628793,12.474146,-1.577701,Yahoo Finance via yfinance,1.479091,3.577169,3.952612,,,0.201070,4.058362,,,,
2026-08-03,2026-08-03,2026-08-03T23:59:53Z,45.828571,neutral,3.371428,8.200000,40.308571,40.800000,1.631796,Monday,2026-08-03,0,True,Monday,^GSPC,7504.779785,7610.040039,7504.779785,7600.500000,7600.500000,5201470000,7489.720215,1.479091,0.201070,1.275457,1.405396,1.479091,2.526848,2.112244,0.836755,3.195873,19.893236,7484.302979,1.552543,7474.860225,1.680831,7028.887703,8.132329,13.309461,-0.121946,Yahoo Finance via yfinance,1.789619,2.007892,1.901981,,,0.376292,2.541677,,,,
2026-08-04,2026-08-04,2026-08-04T23:59:42Z,58.114286,greed,12.285715,20.228572,44.354286,41.622857,3.330202,Tuesday,2026-08-04,0,True,Tuesday,^GSPC,7630.620117,7758.209961,7629.100098,7736.520020,7736.520020,5906940000,7600.500000,1.789619,0.396291,1.387828,1.698702,1.789619,4.142541,3.027218,3.100674,5.443699,24.022249,7495.936475,3.209520,7480.676221,3.420062,7034.215002,9.984128,14.526050,0.000000,Yahoo Finance via yfinance,-0.167649,-0.107540,,,,-0.495961,0.738835,,,,
2026-08-05,2026-08-05,2026-08-05T23:59:58Z,59.657143,greed,1.542857,25.000000,49.354286,42.617143,2.680236,Wednesday,2026-08-05,0,True,Wednesday,^GSPC,7771.620117,7793.680176,7720.169922,7723.549805,7723.549805,5615640000,7736.520020,-0.167649,0.453694,-0.618537,0.950172,-0.167649,5.568501,2.994947,3.218618,4.387386,22.016163,7507.978467,2.871230,7485.677813,3.177695,7039.687402,9.714386,14.485967,-0.167649,Yahoo Finance via yfinance,-0.175953,0.323041,,,,-0.328863,0.650089,,,,
2026-08-06,2026-08-06,2026-08-06T23:59:45Z,59.714286,greed,0.057143,19.000000,53.154286,43.671429,2.187266,Thursday,2026-08-06,0,True,Thursday,^GSPC,7713.790039,7742.850098,7698.149902,7709.959961,7709.959961,5330830000,7723.549805,-0.175953,-0.126364,-0.049652,0.578752,-0.175953,3.661517,4.071922,2.204769,4.008182,22.396055,7516.294458,2.576609,7489.494609,2.943661,7044.917153,9.440037,14.320511,-0.343308,Yahoo Finance via yfinance,0.618423,1.154744,,,,0.094554,1.384446,,,,
2026-08-07,2026-08-07,2026-08-07T23:49:21Z,63.685714,greed,3.971428,21.228571,57.400000,44.620000,2.218210,Friday,2026-08-07,0,True,Friday,^GSPC,7735.180176,7763.080078,7719.189941,7757.640137,7757.640137,5019970000,7709.959961,0.618423,0.327112,0.290361,0.569265,0.618423,3.577169,4.663533,2.405817,4.819377,22.262675,7525.406958,3.085988,7494.240215,3.514698,7050.029705,10.036985,14.393827,0.000000,Yahoo Finance via yfinance,-0.058398,0.362477,,,,-0.520650,0.761315,,,,
2026-08-10,2026-08-10,2026-08-10T23:59:53Z,64.400000,greed,0.714286,18.571429,61.114286,45.498571,1.955802,Monday,2026-08-10,0,True,Monday,^GSPC,7751.740234,7773.759766,7743.109863,7753.109863,7753.109863,4879540000,7757.640137,-0.058398,-0.076053,0.017669,0.395093,-0.058398,2.007892,4.585477,3.163796,4.148972,22.288799,7537.295459,2.863287,7498.029814,3.401961,7055.118503,9.893404,14.005107,-0.058398,Yahoo Finance via yfinance,-0.321286,-0.103827,,,,-0.462522,0.820191,,,,
2026-08-11,2026-08-11,2026-08-11T23:59:48Z,60.800000,greed,-3.600000,2.685714,61.651429,46.495714,1.405758,Tuesday,2026-08-11,0,True,Tuesday,^GSPC,7767.509766,7767.509766,7717.250000,7728.200195,7728.200195,4739500000,7753.109863,-0.321286,0.185731,-0.506077,0.648253,-0.321286,-0.107540,4.030546,2.447248,3.025632,20.952507,7546.525977,2.407389,7500.992617,3.029033,7060.262505,9.460522,14.080709,-0.379496,Yahoo Finance via yfinance,0.262672,,,,,,,,,,
2026-08-12,2026-08-12,2026-08-12T23:59:58Z,62.142857,greed,1.342857,2.485714,62.148571,47.550000,1.368549,Wednesday,2026-08-12,0,True,Wednesday,^GSPC,7765.459961,7766.009766,7737.950195,7748.500000,7748.500000,4574170000,7728.200195,0.262672,0.482127,-0.218403,0.363080,0.262672,0.323041,5.909530,2.325552,4.589323,21.574654,7555.330981,2.556725,7503.963418,3.258766,7065.312805,9.669596,14.058161,-0.117821,Yahoo Finance via yfinance,0.651613,,,,,,,,,,
2026-08-13,2026-08-13,2026-08-13T23:59:54Z,66.142857,greed,4.000000,6.428571,63.434286,48.797143,1.532352,Thursday,2026-08-13,0,True,Thursday,^GSPC,7763.180176,7816.700195,7763.180176,7798.990234,7798.990234,4833230000,7748.500000,0.651613,0.189458,0.461281,0.690715,0.651613,1.154744,4.858542,3.520418,5.348342,20.994119,7568.591992,3.044136,7507.747627,3.879227,7070.349307,10.305586,13.973471,0.000000,Yahoo Finance via yfinance,-0.169643,,,,,,,,,,
2026-08-14,2026-08-14,2026-08-14T23:44:03Z,64.971429,greed,-1.171428,1.285715,63.691429,50.184286,1.283006,Friday,2026-08-14,0,True,Friday,^GSPC,7806.600098,7810.009766,7776.310059,7785.759766,7785.759766,2210210000,7798.990234,-0.169643,0.097575,-0.266958,0.432103,-0.169643,0.362477,3.952612,4.399081,5.876704,20.399959,7584.995483,2.646861,7512.389219,3.638929,7074.902305,10.047594,13.330595,-0.169643,Yahoo Finance via yfinance,-0.522745,,,,,,,,,,
2026-08-17,2026-08-17,2026-08-17T23:35:55Z,59.971429,greed,-5.000000,-4.428571,62.805714,51.285714,0.765590,Monday,2026-08-17,0,True,Monday,^GSPC,7790.680176,7790.680176,7744.879883,7745.060059,7745.060059,2506498000,7785.759766,-0.522745,0.063198,-0.585573,0.588257,-0.522745,-0.103827,1.901981,4.054399,4.198723,19.734283,7600.084497,1.907552,7515.604219,3.053059,7079.173154,9.406281,13.515718,-0.691502,Yahoo Finance via yfinance,,,,,,,,,,,
