date,symbol,open,high,low,close,adj_close,volume,data_source
2019-11-08,^GSPC,3081.250000,3093.090088,3073.580078,3093.080078,3093.080078,3508160000,Yahoo Finance via yfinance
2019-11-11,^GSPC,3080.330078,3088.330078,3075.820068,3087.010010,3087.010010,3041120000,Yahoo Finance via yfinance
2019-11-12,^GSPC,3089.280029,3102.610107,3084.729980,3091.840088,3091.840088,3495560000,Yahoo Finance via yfinance
2019-11-13,^GSPC,3084.179932,3098.060059,3078.800049,3094.040039,3094.040039,3513720000,Yahoo Finance via yfinance
2019-11-14,^GSPC,3090.750000,3098.199951,3083.260010,3096.629883,3096.629883,3282090000,Yahoo Finance via yfinance
2019-11-15,^GSPC,3107.919922,3120.459961,3104.600098,3120.459961,3120.459961,3359800000,Yahoo Finance via yfinance
2019-11-18,^GSPC,3117.909912,3124.169922,3112.060059,3122.030029,3122.030029,3440140000,Yahoo Finance via yfinance
2019-11-19,^GSPC,3127.449951,3127.639893,3113.469971,3120.179932,3120.179932,3613670000,Yahoo Finance via yfinance
2019-11-20,^GSPC,3114.659912,3118.969971,3091.409912,3108.459961,3108.459961,4041010000,Yahoo Finance via yfinance
2019-11-21,^GSPC,3108.489990,3110.110107,3094.550049,3103.540039,3103.540039,3744010000,Yahoo Finance via yfinance
2019-11-22,^GSPC,3111.409912,3112.870117,3099.260010,3110.290039,3110.290039,3235270000,Yahoo Finance via yfinance
2019-11-25,^GSPC,3117.439941,3133.830078,3117.439941,3133.639893,3133.639893,3514310000,Yahoo Finance via yfinance
2019-11-26,^GSPC,3134.850098,3142.689941,3131.000000,3140.520020,3140.520020,4600450000,Yahoo Finance via yfinance
2019-11-27,^GSPC,3145.489990,3154.260010,3143.409912,3153.629883,3153.629883,3035470000,Yahoo Finance via yfinance
2019-11-29,^GSPC,3147.179932,3150.300049,3139.340088,3140.979980,3140.979980,1743420000,Yahoo Finance via yfinance
2019-12-02,^GSPC,3143.850098,3144.310059,3110.780029,3113.870117,3113.870117,3285750000,Yahoo Finance via yfinance
2019-12-03,^GSPC,3087.409912,3094.969971,3070.330078,3093.199951,3093.199951,3671580000,Yahoo Finance via yfinance
2019-12-04,^GSPC,3103.500000,3119.379883,3102.530029,3112.760010,3112.760010,3702980000,Yahoo Finance via yfinance
2019-12-05,^GSPC,3119.209961,3119.449951,3103.760010,3117.429932,3117.429932,3360480000,Yahoo Finance via yfinance
2019-12-06,^GSPC,3134.620117,3150.600098,3134.620117,3145.909912,3145.909912,3483310000,Yahoo Finance via yfinance
2019-12-09,^GSPC,3141.860107,3148.870117,3135.459961,3135.959961,3135.959961,3400470000,Yahoo Finance via yfinance
2019-12-10,^GSPC,3135.360107,3142.120117,3126.090088,3132.520020,3132.520020,3346310000,Yahoo Finance via yfinance
2019-12-11,^GSPC,3135.750000,3143.979980,3133.209961,3141.629883,3141.629883,3257650000,Yahoo Finance via yfinance
2019-12-12,^GSPC,3141.229980,3176.280029,3138.469971,3168.570068,3168.570068,4003200000,Yahoo Finance via yfinance
2019-12-13,^GSPC,3166.649902,3182.679932,3156.510010,3168.800049,3168.800049,3757650000,Yahoo Finance via yfinance
2019-12-16,^GSPC,3183.629883,3197.709961,3183.629883,3191.449951,3191.449951,4070200000,Yahoo Finance via yfinance
2019-12-17,^GSPC,3195.399902,3198.219971,3191.030029,3192.520020,3192.520020,3842940000,Yahoo Finance via yfinance
2019-12-18,^GSPC,3195.209961,3198.479980,3191.139893,3191.139893,3191.139893,4029950000,Yahoo Finance via yfinance
2019-12-19,^GSPC,3192.320068,3205.479980,3192.320068,3205.370117,3205.370117,3784360000,Yahoo Finance via yfinance
2019-12-20,^GSPC,3223.330078,3225.649902,3216.030029,3221.219971,3221.219971,6457480000,Yahoo Finance via yfinance
2019-12-23,^GSPC,3226.050049,3227.780029,3222.300049,3224.010010,3224.010010,3064530000,Yahoo Finance via yfinance
2019-12-24,^GSPC,3225.449951,3226.429932,3220.510010,3223.379883,3223.379883,1296530000,Yahoo Finance via yfinance
2019-12-26,^GSPC,3227.199951,3240.080078,3227.199951,3239.909912,3239.909912,2164540000,Yahoo Finance via yfinance
2019-12-27,^GSPC,3247.229980,3247.929932,3234.370117,3240.020020,3240.020020,2429150000,Yahoo Finance via yfinance
2019-12-30,^GSPC,3240.090088,3240.919922,3216.570068,3221.290039,3221.290039,3021720000,Yahoo Finance via yfinance
2019-12-31,^GSPC,3215.179932,3231.719971,3212.030029,3230.780029,3230.780029,2894760000,Yahoo Finance via yfinance
2020-01-02,^GSPC,3244.669922,3258.139893,3235.530029,3257.850098,3257.850098,3459930000,Yahoo Finance via yfinance
2020-01-03,^GSPC,3226.360107,3246.149902,3222.340088,3234.850098,3234.850098,3484700000,Yahoo Finance via yfinance
2020-01-06,^GSPC,3217.550049,3246.840088,3214.639893,3246.280029,3246.280029,3702460000,Yahoo Finance via yfinance
2020-01-07,^GSPC,3241.860107,3244.909912,3232.429932,3237.179932,3237.179932,3435910000,Yahoo Finance via yfinance
2020-01-08,^GSPC,3238.590088,3267.070068,3236.669922,3253.050049,3253.050049,3726840000,Yahoo Finance via yfinance
2020-01-09,^GSPC,3266.030029,3275.580078,3263.669922,3274.699951,3274.699951,3641230000,Yahoo Finance via yfinance
2020-01-10,^GSPC,3281.810059,3282.989990,3260.860107,3265.350098,3265.350098,3214580000,Yahoo Finance via yfinance
2020-01-13,^GSPC,3271.129883,3288.129883,3268.429932,3288.129883,3288.129883,3459390000,Yahoo Finance via yfinance
2020-01-14,^GSPC,3285.350098,3294.250000,3277.189941,3283.149902,3283.149902,3687620000,Yahoo Finance via yfinance
2020-01-15,^GSPC,3282.270020,3298.659912,3280.689941,3289.290039,3289.290039,3721490000,Yahoo Finance via yfinance
2020-01-16,^GSPC,3302.969971,3317.110107,3302.820068,3316.810059,3316.810059,3540580000,Yahoo Finance via yfinance
2020-01-17,^GSPC,3323.659912,3329.879883,3318.860107,3329.620117,3329.620117,3726220000,Yahoo Finance via yfinance
2020-01-21,^GSPC,3321.030029,3329.790039,3316.610107,3320.790039,3320.790039,4104840000,Yahoo Finance via yfinance
2020-01-22,^GSPC,3330.020020,3337.770020,3320.040039,3321.750000,3321.750000,3623780000,Yahoo Finance via yfinance
2020-01-23,^GSPC,3315.770020,3326.879883,3301.870117,3325.540039,3325.540039,3766710000,Yahoo Finance via yfinance
2020-01-24,^GSPC,3333.100098,3333.179932,3281.530029,3295.469971,3295.469971,3708780000,Yahoo Finance via yfinance
2020-01-27,^GSPC,3247.159912,3258.850098,3234.500000,3243.629883,3243.629883,3831050000,Yahoo Finance via yfinance
2020-01-28,^GSPC,3255.350098,3285.780029,3253.219971,3276.239990,3276.239990,3531570000,Yahoo Finance via yfinance
2020-01-29,^GSPC,3289.459961,3293.469971,3271.889893,3273.399902,3273.399902,3600250000,Yahoo Finance via yfinance
2020-01-30,^GSPC,3256.449951,3285.909912,3242.800049,3283.659912,3283.659912,3790350000,Yahoo Finance via yfinance
2020-01-31,^GSPC,3282.330078,3282.330078,3214.679932,3225.520020,3225.520020,4529700000,Yahoo Finance via yfinance
2020-02-03,^GSPC,3235.659912,3268.439941,3235.659912,3248.919922,3248.919922,3760460000,Yahoo Finance via yfinance
2020-02-04,^GSPC,3280.610107,3306.919922,3280.610107,3297.590088,3297.590088,3996900000,Yahoo Finance via yfinance
2020-02-05,^GSPC,3324.909912,3337.580078,3313.750000,3334.689941,3334.689941,4121480000,Yahoo Finance via yfinance
2020-02-06,^GSPC,3344.919922,3347.959961,3334.389893,3345.780029,3345.780029,3887250000,Yahoo Finance via yfinance
2020-02-07,^GSPC,3335.540039,3341.419922,3322.120117,3327.709961,3327.709961,3733920000,Yahoo Finance via yfinance
2020-02-10,^GSPC,3318.280029,3352.260010,3317.770020,3352.090088,3352.090088,3462730000,Yahoo Finance via yfinance
2020-02-11,^GSPC,3365.870117,3375.629883,3352.719971,3357.750000,3357.750000,3762940000,Yahoo Finance via yfinance
2020-02-12,^GSPC,3370.500000,3381.469971,3369.719971,3379.449951,3379.449951,3930910000,Yahoo Finance via yfinance
2020-02-13,^GSPC,3365.899902,3385.090088,3360.520020,3373.939941,3373.939941,3500890000,Yahoo Finance via yfinance
2020-02-14,^GSPC,3378.080078,3380.689941,3366.149902,3380.159912,3380.159912,3419700000,Yahoo Finance via yfinance
2020-02-18,^GSPC,3369.040039,3375.010010,3355.610107,3370.290039,3370.290039,3750400000,Yahoo Finance via yfinance
2020-02-19,^GSPC,3380.389893,3393.520020,3378.830078,3386.149902,3386.149902,3614200000,Yahoo Finance via yfinance
2020-02-20,^GSPC,3380.449951,3389.149902,3341.020020,3373.229980,3373.229980,4019180000,Yahoo Finance via yfinance
2020-02-21,^GSPC,3360.500000,3360.760010,3328.449951,3337.750000,3337.750000,3908780000,Yahoo Finance via yfinance
2020-02-24,^GSPC,3257.610107,3259.810059,3214.649902,3225.889893,3225.889893,4851160000,Yahoo Finance via yfinance
2020-02-25,^GSPC,3238.939941,3246.989990,3118.770020,3128.209961,3128.209961,5596760000,Yahoo Finance via yfinance
2020-02-26,^GSPC,3139.899902,3182.510010,3108.989990,3116.389893,3116.389893,5484650000,Yahoo Finance via yfinance
2020-02-27,^GSPC,3062.540039,3097.070068,2977.389893,2978.760010,2978.760010,7064710000,Yahoo Finance via yfinance
2020-02-28,^GSPC,2916.899902,2959.719971,2855.840088,2954.219971,2954.219971,8569570000,Yahoo Finance via yfinance
2020-03-02,^GSPC,2974.280029,3090.959961,2945.189941,3090.229980,3090.229980,6381330000,Yahoo Finance via yfinance
2020-03-03,^GSPC,3096.459961,3136.719971,2976.629883,3003.370117,3003.370117,6376510000,Yahoo Finance via yfinance
2020-03-04,^GSPC,3045.750000,3130.969971,3034.379883,3130.120117,3130.120117,5073020000,Yahoo Finance via yfinance
2020-03-05,^GSPC,3075.699951,3083.040039,2999.830078,3023.939941,3023.939941,5579290000,Yahoo Finance via yfinance
2020-03-06,^GSPC,2954.199951,2985.929932,2901.540039,2972.370117,2972.370117,6555240000,Yahoo Finance via yfinance
2020-03-09,^GSPC,2863.889893,2863.889893,2734.429932,2746.560059,2746.560059,8441290000,Yahoo Finance via yfinance
2020-03-10,^GSPC,2813.479980,2882.590088,2734.000000,2882.229980,2882.229980,7642040000,Yahoo Finance via yfinance
2020-03-11,^GSPC,2825.600098,2825.600098,2707.219971,2741.379883,2741.379883,7431200000,Yahoo Finance via yfinance
2020-03-12,^GSPC,2630.860107,2660.949951,2478.860107,2480.639893,2480.639893,8850810000,Yahoo Finance via yfinance
2020-03-13,^GSPC,2569.989990,2711.330078,2492.370117,2711.020020,2711.020020,8299070000,Yahoo Finance via yfinance
2020-03-16,^GSPC,2508.590088,2562.979980,2380.939941,2386.129883,2386.129883,7805450000,Yahoo Finance via yfinance
2020-03-17,^GSPC,2425.659912,2553.929932,2367.040039,2529.189941,2529.189941,8370250000,Yahoo Finance via yfinance
2020-03-18,^GSPC,2436.500000,2453.570068,2280.520020,2398.100098,2398.100098,8799300000,Yahoo Finance via yfinance
2020-03-19,^GSPC,2393.479980,2466.969971,2319.780029,2409.389893,2409.389893,7956100000,Yahoo Finance via yfinance
2020-03-20,^GSPC,2431.939941,2453.010010,2295.560059,2304.919922,2304.919922,9053950000,Yahoo Finance via yfinance
2020-03-23,^GSPC,2290.709961,2300.729980,2191.860107,2237.399902,2237.399902,7411380000,Yahoo Finance via yfinance
2020-03-24,^GSPC,2344.439941,2449.709961,2344.439941,2447.330078,2447.330078,7563150000,Yahoo Finance via yfinance
2020-03-25,^GSPC,2457.770020,2571.419922,2407.530029,2475.560059,2475.560059,8300010000,Yahoo Finance via yfinance
2020-03-26,^GSPC,2501.290039,2637.010010,2500.719971,2630.070068,2630.070068,7766990000,Yahoo Finance via yfinance
2020-03-27,^GSPC,2555.870117,2615.909912,2520.020020,2541.469971,2541.469971,6201670000,Yahoo Finance via yfinance
2020-03-30,^GSPC,2558.979980,2631.800049,2545.280029,2626.649902,2626.649902,5751120000,Yahoo Finance via yfinance
2020-03-31,^GSPC,2614.689941,2641.389893,2571.149902,2584.590088,2584.590088,6576210000,Yahoo Finance via yfinance
2020-04-01,^GSPC,2498.080078,2522.750000,2447.489990,2470.500000,2470.500000,5964000000,Yahoo Finance via yfinance
2020-04-02,^GSPC,2458.540039,2533.219971,2455.790039,2526.899902,2526.899902,6464190000,Yahoo Finance via yfinance
2020-04-03,^GSPC,2514.919922,2538.179932,2459.959961,2488.649902,2488.649902,6096970000,Yahoo Finance via yfinance
2020-04-06,^GSPC,2578.280029,2676.850098,2574.570068,2663.679932,2663.679932,6403840000,Yahoo Finance via yfinance
2020-04-07,^GSPC,2738.649902,2756.889893,2657.669922,2659.409912,2659.409912,7050410000,Yahoo Finance via yfinance
2020-04-08,^GSPC,2685.000000,2760.750000,2663.300049,2749.979980,2749.979980,5875710000,Yahoo Finance via yfinance
2020-04-09,^GSPC,2776.989990,2818.570068,2762.360107,2789.820068,2789.820068,7899550000,Yahoo Finance via yfinance
2020-04-13,^GSPC,2782.459961,2782.459961,2721.169922,2761.629883,2761.629883,5319530000,Yahoo Finance via yfinance
2020-04-14,^GSPC,2805.100098,2851.850098,2805.100098,2846.060059,2846.060059,5615730000,Yahoo Finance via yfinance
2020-04-15,^GSPC,2795.639893,2801.879883,2761.540039,2783.360107,2783.360107,5208000000,Yahoo Finance via yfinance
2020-04-16,^GSPC,2799.340088,2806.510010,2764.320068,2799.550049,2799.550049,5228810000,Yahoo Finance via yfinance
2020-04-17,^GSPC,2842.429932,2879.219971,2830.879883,2874.560059,2874.560059,5804810000,Yahoo Finance via yfinance
2020-04-20,^GSPC,2845.620117,2868.979980,2820.429932,2823.159912,2823.159912,5228630000,Yahoo Finance via yfinance
2020-04-21,^GSPC,2784.810059,2785.540039,2727.100098,2736.560059,2736.560059,5121010000,Yahoo Finance via yfinance
2020-04-22,^GSPC,2787.889893,2815.100098,2775.949951,2799.310059,2799.310059,5084920000,Yahoo Finance via yfinance
2020-04-23,^GSPC,2810.419922,2844.899902,2794.260010,2797.800049,2797.800049,5773530000,Yahoo Finance via yfinance
2020-04-24,^GSPC,2812.639893,2842.709961,2791.760010,2836.739990,2836.739990,5382810000,Yahoo Finance via yfinance
2020-04-27,^GSPC,2854.649902,2887.719971,2852.889893,2878.479980,2878.479980,5203930000,Yahoo Finance via yfinance
2020-04-28,^GSPC,2909.959961,2921.149902,2860.709961,2863.389893,2863.389893,5691160000,Yahoo Finance via yfinance
2020-04-29,^GSPC,2918.459961,2954.860107,2912.159912,2939.510010,2939.510010,6645640000,Yahoo Finance via yfinance
2020-04-30,^GSPC,2930.909912,2930.909912,2892.469971,2912.429932,2912.429932,6544980000,Yahoo Finance via yfinance
2020-05-01,^GSPC,2869.090088,2869.090088,2821.610107,2830.709961,2830.709961,4759810000,Yahoo Finance via yfinance
2020-05-04,^GSPC,2815.010010,2844.239990,2797.850098,2842.739990,2842.739990,4735930000,Yahoo Finance via yfinance
2020-05-05,^GSPC,2868.879883,2898.229980,2863.550049,2868.439941,2868.439941,5140290000,Yahoo Finance via yfinance
2020-05-06,^GSPC,2883.139893,2891.110107,2847.649902,2848.419922,2848.419922,4892570000,Yahoo Finance via yfinance
2020-05-07,^GSPC,2878.260010,2901.919922,2876.479980,2881.189941,2881.189941,5178790000,Yahoo Finance via yfinance
2020-05-08,^GSPC,2908.830078,2932.159912,2902.879883,2929.800049,2929.800049,4876030000,Yahoo Finance via yfinance
2020-05-11,^GSPC,2915.459961,2944.250000,2903.439941,2930.189941,2930.189941,4819730000,Yahoo Finance via yfinance
2020-05-12,^GSPC,2939.500000,2945.820068,2869.590088,2870.120117,2870.120117,5119630000,Yahoo Finance via yfinance
2020-05-13,^GSPC,2865.860107,2874.139893,2793.149902,2820.000000,2820.000000,6151650000,Yahoo Finance via yfinance
2020-05-14,^GSPC,2794.540039,2852.800049,2766.639893,2852.500000,2852.500000,5651130000,Yahoo Finance via yfinance
2020-05-15,^GSPC,2829.949951,2865.010010,2816.780029,2863.699951,2863.699951,5507700000,Yahoo Finance via yfinance
2020-05-18,^GSPC,2913.860107,2968.090088,2913.860107,2953.909912,2953.909912,6373670000,Yahoo Finance via yfinance
2020-05-19,^GSPC,2948.590088,2964.209961,2922.350098,2922.939941,2922.939941,4984330000,Yahoo Finance via yfinance
2020-05-20,^GSPC,2953.629883,2980.290039,2953.629883,2971.610107,2971.610107,5005380000,Yahoo Finance via yfinance
2020-05-21,^GSPC,2969.949951,2978.500000,2938.570068,2948.510010,2948.510010,4976620000,Yahoo Finance via yfinance
2020-05-22,^GSPC,2948.050049,2956.760010,2933.590088,2955.449951,2955.449951,3970860000,Yahoo Finance via yfinance
2020-05-26,^GSPC,3004.080078,3021.719971,2988.169922,2991.770020,2991.770020,5848500000,Yahoo Finance via yfinance
2020-05-27,^GSPC,3015.649902,3036.250000,2969.750000,3036.129883,3036.129883,6398000000,Yahoo Finance via yfinance
2020-05-28,^GSPC,3046.610107,3068.669922,3023.399902,3029.729980,3029.729980,5447020000,Yahoo Finance via yfinance
2020-05-29,^GSPC,3025.169922,3049.169922,2998.610107,3044.310059,3044.310059,7297550000,Yahoo Finance via yfinance
2020-06-01,^GSPC,3038.780029,3062.179932,3031.540039,3055.729980,3055.729980,4684170000,Yahoo Finance via yfinance
2020-06-02,^GSPC,3064.780029,3081.070068,3051.639893,3080.820068,3080.820068,5197150000,Yahoo Finance via yfinance
2020-06-03,^GSPC,3098.899902,3130.939941,3098.899902,3122.870117,3122.870117,6005560000,Yahoo Finance via yfinance
2020-06-04,^GSPC,3111.560059,3128.909912,3090.409912,3112.350098,3112.350098,6451290000,Yahoo Finance via yfinance
2020-06-05,^GSPC,3163.840088,3211.719971,3163.840088,3193.929932,3193.929932,8639300000,Yahoo Finance via yfinance
2020-06-08,^GSPC,3199.919922,3233.129883,3196.000000,3232.389893,3232.389893,8498300000,Yahoo Finance via yfinance
2020-06-09,^GSPC,3213.320068,3222.709961,3193.110107,3207.179932,3207.179932,6410930000,Yahoo Finance via yfinance
2020-06-10,^GSPC,3213.419922,3223.270020,3181.489990,3190.139893,3190.139893,6598870000,Yahoo Finance via yfinance
2020-06-11,^GSPC,3123.530029,3123.530029,2999.489990,3002.100098,3002.100098,7037320000,Yahoo Finance via yfinance
2020-06-12,^GSPC,3071.040039,3088.419922,2984.469971,3041.310059,3041.310059,5845330000,Yahoo Finance via yfinance
2020-06-15,^GSPC,2993.760010,3079.760010,2965.659912,3066.590088,3066.590088,5757480000,Yahoo Finance via yfinance
2020-06-16,^GSPC,3131.000000,3153.449951,3076.060059,3124.739990,3124.739990,5845810000,Yahoo Finance via yfinance
2020-06-17,^GSPC,3136.129883,3141.159912,3108.030029,3113.489990,3113.489990,4560450000,Yahoo Finance via yfinance
2020-06-18,^GSPC,3101.639893,3120.000000,3093.510010,3115.340088,3115.340088,4448690000,Yahoo Finance via yfinance
2020-06-19,^GSPC,3140.290039,3155.530029,3083.110107,3097.739990,3097.739990,8346650000,Yahoo Finance via yfinance
2020-06-22,^GSPC,3094.419922,3120.919922,3079.389893,3117.860107,3117.860107,4686690000,Yahoo Finance via yfinance
2020-06-23,^GSPC,3138.699951,3154.899902,3127.120117,3131.290039,3131.290039,4711850000,Yahoo Finance via yfinance
2020-06-24,^GSPC,3114.399902,3115.010010,3032.129883,3050.330078,3050.330078,5597680000,Yahoo Finance via yfinance
2020-06-25,^GSPC,3046.600098,3086.250000,3024.010010,3083.760010,3083.760010,4847690000,Yahoo Finance via yfinance
2020-06-26,^GSPC,3073.199951,3073.729980,3004.629883,3009.050049,3009.050049,8107850000,Yahoo Finance via yfinance
2020-06-29,^GSPC,3018.590088,3053.889893,2999.739990,3053.239990,3053.239990,4473970000,Yahoo Finance via yfinance
2020-06-30,^GSPC,3050.199951,3111.510010,3047.830078,3100.290039,3100.290039,4705850000,Yahoo Finance via yfinance
2020-07-01,^GSPC,3105.919922,3128.439941,3101.169922,3115.860107,3115.860107,4449230000,Yahoo Finance via yfinance
2020-07-02,^GSPC,3143.639893,3165.810059,3124.520020,3130.010010,3130.010010,4197720000,Yahoo Finance via yfinance
2020-07-06,^GSPC,3155.290039,3182.590088,3155.290039,3179.719971,3179.719971,4759160000,Yahoo Finance via yfinance
2020-07-07,^GSPC,3166.439941,3184.149902,3142.929932,3145.320068,3145.320068,4571330000,Yahoo Finance via yfinance
2020-07-08,^GSPC,3153.070068,3171.800049,3136.530029,3169.939941,3169.939941,4937310000,Yahoo Finance via yfinance
2020-07-09,^GSPC,3176.169922,3179.780029,3115.699951,3152.050049,3152.050049,4843650000,Yahoo Finance via yfinance
2020-07-10,^GSPC,3152.469971,3186.820068,3136.219971,3185.040039,3185.040039,4524190000,Yahoo Finance via yfinance
2020-07-13,^GSPC,3205.080078,3235.320068,3149.429932,3155.219971,3155.219971,4902440000,Yahoo Finance via yfinance
2020-07-14,^GSPC,3141.110107,3200.949951,3127.659912,3197.520020,3197.520020,4507140000,Yahoo Finance via yfinance
2020-07-15,^GSPC,3225.979980,3238.280029,3200.760010,3226.560059,3226.560059,4686830000,Yahoo Finance via yfinance
2020-07-16,^GSPC,3208.360107,3220.389893,3198.590088,3215.570068,3215.570068,3972860000,Yahoo Finance via yfinance
2020-07-17,^GSPC,3224.209961,3233.520020,3205.649902,3224.729980,3224.729980,4012850000,Yahoo Finance via yfinance
2020-07-20,^GSPC,3224.290039,3258.610107,3215.159912,3251.840088,3251.840088,3979340000,Yahoo Finance via yfinance
2020-07-21,^GSPC,3268.520020,3277.290039,3247.770020,3257.300049,3257.300049,4556610000,Yahoo Finance via yfinance
2020-07-22,^GSPC,3254.860107,3279.320068,3253.100098,3276.020020,3276.020020,4267160000,Yahoo Finance via yfinance
2020-07-23,^GSPC,3271.639893,3279.989990,3222.659912,3235.659912,3235.659912,4296760000,Yahoo Finance via yfinance
2020-07-24,^GSPC,3218.580078,3227.260010,3200.050049,3215.629883,3215.629883,3689410000,Yahoo Finance via yfinance
2020-07-27,^GSPC,3219.840088,3241.429932,3214.250000,3239.409912,3239.409912,3970310000,Yahoo Finance via yfinance
2020-07-28,^GSPC,3234.270020,3243.719971,3216.169922,3218.439941,3218.439941,4053180000,Yahoo Finance via yfinance
2020-07-29,^GSPC,3227.219971,3264.739990,3227.219971,3258.439941,3258.439941,4478200000,Yahoo Finance via yfinance
2020-07-30,^GSPC,3231.760010,3250.919922,3204.129883,3246.219971,3246.219971,4264920000,Yahoo Finance via yfinance
2020-07-31,^GSPC,3270.449951,3272.169922,3220.260010,3271.120117,3271.120117,5007530000,Yahoo Finance via yfinance
2020-08-03,^GSPC,3288.260010,3302.729980,3284.530029,3294.610107,3294.610107,4438940000,Yahoo Finance via yfinance
2020-08-04,^GSPC,3289.919922,3306.840088,3286.370117,3306.510010,3306.510010,4414380000,Yahoo Finance via yfinance
2020-08-05,^GSPC,3317.370117,3330.770020,3317.370117,3327.770020,3327.770020,4535060000,Yahoo Finance via yfinance
2020-08-06,^GSPC,3323.169922,3351.030029,3318.139893,3349.159912,3349.159912,4278930000,Yahoo Finance via yfinance
2020-08-07,^GSPC,3340.050049,3352.540039,3328.719971,3351.280029,3351.280029,4110030000,Yahoo Finance via yfinance
2020-08-10,^GSPC,3356.040039,3363.290039,3335.439941,3360.469971,3360.469971,4327920000,Yahoo Finance via yfinance
2020-08-11,^GSPC,3370.340088,3381.010010,3326.439941,3333.689941,3333.689941,4880540000,Yahoo Finance via yfinance
2020-08-12,^GSPC,3355.459961,3387.889893,3355.459961,3380.350098,3380.350098,3772250000,Yahoo Finance via yfinance
2020-08-13,^GSPC,3372.949951,3387.239990,3363.350098,3373.429932,3373.429932,3438730000,Yahoo Finance via yfinance
2020-08-14,^GSPC,3368.659912,3378.510010,3361.639893,3372.850098,3372.850098,3200060000,Yahoo Finance via yfinance
2020-08-17,^GSPC,3380.860107,3387.590088,3379.219971,3381.989990,3381.989990,3460330000,Yahoo Finance via yfinance
2020-08-18,^GSPC,3387.040039,3395.060059,3370.149902,3389.780029,3389.780029,3669550000,Yahoo Finance via yfinance
2020-08-19,^GSPC,3392.510010,3399.540039,3369.659912,3374.850098,3374.850098,3679480000,Yahoo Finance via yfinance
2020-08-20,^GSPC,3360.479980,3390.800049,3354.689941,3385.510010,3385.510010,3431040000,Yahoo Finance via yfinance
2020-08-21,^GSPC,3386.010010,3399.959961,3379.310059,3397.159912,3397.159912,3505010000,Yahoo Finance via yfinance
2020-08-24,^GSPC,3418.090088,3432.090088,3413.129883,3431.280029,3431.280029,3743410000,Yahoo Finance via yfinance
2020-08-25,^GSPC,3435.949951,3444.209961,3425.840088,3443.620117,3443.620117,3627650000,Yahoo Finance via yfinance
2020-08-26,^GSPC,3449.969971,3481.070068,3444.149902,3478.729980,3478.729980,3780530000,Yahoo Finance via yfinance
2020-08-27,^GSPC,3485.139893,3501.379883,3468.350098,3484.550049,3484.550049,3955890000,Yahoo Finance via yfinance
2020-08-28,^GSPC,3494.689941,3509.229980,3484.320068,3508.010010,3508.010010,3868510000,Yahoo Finance via yfinance
2020-08-31,^GSPC,3509.729980,3514.770020,3493.250000,3500.310059,3500.310059,4348280000,Yahoo Finance via yfinance
2020-09-01,^GSPC,3507.439941,3528.030029,3494.600098,3526.649902,3526.649902,4101490000,Yahoo Finance via yfinance
2020-09-02,^GSPC,3543.760010,3588.110107,3535.229980,3580.840088,3580.840088,4295640000,Yahoo Finance via yfinance
2020-09-03,^GSPC,3564.739990,3564.850098,3427.409912,3455.060059,3455.060059,4911830000,Yahoo Finance via yfinance
2020-09-04,^GSPC,3453.600098,3479.149902,3349.629883,3426.959961,3426.959961,4438720000,Yahoo Finance via yfinance
2020-09-08,^GSPC,3371.879883,3379.969971,3329.270020,3331.840088,3331.840088,4694330000,Yahoo Finance via yfinance
2020-09-09,^GSPC,3369.820068,3424.770020,3366.840088,3398.959961,3398.959961,3932520000,Yahoo Finance via yfinance
2020-09-10,^GSPC,3412.560059,3425.550049,3329.250000,3339.189941,3339.189941,4208630000,Yahoo Finance via yfinance
2020-09-11,^GSPC,3352.699951,3368.949951,3310.469971,3340.969971,3340.969971,3710090000,Yahoo Finance via yfinance
2020-09-14,^GSPC,3363.560059,3402.929932,3363.560059,3383.540039,3383.540039,3839580000,Yahoo Finance via yfinance
2020-09-15,^GSPC,3407.729980,3419.479980,3389.250000,3401.199951,3401.199951,4057190000,Yahoo Finance via yfinance
2020-09-16,^GSPC,3411.229980,3428.919922,3384.449951,3385.489990,3385.489990,4718900000,Yahoo Finance via yfinance
2020-09-17,^GSPC,3346.860107,3375.169922,3328.820068,3357.010010,3357.010010,4379840000,Yahoo Finance via yfinance
2020-09-18,^GSPC,3357.379883,3362.270020,3292.399902,3319.469971,3319.469971,7076400000,Yahoo Finance via yfinance
2020-09-21,^GSPC,3285.570068,3285.570068,3229.100098,3281.060059,3281.060059,4836070000,Yahoo Finance via yfinance
2020-09-22,^GSPC,3295.750000,3320.310059,3270.949951,3315.570068,3315.570068,3974510000,Yahoo Finance via yfinance
2020-09-23,^GSPC,3320.110107,3323.350098,3232.570068,3236.919922,3236.919922,4378650000,Yahoo Finance via yfinance
2020-09-24,^GSPC,3226.139893,3278.699951,3209.449951,3246.590088,3246.590088,4601920000,Yahoo Finance via yfinance
2020-09-25,^GSPC,3236.659912,3306.879883,3228.439941,3298.459961,3298.459961,3803330000,Yahoo Finance via yfinance
2020-09-28,^GSPC,3333.899902,3360.739990,3332.909912,3351.600098,3351.600098,3950910000,Yahoo Finance via yfinance
2020-09-29,^GSPC,3350.919922,3357.919922,3327.540039,3335.469971,3335.469971,3661590000,Yahoo Finance via yfinance
2020-09-30,^GSPC,3341.209961,3393.560059,3340.469971,3363.000000,3363.000000,4738640000,Yahoo Finance via yfinance
2020-10-01,^GSPC,3385.870117,3397.179932,3361.389893,3380.800049,3380.800049,4076340000,Yahoo Finance via yfinance
2020-10-02,^GSPC,3338.939941,3369.100098,3323.689941,3348.419922,3348.419922,3975180000,Yahoo Finance via yfinance
2020-10-05,^GSPC,3367.270020,3409.570068,3367.270020,3408.600098,3408.600098,3692720000,Yahoo Finance via yfinance
2020-10-06,^GSPC,3408.739990,3431.560059,3354.540039,3360.969971,3360.969971,4453390000,Yahoo Finance via yfinance
2020-10-07,^GSPC,3384.560059,3426.260010,3384.560059,3419.439941,3419.439941,3814750000,Yahoo Finance via yfinance
2020-10-08,^GSPC,3434.280029,3447.280029,3428.149902,3446.830078,3446.830078,3867640000,Yahoo Finance via yfinance
2020-10-09,^GSPC,3459.669922,3482.340088,3458.070068,3477.139893,3477.139893,3944090000,Yahoo Finance via yfinance
2020-10-12,^GSPC,3500.020020,3549.850098,3499.610107,3534.219971,3534.219971,3435760000,Yahoo Finance via yfinance
2020-10-13,^GSPC,3534.010010,3534.010010,3500.860107,3511.929932,3511.929932,3611100000,Yahoo Finance via yfinance
2020-10-14,^GSPC,3515.469971,3527.939941,3480.550049,3488.669922,3488.669922,3858510000,Yahoo Finance via yfinance
2020-10-15,^GSPC,3453.719971,3489.080078,3440.889893,3483.340088,3483.340088,3724550000,Yahoo Finance via yfinance
2020-10-16,^GSPC,3493.500000,3515.760010,3480.449951,3483.810059,3483.810059,4688030000,Yahoo Finance via yfinance
2020-10-19,^GSPC,3493.659912,3502.419922,3419.929932,3426.919922,3426.919922,4091080000,Yahoo Finance via yfinance
2020-10-20,^GSPC,3439.379883,3476.929932,3435.649902,3443.120117,3443.120117,3917850000,Yahoo Finance via yfinance
2020-10-21,^GSPC,3439.909912,3464.860107,3433.060059,3435.560059,3435.560059,4103960000,Yahoo Finance via yfinance
2020-10-22,^GSPC,3438.500000,3460.530029,3415.340088,3453.489990,3453.489990,4172060000,Yahoo Finance via yfinance
2020-10-23,^GSPC,3464.899902,3466.459961,3440.449951,3465.389893,3465.389893,3651600000,Yahoo Finance via yfinance
2020-10-26,^GSPC,3441.419922,3441.419922,3364.860107,3400.969971,3400.969971,4002210000,Yahoo Finance via yfinance
2020-10-27,^GSPC,3403.149902,3409.510010,3388.709961,3390.679932,3390.679932,3962400000,Yahoo Finance via yfinance
2020-10-28,^GSPC,3342.479980,3342.479980,3268.889893,3271.030029,3271.030029,5139970000,Yahoo Finance via yfinance
2020-10-29,^GSPC,3277.169922,3341.050049,3259.820068,3310.110107,3310.110107,4911860000,Yahoo Finance via yfinance
2020-10-30,^GSPC,3293.590088,3304.929932,3233.939941,3269.959961,3269.959961,4843930000,Yahoo Finance via yfinance
2020-11-02,^GSPC,3296.199951,3330.139893,3279.739990,3310.239990,3310.239990,4314690000,Yahoo Finance via yfinance
2020-11-03,^GSPC,3336.250000,3389.489990,3336.250000,3369.159912,3369.159912,4241380000,Yahoo Finance via yfinance
2020-11-04,^GSPC,3406.459961,3486.250000,3405.169922,3443.439941,3443.439941,4790400000,Yahoo Finance via yfinance
2020-11-05,^GSPC,3485.739990,3529.050049,3485.739990,3510.449951,3510.449951,4858150000,Yahoo Finance via yfinance
2020-11-06,^GSPC,3508.340088,3521.580078,3484.340088,3509.439941,3509.439941,4842460000,Yahoo Finance via yfinance
2020-11-09,^GSPC,3583.040039,3645.989990,3547.479980,3550.500000,3550.500000,8570510000,Yahoo Finance via yfinance
2020-11-10,^GSPC,3543.260010,3557.219971,3511.909912,3545.530029,3545.530029,6037470000,Yahoo Finance via yfinance
2020-11-11,^GSPC,3563.219971,3581.159912,3557.000000,3572.659912,3572.659912,4635560000,Yahoo Finance via yfinance
2020-11-12,^GSPC,3562.669922,3569.020020,3518.580078,3537.010010,3537.010010,4909660000,Yahoo Finance via yfinance
2020-11-13,^GSPC,3552.570068,3593.659912,3552.570068,3585.149902,3585.149902,4719580000,Yahoo Finance via yfinance
2020-11-16,^GSPC,3600.159912,3628.510010,3600.159912,3626.909912,3626.909912,5295510000,Yahoo Finance via yfinance
2020-11-17,^GSPC,3610.310059,3623.110107,3588.679932,3609.530029,3609.530029,4812180000,Yahoo Finance via yfinance
2020-11-18,^GSPC,3612.090088,3619.090088,3567.330078,3567.790039,3567.790039,5284810000,Yahoo Finance via yfinance
2020-11-19,^GSPC,3559.409912,3585.219971,3543.840088,3581.870117,3581.870117,4363370000,Yahoo Finance via yfinance
2020-11-20,^GSPC,3579.310059,3581.229980,3556.850098,3557.540039,3557.540039,4236370000,Yahoo Finance via yfinance
2020-11-23,^GSPC,3566.820068,3589.810059,3552.770020,3577.590088,3577.590088,5057550000,Yahoo Finance via yfinance
2020-11-24,^GSPC,3594.520020,3642.310059,3594.520020,3635.409912,3635.409912,6280290000,Yahoo Finance via yfinance
2020-11-25,^GSPC,3635.500000,3635.500000,3617.760010,3629.649902,3629.649902,4910440000,Yahoo Finance via yfinance
2020-11-27,^GSPC,3638.550049,3644.310059,3629.330078,3638.350098,3638.350098,2778390000,Yahoo Finance via yfinance
2020-11-30,^GSPC,3634.179932,3634.179932,3594.389893,3621.629883,3621.629883,6308410000,Yahoo Finance via yfinance
2020-12-01,^GSPC,3645.870117,3678.449951,3645.870117,3662.449951,3662.449951,5418480000,Yahoo Finance via yfinance
2020-12-02,^GSPC,3653.780029,3670.959961,3644.840088,3669.010010,3669.010010,5041250000,Yahoo Finance via yfinance
2020-12-03,^GSPC,3668.280029,3682.729980,3657.169922,3666.719971,3666.719971,5065340000,Yahoo Finance via yfinance
2020-12-04,^GSPC,3670.939941,3699.199951,3670.939941,3699.120117,3699.120117,5099620000,Yahoo Finance via yfinance
2020-12-07,^GSPC,3694.729980,3697.409912,3678.879883,3691.959961,3691.959961,4804500000,Yahoo Finance via yfinance
2020-12-08,^GSPC,3683.050049,3708.449951,3678.830078,3702.250000,3702.250000,4584390000,Yahoo Finance via yfinance
2020-12-09,^GSPC,3705.979980,3712.389893,3660.540039,3672.820068,3672.820068,5232800000,Yahoo Finance via yfinance
2020-12-10,^GSPC,3659.129883,3678.489990,3645.179932,3668.100098,3668.100098,4658480000,Yahoo Finance via yfinance
2020-12-11,^GSPC,3656.080078,3665.909912,3633.399902,3663.459961,3663.459961,4375470000,Yahoo Finance via yfinance
2020-12-14,^GSPC,3675.270020,3697.610107,3645.840088,3647.489990,3647.489990,4623850000,Yahoo Finance via yfinance
2020-12-15,^GSPC,3666.409912,3695.290039,3659.620117,3694.620117,3694.620117,4387080000,Yahoo Finance via yfinance
2020-12-16,^GSPC,3696.250000,3711.270020,3688.570068,3701.169922,3701.169922,4067040000,Yahoo Finance via yfinance
2020-12-17,^GSPC,3713.649902,3725.120117,3710.870117,3722.479980,3722.479980,4192810000,Yahoo Finance via yfinance
2020-12-18,^GSPC,3722.389893,3726.699951,3685.840088,3709.409912,3709.409912,7097100000,Yahoo Finance via yfinance
2020-12-21,^GSPC,3684.280029,3702.899902,3636.479980,3694.919922,3694.919922,4748580000,Yahoo Finance via yfinance
2020-12-22,^GSPC,3698.080078,3698.260010,3676.159912,3687.260010,3687.260010,4053310000,Yahoo Finance via yfinance
2020-12-23,^GSPC,3693.419922,3711.239990,3689.280029,3690.010010,3690.010010,3779160000,Yahoo Finance via yfinance
2020-12-24,^GSPC,3694.030029,3703.820068,3689.320068,3703.060059,3703.060059,1883780000,Yahoo Finance via yfinance
2020-12-28,^GSPC,3723.030029,3740.510010,3723.030029,3735.360107,3735.360107,3535460000,Yahoo Finance via yfinance
2020-12-29,^GSPC,3750.010010,3756.120117,3723.310059,3727.040039,3727.040039,3393290000,Yahoo Finance via yfinance
2020-12-30,^GSPC,3736.189941,3744.629883,3730.209961,3732.040039,3732.040039,3154850000,Yahoo Finance via yfinance
2020-12-31,^GSPC,3733.270020,3760.199951,3726.879883,3756.070068,3756.070068,3179040000,Yahoo Finance via yfinance
2021-01-04,^GSPC,3764.610107,3769.989990,3662.709961,3700.649902,3700.649902,5015000000,Yahoo Finance via yfinance
2021-01-05,^GSPC,3698.020020,3737.830078,3695.070068,3726.860107,3726.860107,4591020000,Yahoo Finance via yfinance
2021-01-06,^GSPC,3712.199951,3783.040039,3705.340088,3748.139893,3748.139893,6064110000,Yahoo Finance via yfinance
2021-01-07,^GSPC,3764.709961,3811.550049,3764.709961,3803.790039,3803.790039,5099160000,Yahoo Finance via yfinance
2021-01-08,^GSPC,3815.050049,3826.689941,3783.600098,3824.679932,3824.679932,4773040000,Yahoo Finance via yfinance
2021-01-11,^GSPC,3803.139893,3817.860107,3789.020020,3799.610107,3799.610107,4465430000,Yahoo Finance via yfinance
2021-01-12,^GSPC,3801.620117,3810.780029,3776.510010,3801.189941,3801.189941,4994950000,Yahoo Finance via yfinance
2021-01-13,^GSPC,3802.229980,3820.959961,3791.500000,3809.840088,3809.840088,4602510000,Yahoo Finance via yfinance
2021-01-14,^GSPC,3814.979980,3823.600098,3792.860107,3795.540039,3795.540039,5198480000,Yahoo Finance via yfinance
2021-01-15,^GSPC,3788.729980,3788.729980,3749.620117,3768.250000,3768.250000,5369820000,Yahoo Finance via yfinance
2021-01-19,^GSPC,3781.879883,3804.530029,3780.370117,3798.909912,3798.909912,5014440000,Yahoo Finance via yfinance
2021-01-20,^GSPC,3816.219971,3859.750000,3816.219971,3851.850098,3851.850098,4566190000,Yahoo Finance via yfinance
2021-01-21,^GSPC,3857.459961,3861.449951,3845.050049,3853.070068,3853.070068,4501760000,Yahoo Finance via yfinance
2021-01-22,^GSPC,3844.239990,3852.310059,3830.409912,3841.469971,3841.469971,5110890000,Yahoo Finance via yfinance
2021-01-25,^GSPC,3851.679932,3859.229980,3797.159912,3855.360107,3855.360107,7000840000,Yahoo Finance via yfinance
2021-01-26,^GSPC,3862.959961,3870.899902,3847.780029,3849.620117,3849.620117,6137500000,Yahoo Finance via yfinance
2021-01-27,^GSPC,3836.830078,3836.830078,3732.479980,3750.770020,3750.770020,9976520000,Yahoo Finance via yfinance
2021-01-28,^GSPC,3755.750000,3830.500000,3755.750000,3787.379883,3787.379883,6992770000,Yahoo Finance via yfinance
2021-01-29,^GSPC,3778.050049,3778.050049,3694.120117,3714.239990,3714.239990,6643370000,Yahoo Finance via yfinance
2021-02-01,^GSPC,3731.169922,3784.320068,3725.620117,3773.860107,3773.860107,5436230000,Yahoo Finance via yfinance
2021-02-02,^GSPC,3791.840088,3843.090088,3791.840088,3826.310059,3826.310059,5514090000,Yahoo Finance via yfinance
2021-02-03,^GSPC,3840.270020,3847.510010,3816.679932,3830.169922,3830.169922,4864870000,Yahoo Finance via yfinance
2021-02-04,^GSPC,3836.659912,3872.419922,3836.659912,3871.739990,3871.739990,4879240000,Yahoo Finance via yfinance
2021-02-05,^GSPC,3878.300049,3894.560059,3874.929932,3886.830078,3886.830078,4879470000,Yahoo Finance via yfinance
2021-02-08,^GSPC,3892.590088,3915.770020,3892.590088,3915.590088,3915.590088,4648360000,Yahoo Finance via yfinance
2021-02-09,^GSPC,3910.489990,3918.350098,3902.639893,3911.229980,3911.229980,4568320000,Yahoo Finance via yfinance
2021-02-10,^GSPC,3920.780029,3931.500000,3884.939941,3909.879883,3909.879883,4837070000,Yahoo Finance via yfinance
2021-02-11,^GSPC,3916.399902,3925.989990,3890.389893,3916.379883,3916.379883,4590960000,Yahoo Finance via yfinance
2021-02-12,^GSPC,3911.649902,3937.229980,3905.780029,3934.830078,3934.830078,4135060000,Yahoo Finance via yfinance
2021-02-16,^GSPC,3939.610107,3950.429932,3923.850098,3932.590088,3932.590088,5058990000,Yahoo Finance via yfinance
2021-02-17,^GSPC,3918.500000,3933.610107,3900.429932,3931.330078,3931.330078,4730650000,Yahoo Finance via yfinance
2021-02-18,^GSPC,3915.860107,3921.979980,3885.030029,3913.969971,3913.969971,4793650000,Yahoo Finance via yfinance
2021-02-19,^GSPC,3921.159912,3930.409912,3903.070068,3906.709961,3906.709961,4845320000,Yahoo Finance via yfinance
2021-02-22,^GSPC,3885.550049,3902.919922,3874.709961,3876.500000,3876.500000,5917100000,Yahoo Finance via yfinance
2021-02-23,^GSPC,3857.070068,3895.979980,3805.590088,3881.370117,3881.370117,6296610000,Yahoo Finance via yfinance
2021-02-24,^GSPC,3873.709961,3928.649902,3859.600098,3925.429932,3925.429932,6012790000,Yahoo Finance via yfinance
2021-02-25,^GSPC,3915.800049,3925.020020,3814.040039,3829.340088,3829.340088,6547470000,Yahoo Finance via yfinance
2021-02-26,^GSPC,3839.659912,3861.080078,3789.540039,3811.149902,3811.149902,6526070000,Yahoo Finance via yfinance
2021-03-01,^GSPC,3842.510010,3914.500000,3842.510010,3901.820068,3901.820068,5114820000,Yahoo Finance via yfinance
2021-03-02,^GSPC,3903.639893,3906.409912,3868.570068,3870.290039,3870.290039,5536010000,Yahoo Finance via yfinance
2021-03-03,^GSPC,3863.989990,3874.469971,3818.860107,3819.719971,3819.719971,6173660000,Yahoo Finance via yfinance
2021-03-04,^GSPC,3818.530029,3843.669922,3723.340088,3768.469971,3768.469971,7195400000,Yahoo Finance via yfinance
2021-03-05,^GSPC,3793.580078,3851.689941,3730.189941,3841.939941,3841.939941,6851070000,Yahoo Finance via yfinance
2021-03-08,^GSPC,3844.389893,3881.060059,3819.250000,3821.350098,3821.350098,5871710000,Yahoo Finance via yfinance
2021-03-09,^GSPC,3851.929932,3903.760010,3851.929932,3875.439941,3875.439941,5513560000,Yahoo Finance via yfinance
2021-03-10,^GSPC,3891.989990,3917.350098,3885.729980,3898.810059,3898.810059,5847380000,Yahoo Finance via yfinance
2021-03-11,^GSPC,3915.540039,3960.270020,3915.540039,3939.340088,3939.340088,5312880000,Yahoo Finance via yfinance
2021-03-12,^GSPC,3924.520020,3944.989990,3915.209961,3943.340088,3943.340088,4476280000,Yahoo Finance via yfinance
2021-03-15,^GSPC,3942.959961,3970.080078,3923.540039,3968.939941,3968.939941,4900100000,Yahoo Finance via yfinance
2021-03-16,^GSPC,3973.590088,3981.040039,3953.439941,3962.709961,3962.709961,4613080000,Yahoo Finance via yfinance
2021-03-17,^GSPC,3949.570068,3983.870117,3935.739990,3974.120117,3974.120117,4561660000,Yahoo Finance via yfinance
2021-03-18,^GSPC,3953.500000,3969.620117,3910.860107,3915.459961,3915.459961,5118590000,Yahoo Finance via yfinance
2021-03-19,^GSPC,3913.139893,3930.120117,3886.750000,3913.100098,3913.100098,7757420000,Yahoo Finance via yfinance
2021-03-22,^GSPC,3916.479980,3955.310059,3914.159912,3940.590088,3940.590088,4316260000,Yahoo Finance via yfinance
2021-03-23,^GSPC,3937.600098,3949.129883,3901.570068,3910.520020,3910.520020,4669010000,Yahoo Finance via yfinance
2021-03-24,^GSPC,3919.929932,3942.080078,3889.070068,3889.139893,3889.139893,4783020000,Yahoo Finance via yfinance
2021-03-25,^GSPC,3879.340088,3919.540039,3853.500000,3909.520020,3909.520020,4948340000,Yahoo Finance via yfinance
2021-03-26,^GSPC,3917.120117,3978.189941,3917.120117,3974.540039,3974.540039,5483160000,Yahoo Finance via yfinance
2021-03-29,^GSPC,3969.310059,3981.830078,3943.250000,3971.090088,3971.090088,4628180000,Yahoo Finance via yfinance
2021-03-30,^GSPC,3963.340088,3968.010010,3944.350098,3958.550049,3958.550049,4121510000,Yahoo Finance via yfinance
2021-03-31,^GSPC,3967.250000,3994.409912,3966.979980,3972.889893,3972.889893,4578050000,Yahoo Finance via yfinance
2021-04-01,^GSPC,3992.780029,4020.629883,3992.780029,4019.870117,4019.870117,4162130000,Yahoo Finance via yfinance
2021-04-05,^GSPC,4034.439941,4083.419922,4034.439941,4077.909912,4077.909912,4005030000,Yahoo Finance via yfinance
2021-04-06,^GSPC,4075.570068,4086.229980,4068.139893,4073.939941,4073.939941,4081270000,Yahoo Finance via yfinance
2021-04-07,^GSPC,4074.290039,4083.129883,4068.310059,4079.949951,4079.949951,4120810000,Yahoo Finance via yfinance
2021-04-08,^GSPC,4089.949951,4098.189941,4082.540039,4097.169922,4097.169922,3907100000,Yahoo Finance via yfinance
2021-04-09,^GSPC,4096.109863,4129.479980,4095.510010,4128.799805,4128.799805,3640390000,Yahoo Finance via yfinance
2021-04-12,^GSPC,4124.709961,4131.759766,4114.819824,4127.990234,4127.990234,3588900000,Yahoo Finance via yfinance
2021-04-13,^GSPC,4130.100098,4148.000000,4124.430176,4141.589844,4141.589844,3734720000,Yahoo Finance via yfinance
2021-04-14,^GSPC,4141.580078,4151.689941,4120.870117,4124.660156,4124.660156,3985350000,Yahoo Finance via yfinance
2021-04-15,^GSPC,4139.759766,4173.490234,4139.759766,4170.419922,4170.419922,4033420000,Yahoo Finance via yfinance
2021-04-16,^GSPC,4174.140137,4191.310059,4170.750000,4185.470215,4185.470215,4163820000,Yahoo Finance via yfinance
2021-04-19,^GSPC,4179.799805,4180.810059,4150.470215,4163.259766,4163.259766,3810290000,Yahoo Finance via yfinance
2021-04-20,^GSPC,4159.180176,4159.180176,4118.379883,4134.939941,4134.939941,4342650000,Yahoo Finance via yfinance
2021-04-21,^GSPC,4128.419922,4175.020020,4126.350098,4173.419922,4173.419922,3887250000,Yahoo Finance via yfinance
2021-04-22,^GSPC,4170.459961,4179.569824,4123.689941,4134.979980,4134.979980,4245140000,Yahoo Finance via yfinance
2021-04-23,^GSPC,4138.779785,4194.169922,4138.779785,4180.169922,4180.169922,3569880000,Yahoo Finance via yfinance
2021-04-26,^GSPC,4185.029785,4194.189941,4182.359863,4187.620117,4187.620117,3748320000,Yahoo Finance via yfinance
2021-04-27,^GSPC,4188.250000,4193.350098,4176.220215,4186.720215,4186.720215,3710700000,Yahoo Finance via yfinance
2021-04-28,^GSPC,4185.140137,4201.529785,4181.779785,4183.180176,4183.180176,3787360000,Yahoo Finance via yfinance
2021-04-29,^GSPC,4206.140137,4218.779785,4176.810059,4211.470215,4211.470215,4298680000,Yahoo Finance via yfinance
2021-04-30,^GSPC,4198.100098,4198.100098,4174.850098,4181.169922,4181.169922,4300880000,Yahoo Finance via yfinance
2021-05-03,^GSPC,4191.979980,4209.390137,4188.029785,4192.660156,4192.660156,4070220000,Yahoo Finance via yfinance
2021-05-04,^GSPC,4179.040039,4179.040039,4128.589844,4164.660156,4164.660156,4452460000,Yahoo Finance via yfinance
2021-05-05,^GSPC,4177.060059,4187.720215,4160.939941,4167.589844,4167.589844,4230920000,Yahoo Finance via yfinance
2021-05-06,^GSPC,4169.140137,4202.700195,4147.330078,4201.620117,4201.620117,4511000000,Yahoo Finance via yfinance
2021-05-07,^GSPC,4210.339844,4238.040039,4201.640137,4232.600098,4232.600098,4016080000,Yahoo Finance via yfinance
2021-05-10,^GSPC,4228.290039,4236.390137,4188.129883,4188.430176,4188.430176,4560700000,Yahoo Finance via yfinance
2021-05-11,^GSPC,4150.339844,4162.040039,4111.529785,4152.100098,4152.100098,4870710000,Yahoo Finance via yfinance
2021-05-12,^GSPC,4130.549805,4134.729980,4056.879883,4063.040039,4063.040039,4733070000,Yahoo Finance via yfinance
2021-05-13,^GSPC,4074.989990,4131.580078,4074.989990,4112.500000,4112.500000,4779540000,Yahoo Finance via yfinance
2021-05-14,^GSPC,4129.580078,4183.129883,4129.580078,4173.850098,4173.850098,4008880000,Yahoo Finance via yfinance
2021-05-17,^GSPC,4169.919922,4171.919922,4142.689941,4163.290039,4163.290039,4125050000,Yahoo Finance via yfinance
2021-05-18,^GSPC,4165.939941,4169.149902,4125.990234,4127.830078,4127.830078,4398150000,Yahoo Finance via yfinance
2021-05-19,^GSPC,4098.450195,4116.930176,4061.409912,4115.680176,4115.680176,4247450000,Yahoo Finance via yfinance
2021-05-20,^GSPC,4121.970215,4172.799805,4121.970215,4159.120117,4159.120117,3978880000,Yahoo Finance via yfinance
2021-05-21,^GSPC,4168.609863,4188.720215,4151.720215,4155.859863,4155.859863,3995250000,Yahoo Finance via yfinance
2021-05-24,^GSPC,4170.160156,4209.520020,4170.160156,4197.049805,4197.049805,3684800000,Yahoo Finance via yfinance
2021-05-25,^GSPC,4205.939941,4213.419922,4182.520020,4188.129883,4188.129883,4182250000,Yahoo Finance via yfinance
2021-05-26,^GSPC,4191.589844,4202.609863,4184.109863,4195.990234,4195.990234,4420890000,Yahoo Finance via yfinance
2021-05-27,^GSPC,4201.939941,4213.379883,4197.779785,4200.879883,4200.879883,6406310000,Yahoo Finance via yfinance
2021-05-28,^GSPC,4210.770020,4218.359863,4203.569824,4204.109863,4204.109863,4649250000,Yahoo Finance via yfinance
2021-06-01,^GSPC,4216.520020,4234.120117,4197.589844,4202.040039,4202.040039,5074670000,Yahoo Finance via yfinance
2021-06-02,^GSPC,4206.819824,4217.370117,4198.270020,4208.120117,4208.120117,5833670000,Yahoo Finance via yfinance
2021-06-03,^GSPC,4191.430176,4204.390137,4167.930176,4192.850098,4192.850098,5587970000,Yahoo Finance via yfinance
2021-06-04,^GSPC,4206.049805,4233.450195,4206.049805,4229.890137,4229.890137,4139790000,Yahoo Finance via yfinance
2021-06-07,^GSPC,4229.339844,4232.339844,4215.660156,4226.520020,4226.520020,4476920000,Yahoo Finance via yfinance
2021-06-08,^GSPC,4233.810059,4236.740234,4208.410156,4227.259766,4227.259766,4659620000,Yahoo Finance via yfinance
2021-06-09,^GSPC,4232.990234,4237.089844,4218.740234,4219.549805,4219.549805,4713260000,Yahoo Finance via yfinance
2021-06-10,^GSPC,4228.560059,4249.740234,4220.339844,4239.180176,4239.180176,4408210000,Yahoo Finance via yfinance
2021-06-11,^GSPC,4242.899902,4248.379883,4232.250000,4247.439941,4247.439941,3815010000,Yahoo Finance via yfinance
2021-06-14,^GSPC,4248.310059,4255.589844,4234.069824,4255.149902,4255.149902,4151200000,Yahoo Finance via yfinance
2021-06-15,^GSPC,4255.279785,4257.160156,4238.350098,4246.589844,4246.589844,4048940000,Yahoo Finance via yfinance
2021-06-16,^GSPC,4248.870117,4251.890137,4202.450195,4223.700195,4223.700195,4538350000,Yahoo Finance via yfinance
2021-06-17,^GSPC,4220.370117,4232.290039,4196.049805,4221.859863,4221.859863,5312680000,Yahoo Finance via yfinance
2021-06-18,^GSPC,4204.779785,4204.779785,4164.399902,4166.450195,4166.450195,6817010000,Yahoo Finance via yfinance
2021-06-21,^GSPC,4173.399902,4226.240234,4173.399902,4224.790039,4224.790039,4128950000,Yahoo Finance via yfinance
2021-06-22,^GSPC,4224.609863,4255.839844,4217.270020,4246.439941,4246.439941,3828390000,Yahoo Finance via yfinance
2021-06-23,^GSPC,4249.270020,4256.600098,4241.430176,4241.839844,4241.839844,3730350000,Yahoo Finance via yfinance
2021-06-24,^GSPC,4256.970215,4271.279785,4256.970215,4266.490234,4266.490234,3816660000,Yahoo Finance via yfinance
2021-06-25,^GSPC,4274.450195,4286.120117,4271.160156,4280.700195,4280.700195,7341450000,Yahoo Finance via yfinance
2021-06-28,^GSPC,4284.899902,4292.140137,4274.669922,4290.609863,4290.609863,4147890000,Yahoo Finance via yfinance
2021-06-29,^GSPC,4293.209961,4300.520020,4287.040039,4291.799805,4291.799805,3707150000,Yahoo Finance via yfinance
2021-06-30,^GSPC,4290.649902,4302.430176,4287.959961,4297.500000,4297.500000,4266040000,Yahoo Finance via yfinance
2021-07-01,^GSPC,4300.729980,4320.660156,4300.729980,4319.939941,4319.939941,3788230000,Yahoo Finance via yfinance
2021-07-02,^GSPC,4326.600098,4355.430176,4326.600098,4352.339844,4352.339844,3225840000,Yahoo Finance via yfinance
2021-07-06,^GSPC,4356.459961,4356.459961,4314.370117,4343.540039,4343.540039,4309570000,Yahoo Finance via yfinance
2021-07-07,^GSPC,4351.009766,4361.879883,4329.790039,4358.129883,4358.129883,4037380000,Yahoo Finance via yfinance
2021-07-08,^GSPC,4321.069824,4330.879883,4289.370117,4320.819824,4320.819824,4347500000,Yahoo Finance via yfinance
2021-07-09,^GSPC,4329.379883,4371.600098,4329.379883,4369.549805,4369.549805,3531120000,Yahoo Finance via yfinance
2021-07-12,^GSPC,4372.410156,4386.680176,4364.029785,4384.629883,4384.629883,3384460000,Yahoo Finance via yfinance
2021-07-13,^GSPC,4381.069824,4392.370117,4366.919922,4369.209961,4369.209961,3695430000,Yahoo Finance via yfinance
2021-07-14,^GSPC,4380.109863,4393.680176,4362.359863,4374.299805,4374.299805,4006370000,Yahoo Finance via yfinance
2021-07-15,^GSPC,4369.020020,4369.020020,4340.700195,4360.029785,4360.029785,3905230000,Yahoo Finance via yfinance
2021-07-16,^GSPC,4367.430176,4375.089844,4322.529785,4327.160156,4327.160156,3985700000,Yahoo Finance via yfinance
2021-07-19,^GSPC,4296.399902,4296.399902,4233.129883,4258.490234,4258.490234,5157660000,Yahoo Finance via yfinance
2021-07-20,^GSPC,4265.109863,4336.839844,4262.049805,4323.060059,4323.060059,4438270000,Yahoo Finance via yfinance
2021-07-21,^GSPC,4331.129883,4359.700195,4331.129883,4358.689941,4358.689941,3810280000,Yahoo Finance via yfinance
2021-07-22,^GSPC,4361.270020,4369.870117,4350.060059,4367.479980,4367.479980,3358300000,Yahoo Finance via yfinance
2021-07-23,^GSPC,4381.200195,4415.180176,4381.200195,4411.790039,4411.790039,4540070000,Yahoo Finance via yfinance
2021-07-26,^GSPC,4409.580078,4422.729980,4405.450195,4422.299805,4422.299805,4275630000,Yahoo Finance via yfinance
2021-07-27,^GSPC,4416.379883,4416.379883,4372.509766,4401.459961,4401.459961,4241950000,Yahoo Finance via yfinance
2021-07-28,^GSPC,4402.950195,4415.470215,4387.009766,4400.640137,4400.640137,4215290000,Yahoo Finance via yfinance
2021-07-29,^GSPC,4403.589844,4429.970215,4403.589844,4419.149902,4419.149902,4044600000,Yahoo Finance via yfinance
2021-07-30,^GSPC,4395.120117,4412.250000,4389.649902,4395.259766,4395.259766,3956740000,Yahoo Finance via yfinance
2021-08-02,^GSPC,4406.859863,4422.180176,4384.810059,4387.160156,4387.160156,3724090000,Yahoo Finance via yfinance
2021-08-03,^GSPC,4392.740234,4423.790039,4373.000000,4423.149902,4423.149902,3965190000,Yahoo Finance via yfinance
2021-08-04,^GSPC,4415.950195,4416.169922,4400.229980,4402.660156,4402.660156,4260760000,Yahoo Finance via yfinance
2021-08-05,^GSPC,4408.859863,4429.759766,4408.859863,4429.100098,4429.100098,3769410000,Yahoo Finance via yfinance
2021-08-06,^GSPC,4429.069824,4440.819824,4429.069824,4436.520020,4436.520020,3451870000,Yahoo Finance via yfinance
2021-08-09,^GSPC,4437.770020,4439.390137,4424.740234,4432.350098,4432.350098,3449280000,Yahoo Finance via yfinance
2021-08-10,^GSPC,4435.790039,4445.209961,4430.029785,4436.750000,4436.750000,3886610000,Yahoo Finance via yfinance
2021-08-11,^GSPC,4442.180176,4449.439941,4436.419922,4442.410156,4442.410156,3532560000,Yahoo Finance via yfinance
2021-08-12,^GSPC,4446.080078,4461.770020,4435.959961,4460.830078,4460.830078,3375310000,Yahoo Finance via yfinance
2021-08-13,^GSPC,4464.839844,4468.370117,4460.819824,4468.000000,4468.000000,3016470000,Yahoo Finance via yfinance
2021-08-16,^GSPC,4461.649902,4480.259766,4437.660156,4479.709961,4479.709961,3370640000,Yahoo Finance via yfinance
2021-08-17,^GSPC,4462.120117,4462.120117,4417.830078,4448.080078,4448.080078,3836960000,Yahoo Finance via yfinance
2021-08-18,^GSPC,4440.939941,4454.319824,4397.589844,4400.270020,4400.270020,3755590000,Yahoo Finance via yfinance
2021-08-19,^GSPC,4382.439941,4418.609863,4367.729980,4405.799805,4405.799805,4398410000,Yahoo Finance via yfinance
2021-08-20,^GSPC,4410.560059,4444.350098,4406.799805,4441.669922,4441.669922,3652610000,Yahoo Finance via yfinance
2021-08-23,^GSPC,4450.290039,4489.879883,4450.290039,4479.529785,4479.529785,3576530000,Yahoo Finance via yfinance
2021-08-24,^GSPC,4484.399902,4492.810059,4482.279785,4486.229980,4486.229980,3979220000,Yahoo Finance via yfinance
2021-08-25,^GSPC,4490.450195,4501.709961,4485.660156,4496.189941,4496.189941,3444700000,Yahoo Finance via yfinance
2021-08-26,^GSPC,4493.750000,4495.899902,4468.990234,4470.000000,4470.000000,3263980000,Yahoo Finance via yfinance
2021-08-27,^GSPC,4474.100098,4513.330078,4474.100098,4509.370117,4509.370117,3331200000,Yahoo Finance via yfinance
2021-08-30,^GSPC,4513.759766,4537.359863,4513.759766,4528.790039,4528.790039,3168660000,Yahoo Finance via yfinance
2021-08-31,^GSPC,4529.750000,4531.390137,4515.799805,4522.680176,4522.680176,4290710000,Yahoo Finance via yfinance
2021-09-01,^GSPC,4528.799805,4537.109863,4522.020020,4524.089844,4524.089844,4057340000,Yahoo Finance via yfinance
2021-09-02,^GSPC,4534.479980,4545.850098,4524.660156,4536.950195,4536.950195,3735990000,Yahoo Finance via yfinance
2021-09-03,^GSPC,4532.419922,4541.450195,4521.299805,4535.430176,4535.430176,3217530000,Yahoo Finance via yfinance
2021-09-07,^GSPC,4535.379883,4535.379883,4513.000000,4520.029785,4520.029785,3822960000,Yahoo Finance via yfinance
2021-09-08,^GSPC,4518.089844,4521.790039,4493.950195,4514.069824,4514.069824,3750880000,Yahoo Finance via yfinance
2021-09-09,^GSPC,4513.020020,4529.899902,4492.069824,4493.279785,4493.279785,3735390000,Yahoo Finance via yfinance
2021-09-10,^GSPC,4506.919922,4520.470215,4457.660156,4458.580078,4458.580078,3623180000,Yahoo Finance via yfinance
2021-09-13,^GSPC,4474.810059,4492.990234,4445.700195,4468.729980,4468.729980,3914220000,Yahoo Finance via yfinance
2021-09-14,^GSPC,4479.330078,4485.680176,4435.459961,4443.049805,4443.049805,3670460000,Yahoo Finance via yfinance
2021-09-15,^GSPC,4447.490234,4486.870117,4438.370117,4480.700195,4480.700195,4032020000,Yahoo Finance via yfinance
2021-09-16,^GSPC,4477.089844,4485.870117,4443.799805,4473.750000,4473.750000,3984560000,Yahoo Finance via yfinance
2021-09-17,^GSPC,4469.740234,4471.520020,4427.759766,4432.990234,4432.990234,7289530000,Yahoo Finance via yfinance
2021-09-20,^GSPC,4402.950195,4402.950195,4305.910156,4357.729980,4357.729980,4898070000,Yahoo Finance via yfinance
2021-09-21,^GSPC,4374.450195,4394.870117,4347.959961,4354.189941,4354.189941,3920920000,Yahoo Finance via yfinance
2021-09-22,^GSPC,4367.430176,4416.750000,4367.430176,4395.640137,4395.640137,3939170000,Yahoo Finance via yfinance
2021-09-23,^GSPC,4406.750000,4465.399902,4406.750000,4448.979980,4448.979980,3916350000,Yahoo Finance via yfinance
2021-09-24,^GSPC,4438.040039,4463.120117,4430.270020,4455.479980,4455.479980,3384290000,Yahoo Finance via yfinance
2021-09-27,^GSPC,4442.120117,4457.299805,4436.189941,4443.109863,4443.109863,4058650000,Yahoo Finance via yfinance
2021-09-28,^GSPC,4419.540039,4419.540039,4346.330078,4352.629883,4352.629883,4416550000,Yahoo Finance via yfinance
2021-09-29,^GSPC,4362.410156,4385.569824,4355.080078,4359.459961,4359.459961,3712660000,Yahoo Finance via yfinance
2021-09-30,^GSPC,4370.669922,4382.549805,4306.240234,4307.540039,4307.540039,4448140000,Yahoo Finance via yfinance
2021-10-01,^GSPC,4317.160156,4375.189941,4288.520020,4357.040039,4357.040039,4010370000,Yahoo Finance via yfinance
2021-10-04,^GSPC,4348.839844,4355.509766,4278.939941,4300.459961,4300.459961,4307870000,Yahoo Finance via yfinance
2021-10-05,^GSPC,4309.870117,4369.229980,4309.870117,4345.720215,4345.720215,3902890000,Yahoo Finance via yfinance
2021-10-06,^GSPC,4319.569824,4365.569824,4290.490234,4363.549805,4363.549805,4009630000,Yahoo Finance via yfinance
2021-10-07,^GSPC,4383.729980,4429.970215,4383.729980,4399.759766,4399.759766,3843740000,Yahoo Finance via yfinance
2021-10-08,^GSPC,4406.509766,4412.020020,4386.220215,4391.339844,4391.339844,3280160000,Yahoo Finance via yfinance
2021-10-11,^GSPC,4385.439941,4415.879883,4360.589844,4361.189941,4361.189941,3281970000,Yahoo Finance via yfinance
2021-10-12,^GSPC,4368.310059,4374.890137,4342.089844,4350.649902,4350.649902,3558450000,Yahoo Finance via yfinance
2021-10-13,^GSPC,4358.009766,4372.870117,4329.919922,4363.799805,4363.799805,3620070000,Yahoo Finance via yfinance
2021-10-14,^GSPC,4386.750000,4439.729980,4386.750000,4438.259766,4438.259766,3598280000,Yahoo Finance via yfinance
2021-10-15,^GSPC,4447.689941,4475.819824,4447.689941,4471.370117,4471.370117,3819380000,Yahoo Finance via yfinance
2021-10-18,^GSPC,4463.720215,4488.750000,4447.470215,4486.459961,4486.459961,3662010000,Yahoo Finance via yfinance
2021-10-19,^GSPC,4497.339844,4520.399902,4496.410156,4519.629883,4519.629883,3459130000,Yahoo Finance via yfinance
2021-10-20,^GSPC,4524.419922,4540.870117,4524.399902,4536.189941,4536.189941,3670760000,Yahoo Finance via yfinance
2021-10-21,^GSPC,4532.240234,4551.439941,4526.890137,4549.779785,4549.779785,3822330000,Yahoo Finance via yfinance
2021-10-22,^GSPC,4546.120117,4559.669922,4524.000000,4544.899902,4544.899902,3758220000,Yahoo Finance via yfinance
2021-10-25,^GSPC,4553.689941,4572.620117,4537.359863,4566.479980,4566.479980,3899400000,Yahoo Finance via yfinance
2021-10-26,^GSPC,4578.689941,4598.529785,4569.169922,4574.790039,4574.790039,3879740000,Yahoo Finance via yfinance
2021-10-27,^GSPC,4580.220215,4584.569824,4551.660156,4551.680176,4551.680176,4226050000,Yahoo Finance via yfinance
2021-10-28,^GSPC,4562.839844,4597.549805,4562.839844,4596.419922,4596.419922,4132950000,Yahoo Finance via yfinance
2021-10-29,^GSPC,4572.870117,4608.080078,4567.589844,4605.379883,4605.379883,4510200000,Yahoo Finance via yfinance
2021-11-01,^GSPC,4610.620117,4620.339844,4595.060059,4613.669922,4613.669922,3971540000,Yahoo Finance via yfinance
2021-11-02,^GSPC,4613.339844,4635.149902,4613.339844,4630.649902,4630.649902,3975250000,Yahoo Finance via yfinance
2021-11-03,^GSPC,4630.649902,4663.459961,4621.189941,4660.569824,4660.569824,4319660000,Yahoo Finance via yfinance
2021-11-04,^GSPC,4662.930176,4683.000000,4662.589844,4680.060059,4680.060059,4462300000,Yahoo Finance via yfinance
2021-11-05,^GSPC,4699.259766,4718.500000,4681.319824,4697.529785,4697.529785,4467180000,Yahoo Finance via yfinance
2021-11-08,^GSPC,4701.479980,4714.919922,4694.390137,4701.700195,4701.700195,4269710000,Yahoo Finance via yfinance
2021-11-09,^GSPC,4707.250000,4708.529785,4670.870117,4685.250000,4685.250000,4117080000,Yahoo Finance via yfinance
2021-11-10,^GSPC,4670.259766,4684.850098,4630.859863,4646.709961,4646.709961,4503720000,Yahoo Finance via yfinance
2021-11-11,^GSPC,4659.390137,4664.549805,4648.310059,4649.270020,4649.270020,3926870000,Yahoo Finance via yfinance
2021-11-12,^GSPC,4655.240234,4688.470215,4650.770020,4682.850098,4682.850098,3728600000,Yahoo Finance via yfinance
2021-11-15,^GSPC,4689.299805,4697.419922,4672.859863,4682.799805,4682.799805,3488410000,Yahoo Finance via yfinance
2021-11-16,^GSPC,4679.419922,4714.950195,4679.419922,4700.899902,4700.899902,3972640000,Yahoo Finance via yfinance
2021-11-17,^GSPC,4701.500000,4701.500000,4684.410156,4688.669922,4688.669922,3969070000,Yahoo Finance via yfinance
2021-11-18,^GSPC,4700.720215,4708.799805,4672.779785,4704.540039,4704.540039,4226410000,Yahoo Finance via yfinance
2021-11-19,^GSPC,4708.439941,4717.750000,4694.220215,4697.959961,4697.959961,4253180000,Yahoo Finance via yfinance
2021-11-22,^GSPC,4712.000000,4743.830078,4682.169922,4682.939941,4682.939941,4441100000,Yahoo Finance via yfinance
2021-11-23,^GSPC,4678.479980,4699.390137,4652.660156,4690.700195,4690.700195,4277590000,Yahoo Finance via yfinance
2021-11-24,^GSPC,4675.779785,4702.870117,4659.890137,4701.459961,4701.459961,3418430000,Yahoo Finance via yfinance
2021-11-26,^GSPC,4664.629883,4664.629883,4585.430176,4594.620117,4594.620117,3517700000,Yahoo Finance via yfinance
2021-11-29,^GSPC,4628.750000,4672.950195,4625.259766,4655.270020,4655.270020,4336410000,Yahoo Finance via yfinance
2021-11-30,^GSPC,4640.250000,4646.020020,4560.000000,4567.000000,4567.000000,6625990000,Yahoo Finance via yfinance
2021-12-01,^GSPC,4602.819824,4652.939941,4510.270020,4513.040039,4513.040039,5366730000,Yahoo Finance via yfinance
2021-12-02,^GSPC,4504.729980,4595.459961,4504.729980,4577.100098,4577.100098,5077180000,Yahoo Finance via yfinance
2021-12-03,^GSPC,4589.490234,4608.029785,4495.120117,4538.430176,4538.430176,5240070000,Yahoo Finance via yfinance
2021-12-06,^GSPC,4548.370117,4612.600098,4540.509766,4591.669922,4591.669922,4770800000,Yahoo Finance via yfinance
2021-12-07,^GSPC,4631.970215,4694.040039,4631.970215,4686.750000,4686.750000,4492400000,Yahoo Finance via yfinance
2021-12-08,^GSPC,4690.859863,4705.060059,4674.520020,4701.209961,4701.209961,4234600000,Yahoo Finance via yfinance
2021-12-09,^GSPC,4691.000000,4695.259766,4665.979980,4667.450195,4667.450195,3903840000,Yahoo Finance via yfinance
2021-12-10,^GSPC,4687.640137,4713.569824,4670.240234,4712.020020,4712.020020,3870110000,Yahoo Finance via yfinance
2021-12-13,^GSPC,4710.299805,4710.299805,4667.600098,4668.970215,4668.970215,4397230000,Yahoo Finance via yfinance
2021-12-14,^GSPC,4642.990234,4660.470215,4606.520020,4634.089844,4634.089844,4485430000,Yahoo Finance via yfinance
2021-12-15,^GSPC,4636.459961,4712.600098,4611.220215,4709.850098,4709.850098,4910130000,Yahoo Finance via yfinance
2021-12-16,^GSPC,4719.129883,4731.990234,4651.890137,4668.669922,4668.669922,4829500000,Yahoo Finance via yfinance
2021-12-17,^GSPC,4652.500000,4666.700195,4600.220215,4620.640137,4620.640137,7987090000,Yahoo Finance via yfinance
2021-12-20,^GSPC,4587.899902,4587.899902,4531.100098,4568.020020,4568.020020,4635700000,Yahoo Finance via yfinance
2021-12-21,^GSPC,4594.959961,4651.140137,4583.160156,4649.229980,4649.229980,4072430000,Yahoo Finance via yfinance
2021-12-22,^GSPC,4650.359863,4697.669922,4645.529785,4696.560059,4696.560059,3319610000,Yahoo Finance via yfinance
2021-12-23,^GSPC,4703.959961,4740.740234,4703.959961,4725.790039,4725.790039,2913040000,Yahoo Finance via yfinance
2021-12-27,^GSPC,4733.990234,4791.490234,4733.990234,4791.189941,4791.189941,2770290000,Yahoo Finance via yfinance
2021-12-28,^GSPC,4795.490234,4807.020020,4780.040039,4786.350098,4786.350098,2707920000,Yahoo Finance via yfinance
2021-12-29,^GSPC,4788.640137,4804.060059,4778.080078,4793.060059,4793.060059,2963310000,Yahoo Finance via yfinance
2021-12-30,^GSPC,4794.229980,4808.930176,4775.330078,4778.729980,4778.729980,3124950000,Yahoo Finance via yfinance
2021-12-31,^GSPC,4775.209961,4786.830078,4765.750000,4766.180176,4766.180176,2677820000,Yahoo Finance via yfinance
2022-01-03,^GSPC,4778.140137,4796.640137,4758.169922,4796.560059,4796.560059,3831020000,Yahoo Finance via yfinance
2022-01-04,^GSPC,4804.509766,4818.620117,4774.270020,4793.540039,4793.540039,4683170000,Yahoo Finance via yfinance
2022-01-05,^GSPC,4787.990234,4797.700195,4699.439941,4700.580078,4700.580078,4887960000,Yahoo Finance via yfinance
2022-01-06,^GSPC,4693.390137,4725.009766,4671.259766,4696.049805,4696.049805,4295280000,Yahoo Finance via yfinance
2022-01-07,^GSPC,4697.660156,4707.950195,4662.740234,4677.029785,4677.029785,4181510000,Yahoo Finance via yfinance
2022-01-10,^GSPC,4655.339844,4673.020020,4582.240234,4670.290039,4670.290039,4511810000,Yahoo Finance via yfinance
2022-01-11,^GSPC,4669.140137,4714.129883,4638.270020,4713.069824,4713.069824,4101590000,Yahoo Finance via yfinance
2022-01-12,^GSPC,4728.589844,4748.830078,4706.709961,4726.350098,4726.350098,4048220000,Yahoo Finance via yfinance
2022-01-13,^GSPC,4733.560059,4744.129883,4650.290039,4659.029785,4659.029785,4251730000,Yahoo Finance via yfinance
2022-01-14,^GSPC,4637.990234,4665.129883,4614.750000,4662.850098,4662.850098,4338490000,Yahoo Finance via yfinance
2022-01-18,^GSPC,4632.240234,4632.240234,4568.700195,4577.109863,4577.109863,4748700000,Yahoo Finance via yfinance
2022-01-19,^GSPC,4588.029785,4611.549805,4530.200195,4532.759766,4532.759766,4465740000,Yahoo Finance via yfinance
2022-01-20,^GSPC,4547.350098,4602.109863,4477.950195,4482.729980,4482.729980,4640870000,Yahoo Finance via yfinance
2022-01-21,^GSPC,4471.379883,4494.520020,4395.339844,4397.939941,4397.939941,5589100000,Yahoo Finance via yfinance
2022-01-24,^GSPC,4356.319824,4417.350098,4222.620117,4410.129883,4410.129883,6928110000,Yahoo Finance via yfinance
2022-01-25,^GSPC,4366.640137,4411.009766,4287.109863,4356.450195,4356.450195,5145050000,Yahoo Finance via yfinance
2022-01-26,^GSPC,4408.430176,4453.229980,4304.799805,4349.930176,4349.930176,5570640000,Yahoo Finance via yfinance
2022-01-27,^GSPC,4380.580078,4428.740234,4309.500000,4326.509766,4326.509766,5214200000,Yahoo Finance via yfinance
2022-01-28,^GSPC,4336.189941,4432.720215,4292.459961,4431.850098,4431.850098,5031090000,Yahoo Finance via yfinance
2022-01-31,^GSPC,4431.790039,4516.890137,4414.020020,4515.549805,4515.549805,5098610000,Yahoo Finance via yfinance
2022-02-01,^GSPC,4519.569824,4550.490234,4483.529785,4546.540039,4546.540039,4816830000,Yahoo Finance via yfinance
2022-02-02,^GSPC,4566.390137,4595.310059,4544.319824,4589.379883,4589.379883,4481580000,Yahoo Finance via yfinance
2022-02-03,^GSPC,4535.410156,4542.879883,4470.390137,4477.439941,4477.439941,4401970000,Yahoo Finance via yfinance
2022-02-04,^GSPC,4482.790039,4539.660156,4451.500000,4500.529785,4500.529785,4706290000,Yahoo Finance via yfinance
2022-02-07,^GSPC,4505.750000,4521.859863,4471.470215,4483.870117,4483.870117,4228480000,Yahoo Finance via yfinance
2022-02-08,^GSPC,4480.020020,4531.319824,4465.399902,4521.540039,4521.540039,4459620000,Yahoo Finance via yfinance
2022-02-09,^GSPC,4547.000000,4590.029785,4547.000000,4587.180176,4587.180176,4524350000,Yahoo Finance via yfinance
2022-02-10,^GSPC,4553.240234,4588.919922,4484.310059,4504.080078,4504.080078,5314860000,Yahoo Finance via yfinance
2022-02-11,^GSPC,4506.270020,4526.330078,4401.410156,4418.640137,4418.640137,5251500000,Yahoo Finance via yfinance
2022-02-14,^GSPC,4412.609863,4426.220215,4364.839844,4401.669922,4401.669922,4600390000,Yahoo Finance via yfinance
2022-02-15,^GSPC,4429.279785,4472.770020,4429.279785,4471.069824,4471.069824,4430830000,Yahoo Finance via yfinance
2022-02-16,^GSPC,4455.750000,4489.549805,4429.680176,4475.009766,4475.009766,4283640000,Yahoo Finance via yfinance
2022-02-17,^GSPC,4456.060059,4456.060059,4373.810059,4380.259766,4380.259766,4539420000,Yahoo Finance via yfinance
2022-02-18,^GSPC,4384.569824,4394.600098,4327.220215,4348.870117,4348.870117,4708060000,Yahoo Finance via yfinance
2022-02-22,^GSPC,4332.740234,4362.120117,4267.109863,4304.759766,4304.759766,5121900000,Yahoo Finance via yfinance
2022-02-23,^GSPC,4324.930176,4341.509766,4221.509766,4225.500000,4225.500000,4797430000,Yahoo Finance via yfinance
2022-02-24,^GSPC,4155.770020,4294.729980,4114.649902,4288.700195,4288.700195,6752130000,Yahoo Finance via yfinance
2022-02-25,^GSPC,4298.379883,4385.339844,4286.830078,4384.649902,4384.649902,5177060000,Yahoo Finance via yfinance
2022-02-28,^GSPC,4354.169922,4388.839844,4315.120117,4373.939941,4373.939941,6071370000,Yahoo Finance via yfinance
2022-03-01,^GSPC,4363.140137,4378.450195,4279.540039,4306.259766,4306.259766,5846230000,Yahoo Finance via yfinance
2022-03-02,^GSPC,4322.560059,4401.479980,4322.560059,4386.540039,4386.540039,5337870000,Yahoo Finance via yfinance
2022-03-03,^GSPC,4401.310059,4416.779785,4345.560059,4363.490234,4363.490234,5039890000,Yahoo Finance via yfinance
2022-03-04,^GSPC,4342.120117,4342.120117,4284.979980,4328.870117,4328.870117,5797380000,Yahoo Finance via yfinance
2022-03-07,^GSPC,4327.009766,4327.009766,4199.850098,4201.089844,4201.089844,6940470000,Yahoo Finance via yfinance
2022-03-08,^GSPC,4202.660156,4276.939941,4157.870117,4170.700195,4170.700195,7243120000,Yahoo Finance via yfinance
2022-03-09,^GSPC,4223.100098,4299.399902,4223.100098,4277.879883,4277.879883,5662670000,Yahoo Finance via yfinance
2022-03-10,^GSPC,4252.549805,4268.279785,4209.799805,4259.520020,4259.520020,4980830000,Yahoo Finance via yfinance
2022-03-11,^GSPC,4279.500000,4291.009766,4200.490234,4204.310059,4204.310059,4938640000,Yahoo Finance via yfinance
2022-03-14,^GSPC,4202.750000,4247.569824,4161.720215,4173.109863,4173.109863,5574920000,Yahoo Finance via yfinance
2022-03-15,^GSPC,4188.819824,4271.049805,4187.899902,4262.450195,4262.450195,5392470000,Yahoo Finance via yfinance
2022-03-16,^GSPC,4288.140137,4358.899902,4251.990234,4357.859863,4357.859863,6309750000,Yahoo Finance via yfinance
2022-03-17,^GSPC,4345.109863,4412.669922,4335.649902,4411.669922,4411.669922,4985090000,Yahoo Finance via yfinance
2022-03-18,^GSPC,4407.339844,4465.399902,4390.569824,4463.120117,4463.120117,8278430000,Yahoo Finance via yfinance
2022-03-21,^GSPC,4462.399902,4481.750000,4424.299805,4461.180176,4461.180176,4869820000,Yahoo Finance via yfinance
2022-03-22,^GSPC,4469.100098,4522.000000,4469.100098,4511.609863,4511.609863,4754840000,Yahoo Finance via yfinance
2022-03-23,^GSPC,4493.100098,4501.069824,4455.810059,4456.240234,4456.240234,4550670000,Yahoo Finance via yfinance
2022-03-24,^GSPC,4469.979980,4520.580078,4465.169922,4520.160156,4520.160156,4131390000,Yahoo Finance via yfinance
2022-03-25,^GSPC,4522.910156,4546.029785,4501.069824,4543.060059,4543.060059,4305020000,Yahoo Finance via yfinance
2022-03-28,^GSPC,4541.089844,4575.649902,4517.689941,4575.520020,4575.520020,4312260000,Yahoo Finance via yfinance
2022-03-29,^GSPC,4602.859863,4637.299805,4589.660156,4631.600098,4631.600098,5085910000,Yahoo Finance via yfinance
2022-03-30,^GSPC,4624.200195,4627.770020,4581.319824,4602.450195,4602.450195,4385570000,Yahoo Finance via yfinance
2022-03-31,^GSPC,4599.020020,4603.069824,4530.410156,4530.410156,4530.410156,4823020000,Yahoo Finance via yfinance
2022-04-01,^GSPC,4540.319824,4548.700195,4507.569824,4545.859863,4545.859863,4562940000,Yahoo Finance via yfinance
2022-04-04,^GSPC,4547.970215,4583.500000,4539.209961,4582.640137,4582.640137,4547350000,Yahoo Finance via yfinance
2022-04-05,^GSPC,4572.450195,4593.450195,4514.169922,4525.120117,4525.120117,4800620000,Yahoo Finance via yfinance
2022-04-06,^GSPC,4494.169922,4503.939941,4450.040039,4481.149902,4481.149902,4986830000,Yahoo Finance via yfinance
2022-04-07,^GSPC,4474.649902,4521.160156,4450.299805,4500.209961,4500.209961,4821490000,Yahoo Finance via yfinance
2022-04-08,^GSPC,4494.149902,4520.410156,4474.600098,4488.279785,4488.279785,4083200000,Yahoo Finance via yfinance
2022-04-11,^GSPC,4462.640137,4464.350098,4408.379883,4412.529785,4412.529785,4266290000,Yahoo Finance via yfinance
2022-04-12,^GSPC,4437.589844,4471.000000,4381.339844,4397.450195,4397.450195,4152090000,Yahoo Finance via yfinance
2022-04-13,^GSPC,4394.299805,4453.919922,4392.700195,4446.589844,4446.589844,3828150000,Yahoo Finance via yfinance
2022-04-14,^GSPC,4449.120117,4460.459961,4390.770020,4392.589844,4392.589844,4083090000,Yahoo Finance via yfinance
2022-04-18,^GSPC,4385.629883,4410.310059,4370.299805,4391.689941,4391.689941,3910490000,Yahoo Finance via yfinance
2022-04-19,^GSPC,4390.629883,4471.029785,4390.629883,4462.209961,4462.209961,4108120000,Yahoo Finance via yfinance
2022-04-20,^GSPC,4472.259766,4488.290039,4448.759766,4459.450195,4459.450195,4290450000,Yahoo Finance via yfinance
2022-04-21,^GSPC,4489.169922,4512.939941,4384.470215,4393.660156,4393.660156,4636890000,Yahoo Finance via yfinance
2022-04-22,^GSPC,4385.830078,4385.830078,4267.620117,4271.779785,4271.779785,4651940000,Yahoo Finance via yfinance
2022-04-25,^GSPC,4255.339844,4299.020020,4200.819824,4296.120117,4296.120117,5240040000,Yahoo Finance via yfinance
2022-04-26,^GSPC,4278.140137,4278.140137,4175.040039,4175.200195,4175.200195,4689970000,Yahoo Finance via yfinance
2022-04-27,^GSPC,4186.520020,4240.709961,4162.899902,4183.959961,4183.959961,4769680000,Yahoo Finance via yfinance
2022-04-28,^GSPC,4222.580078,4308.450195,4188.629883,4287.500000,4287.500000,4854180000,Yahoo Finance via yfinance
2022-04-29,^GSPC,4253.750000,4269.680176,4124.279785,4131.930176,4131.930176,5084030000,Yahoo Finance via yfinance
2022-05-02,^GSPC,4130.609863,4169.810059,4062.510010,4155.379883,4155.379883,5163790000,Yahoo Finance via yfinance
2022-05-03,^GSPC,4159.779785,4200.100098,4147.080078,4175.479980,4175.479980,4582050000,Yahoo Finance via yfinance
2022-05-04,^GSPC,4181.180176,4307.660156,4148.910156,4300.169922,4300.169922,5136360000,Yahoo Finance via yfinance
2022-05-05,^GSPC,4270.430176,4270.430176,4106.009766,4146.870117,4146.870117,5077030000,Yahoo Finance via yfinance
2022-05-06,^GSPC,4128.169922,4157.689941,4067.909912,4123.339844,4123.339844,5116940000,Yahoo Finance via yfinance
2022-05-09,^GSPC,4081.270020,4081.270020,3975.479980,3991.239990,3991.239990,5954520000,Yahoo Finance via yfinance
2022-05-10,^GSPC,4035.179932,4068.820068,3958.169922,4001.050049,4001.050049,5885820000,Yahoo Finance via yfinance
2022-05-11,^GSPC,3990.080078,4049.090088,3928.820068,3935.179932,3935.179932,5816140000,Yahoo Finance via yfinance
2022-05-12,^GSPC,3903.949951,3964.800049,3858.870117,3930.080078,3930.080078,6286450000,Yahoo Finance via yfinance
2022-05-13,^GSPC,3963.899902,4038.879883,3963.899902,4023.889893,4023.889893,5183340000,Yahoo Finance via yfinance
2022-05-16,^GSPC,4013.020020,4046.459961,3983.989990,4008.010010,4008.010010,4415030000,Yahoo Finance via yfinance
2022-05-17,^GSPC,4052.000000,4090.719971,4033.929932,4088.850098,4088.850098,4841410000,Yahoo Finance via yfinance
2022-05-18,^GSPC,4051.979980,4051.979980,3911.909912,3923.679932,3923.679932,5103220000,Yahoo Finance via yfinance
2022-05-19,^GSPC,3899.000000,3945.959961,3876.580078,3900.790039,3900.790039,5113550000,Yahoo Finance via yfinance
2022-05-20,^GSPC,3927.760010,3943.419922,3810.320068,3901.360107,3901.360107,5130730000,Yahoo Finance via yfinance
2022-05-23,^GSPC,3919.419922,3981.879883,3909.040039,3973.750000,3973.750000,4420030000,Yahoo Finance via yfinance
2022-05-24,^GSPC,3942.939941,3955.679932,3875.129883,3941.479980,3941.479980,4923190000,Yahoo Finance via yfinance
2022-05-25,^GSPC,3929.590088,3999.330078,3925.030029,3978.729980,3978.729980,4802560000,Yahoo Finance via yfinance
2022-05-26,^GSPC,3984.600098,4075.139893,3984.600098,4057.840088,4057.840088,4709970000,Yahoo Finance via yfinance
2022-05-27,^GSPC,4077.429932,4158.490234,4077.429932,4158.240234,4158.240234,4375620000,Yahoo Finance via yfinance
2022-05-31,^GSPC,4151.089844,4168.339844,4104.879883,4132.149902,4132.149902,6822640000,Yahoo Finance via yfinance
2022-06-01,^GSPC,4149.779785,4166.540039,4073.850098,4101.229980,4101.229980,4531800000,Yahoo Finance via yfinance
2022-06-02,^GSPC,4095.409912,4177.509766,4074.370117,4176.819824,4176.819824,4405790000,Yahoo Finance via yfinance
2022-06-03,^GSPC,4137.569824,4142.669922,4098.669922,4108.540039,4108.540039,3711110000,Yahoo Finance via yfinance
2022-06-06,^GSPC,4134.720215,4168.779785,4109.180176,4121.430176,4121.430176,4332700000,Yahoo Finance via yfinance
2022-06-07,^GSPC,4096.470215,4164.859863,4080.189941,4160.680176,4160.680176,4248210000,Yahoo Finance via yfinance
2022-06-08,^GSPC,4147.120117,4160.140137,4107.200195,4115.770020,4115.770020,4159470000,Yahoo Finance via yfinance
2022-06-09,^GSPC,4101.649902,4119.100098,4017.169922,4017.820068,4017.820068,4134170000,Yahoo Finance via yfinance
2022-06-10,^GSPC,3974.389893,3974.389893,3900.159912,3900.860107,3900.860107,4889640000,Yahoo Finance via yfinance
2022-06-13,^GSPC,3838.149902,3838.149902,3734.300049,3749.629883,3749.629883,5636890000,Yahoo Finance via yfinance
2022-06-14,^GSPC,3763.520020,3778.179932,3705.679932,3735.479980,3735.479980,5153890000,Yahoo Finance via yfinance
2022-06-15,^GSPC,3764.050049,3837.560059,3722.300049,3789.989990,3789.989990,5530480000,Yahoo Finance via yfinance
2022-06-16,^GSPC,3728.179932,3728.179932,3639.770020,3666.770020,3666.770020,5644930000,Yahoo Finance via yfinance
2022-06-17,^GSPC,3665.899902,3707.709961,3636.870117,3674.840088,3674.840088,8520740000,Yahoo Finance via yfinance
2022-06-21,^GSPC,3715.310059,3779.649902,3715.310059,3764.790039,3764.790039,5292260000,Yahoo Finance via yfinance
2022-06-22,^GSPC,3733.889893,3801.790039,3717.689941,3759.889893,3759.889893,5058990000,Yahoo Finance via yfinance
2022-06-23,^GSPC,3774.709961,3802.580078,3743.520020,3795.729980,3795.729980,5098640000,Yahoo Finance via yfinance
2022-06-24,^GSPC,3821.750000,3913.649902,3821.750000,3911.739990,3911.739990,8120260000,Yahoo Finance via yfinance
2022-06-27,^GSPC,3920.760010,3927.719971,3889.659912,3900.110107,3900.110107,4325310000,Yahoo Finance via yfinance
2022-06-28,^GSPC,3913.000000,3945.860107,3820.139893,3821.550049,3821.550049,4270120000,Yahoo Finance via yfinance
2022-06-29,^GSPC,3825.090088,3836.500000,3799.020020,3818.830078,3818.830078,4211240000,Yahoo Finance via yfinance
2022-06-30,^GSPC,3785.989990,3818.989990,3738.669922,3785.379883,3785.379883,4840070000,Yahoo Finance via yfinance
2022-07-01,^GSPC,3781.000000,3829.820068,3752.100098,3825.330078,3825.330078,4046950000,Yahoo Finance via yfinance
2022-07-05,^GSPC,3792.610107,3832.189941,3742.060059,3831.389893,3831.389893,5076590000,Yahoo Finance via yfinance
2022-07-06,^GSPC,3831.979980,3870.909912,3809.370117,3845.080078,3845.080078,4417720000,Yahoo Finance via yfinance
2022-07-07,^GSPC,3858.850098,3910.629883,3858.850098,3902.620117,3902.620117,4057770000,Yahoo Finance via yfinance
2022-07-08,^GSPC,3888.260010,3918.500000,3869.340088,3899.379883,3899.379883,3521620000,Yahoo Finance via yfinance
2022-07-11,^GSPC,3880.939941,3880.939941,3847.219971,3854.429932,3854.429932,3423480000,Yahoo Finance via yfinance
2022-07-12,^GSPC,3851.949951,3873.409912,3802.360107,3818.800049,3818.800049,3817210000,Yahoo Finance via yfinance
2022-07-13,^GSPC,3779.669922,3829.439941,3759.070068,3801.780029,3801.780029,4109390000,Yahoo Finance via yfinance
2022-07-14,^GSPC,3763.989990,3796.409912,3721.560059,3790.379883,3790.379883,4199690000,Yahoo Finance via yfinance
2022-07-15,^GSPC,3818.000000,3863.620117,3817.179932,3863.159912,3863.159912,4143800000,Yahoo Finance via yfinance
2022-07-18,^GSPC,3883.790039,3902.439941,3818.629883,3830.850098,3830.850098,4046870000,Yahoo Finance via yfinance
2022-07-19,^GSPC,3860.729980,3939.810059,3860.729980,3936.689941,3936.689941,4041070000,Yahoo Finance via yfinance
2022-07-20,^GSPC,3935.320068,3974.129883,3922.030029,3959.899902,3959.899902,4185300000,Yahoo Finance via yfinance
2022-07-21,^GSPC,3955.469971,3999.290039,3927.639893,3998.949951,3998.949951,4132790000,Yahoo Finance via yfinance
2022-07-22,^GSPC,3998.429932,4012.439941,3938.860107,3961.629883,3961.629883,3979240000,Yahoo Finance via yfinance
2022-07-25,^GSPC,3965.719971,3975.300049,3943.459961,3966.840088,3966.840088,3568340000,Yahoo Finance via yfinance
2022-07-26,^GSPC,3953.219971,3953.219971,3910.739990,3921.050049,3921.050049,3778950000,Yahoo Finance via yfinance
2022-07-27,^GSPC,3951.429932,4039.560059,3951.429932,4023.610107,4023.610107,4112180000,Yahoo Finance via yfinance
2022-07-28,^GSPC,4026.129883,4078.949951,3992.969971,4072.429932,4072.429932,4413000000,Yahoo Finance via yfinance
2022-07-29,^GSPC,4087.330078,4140.149902,4079.219971,4130.290039,4130.290039,4616360000,Yahoo Finance via yfinance
2022-08-01,^GSPC,4112.379883,4144.950195,4096.020020,4118.629883,4118.629883,4202810000,Yahoo Finance via yfinance
2022-08-02,^GSPC,4104.209961,4140.470215,4079.810059,4091.189941,4091.189941,4727710000,Yahoo Finance via yfinance
2022-08-03,^GSPC,4107.959961,4167.660156,4107.959961,4155.169922,4155.169922,4351760000,Yahoo Finance via yfinance
2022-08-04,^GSPC,4154.850098,4161.290039,4135.419922,4151.939941,4151.939941,4283320000,Yahoo Finance via yfinance
2022-08-05,^GSPC,4115.870117,4151.580078,4107.310059,4145.189941,4145.189941,4085940000,Yahoo Finance via yfinance
2022-08-08,^GSPC,4155.930176,4186.620117,4128.970215,4140.060059,4140.060059,4221090000,Yahoo Finance via yfinance
2022-08-09,^GSPC,4133.109863,4137.299805,4112.089844,4122.470215,4122.470215,3913090000,Yahoo Finance via yfinance
2022-08-10,^GSPC,4181.020020,4211.029785,4177.259766,4210.240234,4210.240234,4546010000,Yahoo Finance via yfinance
2022-08-11,^GSPC,4227.399902,4257.910156,4201.410156,4207.270020,4207.270020,4630200000,Yahoo Finance via yfinance
2022-08-12,^GSPC,4225.020020,4280.470215,4219.779785,4280.149902,4280.149902,3788010000,Yahoo Finance via yfinance
2022-08-15,^GSPC,4269.370117,4301.790039,4256.899902,4297.140137,4297.140137,3696830000,Yahoo Finance via yfinance
2022-08-16,^GSPC,4290.459961,4325.279785,4277.770020,4305.200195,4305.200195,4329820000,Yahoo Finance via yfinance
2022-08-17,^GSPC,4280.399902,4302.180176,4253.080078,4274.040039,4274.040039,3885030000,Yahoo Finance via yfinance
2022-08-18,^GSPC,4273.129883,4292.529785,4261.979980,4283.740234,4283.740234,3340330000,Yahoo Finance via yfinance
2022-08-19,^GSPC,4266.310059,4266.310059,4218.700195,4228.479980,4228.479980,3761340000,Yahoo Finance via yfinance
2022-08-22,^GSPC,4195.080078,4195.080078,4129.859863,4137.990234,4137.990234,3907430000,Yahoo Finance via yfinance
2022-08-23,^GSPC,4133.089844,4159.770020,4124.029785,4128.729980,4128.729980,3823520000,Yahoo Finance via yfinance
2022-08-24,^GSPC,4126.549805,4156.560059,4119.970215,4140.770020,4140.770020,3583630000,Yahoo Finance via yfinance
2022-08-25,^GSPC,4153.259766,4200.540039,4147.589844,4199.120117,4199.120117,3566870000,Yahoo Finance via yfinance
2022-08-26,^GSPC,4198.740234,4203.040039,4057.659912,4057.659912,4057.659912,3832750000,Yahoo Finance via yfinance
2022-08-29,^GSPC,4034.580078,4062.989990,4017.419922,4030.610107,4030.610107,3396510000,Yahoo Finance via yfinance
2022-08-30,^GSPC,4041.250000,4044.979980,3965.209961,3986.159912,3986.159912,3835860000,Yahoo Finance via yfinance
2022-08-31,^GSPC,4000.669922,4015.370117,3954.530029,3955.000000,3955.000000,4542490000,Yahoo Finance via yfinance
2022-09-01,^GSPC,3936.729980,3970.229980,3903.649902,3966.850098,3966.850098,4152250000,Yahoo Finance via yfinance
2022-09-02,^GSPC,3994.659912,4018.429932,3906.209961,3924.260010,3924.260010,3665850000,Yahoo Finance via yfinance
2022-09-06,^GSPC,3930.889893,3942.550049,3886.750000,3908.189941,3908.189941,4127340000,Yahoo Finance via yfinance
2022-09-07,^GSPC,3909.429932,3987.889893,3906.030029,3979.870117,3979.870117,3890320000,Yahoo Finance via yfinance
2022-09-08,^GSPC,3959.939941,4010.500000,3944.810059,4006.179932,4006.179932,3966850000,Yahoo Finance via yfinance
2022-09-09,^GSPC,4022.939941,4076.810059,4022.939941,4067.360107,4067.360107,3901940000,Yahoo Finance via yfinance
2022-09-12,^GSPC,4083.669922,4119.279785,4083.669922,4110.410156,4110.410156,3814200000,Yahoo Finance via yfinance
2022-09-13,^GSPC,4037.120117,4037.120117,3921.280029,3932.689941,3932.689941,4224550000,Yahoo Finance via yfinance
2022-09-14,^GSPC,3940.729980,3961.939941,3912.179932,3946.010010,3946.010010,4293240000,Yahoo Finance via yfinance
2022-09-15,^GSPC,3932.409912,3959.139893,3888.280029,3901.350098,3901.350098,4441830000,Yahoo Finance via yfinance
2022-09-16,^GSPC,3880.949951,3880.949951,3837.080078,3873.330078,3873.330078,7954650000,Yahoo Finance via yfinance
2022-09-19,^GSPC,3849.909912,3900.449951,3838.500000,3899.889893,3899.889893,3766850000,Yahoo Finance via yfinance
2022-09-20,^GSPC,3875.229980,3876.010010,3827.540039,3855.929932,3855.929932,4058050000,Yahoo Finance via yfinance
2022-09-21,^GSPC,3871.399902,3907.070068,3789.489990,3789.929932,3789.929932,4078330000,Yahoo Finance via yfinance
2022-09-22,^GSPC,3782.360107,3790.899902,3749.449951,3757.989990,3757.989990,4284600000,Yahoo Finance via yfinance
2022-09-23,^GSPC,3727.139893,3727.139893,3647.469971,3693.229980,3693.229980,5144270000,Yahoo Finance via yfinance
2022-09-26,^GSPC,3682.719971,3715.669922,3644.760010,3655.040039,3655.040039,4886140000,Yahoo Finance via yfinance
2022-09-27,^GSPC,3686.439941,3717.530029,3623.290039,3647.290039,3647.290039,4577740000,Yahoo Finance via yfinance
2022-09-28,^GSPC,3651.939941,3736.739990,3640.610107,3719.040039,3719.040039,4684850000,Yahoo Finance via yfinance
2022-09-29,^GSPC,3687.010010,3687.010010,3610.399902,3640.469971,3640.469971,4681810000,Yahoo Finance via yfinance
2022-09-30,^GSPC,3633.479980,3671.439941,3584.129883,3585.620117,3585.620117,5645360000,Yahoo Finance via yfinance
2022-10-03,^GSPC,3609.780029,3698.350098,3604.929932,3678.429932,3678.429932,4806680000,Yahoo Finance via yfinance
2022-10-04,^GSPC,3726.459961,3791.919922,3726.459961,3790.929932,3790.929932,5146580000,Yahoo Finance via yfinance
2022-10-05,^GSPC,3753.250000,3806.909912,3722.659912,3783.280029,3783.280029,4293180000,Yahoo Finance via yfinance
2022-10-06,^GSPC,3771.969971,3797.929932,3739.219971,3744.520020,3744.520020,4252100000,Yahoo Finance via yfinance
2022-10-07,^GSPC,3706.739990,3706.739990,3620.729980,3639.659912,3639.659912,4449660000,Yahoo Finance via yfinance
2022-10-10,^GSPC,3647.510010,3652.169922,3588.100098,3612.389893,3612.389893,3834320000,Yahoo Finance via yfinance
2022-10-11,^GSPC,3595.860107,3640.659912,3568.449951,3588.840088,3588.840088,4759030000,Yahoo Finance via yfinance
2022-10-12,^GSPC,3590.830078,3608.340088,3573.860107,3577.030029,3577.030029,4006830000,Yahoo Finance via yfinance
2022-10-13,^GSPC,3520.370117,3685.409912,3491.580078,3669.909912,3669.909912,5021680000,Yahoo Finance via yfinance
2022-10-14,^GSPC,3690.409912,3712.000000,3579.679932,3583.070068,3583.070068,4243030000,Yahoo Finance via yfinance
2022-10-17,^GSPC,3638.649902,3689.729980,3638.649902,3677.949951,3677.949951,4352780000,Yahoo Finance via yfinance
2022-10-18,^GSPC,3746.260010,3762.790039,3686.530029,3719.979980,3719.979980,4483740000,Yahoo Finance via yfinance
2022-10-19,^GSPC,3703.110107,3728.580078,3666.510010,3695.159912,3695.159912,4223800000,Yahoo Finance via yfinance
2022-10-20,^GSPC,3689.050049,3736.000000,3656.439941,3665.780029,3665.780029,4496620000,Yahoo Finance via yfinance
2022-10-21,^GSPC,3657.100098,3757.889893,3647.419922,3752.750000,3752.750000,5078020000,Yahoo Finance via yfinance
2022-10-24,^GSPC,3762.010010,3810.739990,3741.649902,3797.340088,3797.340088,4747930000,Yahoo Finance via yfinance
2022-10-25,^GSPC,3799.439941,3862.850098,3799.439941,3859.110107,3859.110107,4843120000,Yahoo Finance via yfinance
2022-10-26,^GSPC,3825.969971,3886.149902,3824.070068,3830.600098,3830.600098,4817310000,Yahoo Finance via yfinance
2022-10-27,^GSPC,3834.689941,3859.949951,3803.790039,3807.300049,3807.300049,4687320000,Yahoo Finance via yfinance
2022-10-28,^GSPC,3808.260010,3905.419922,3808.260010,3901.060059,3901.060059,4459410000,Yahoo Finance via yfinance
2022-10-31,^GSPC,3881.850098,3893.729980,3863.179932,3871.979980,3871.979980,4820620000,Yahoo Finance via yfinance
2022-11-01,^GSPC,3901.790039,3911.790039,3843.800049,3856.100098,3856.100098,4481210000,Yahoo Finance via yfinance
2022-11-02,^GSPC,3852.899902,3894.439941,3758.679932,3759.689941,3759.689941,4899000000,Yahoo Finance via yfinance
2022-11-03,^GSPC,3733.250000,3750.590088,3698.149902,3719.889893,3719.889893,4625290000,Yahoo Finance via yfinance
2022-11-04,^GSPC,3766.979980,3796.340088,3708.840088,3770.550049,3770.550049,5400180000,Yahoo Finance via yfinance
2022-11-07,^GSPC,3780.709961,3813.949951,3764.699951,3806.800049,3806.800049,4341620000,Yahoo Finance via yfinance
2022-11-08,^GSPC,3817.020020,3859.399902,3786.280029,3828.110107,3828.110107,4607640000,Yahoo Finance via yfinance
2022-11-09,^GSPC,3810.939941,3818.199951,3744.219971,3748.570068,3748.570068,4645010000,Yahoo Finance via yfinance
2022-11-10,^GSPC,3859.889893,3958.330078,3859.889893,3956.370117,3956.370117,5781260000,Yahoo Finance via yfinance
2022-11-11,^GSPC,3963.719971,4001.479980,3944.820068,3992.929932,3992.929932,5593310000,Yahoo Finance via yfinance
2022-11-14,^GSPC,3977.969971,4008.969971,3956.399902,3957.250000,3957.250000,4561930000,Yahoo Finance via yfinance
2022-11-15,^GSPC,4006.409912,4028.840088,3953.169922,3991.729980,3991.729980,5015310000,Yahoo Finance via yfinance
2022-11-16,^GSPC,3976.820068,3983.090088,3954.340088,3958.790039,3958.790039,4165320000,Yahoo Finance via yfinance
2022-11-17,^GSPC,3919.260010,3954.330078,3906.540039,3946.560059,3946.560059,4051780000,Yahoo Finance via yfinance
2022-11-18,^GSPC,3966.389893,3979.889893,3935.979980,3965.340088,3965.340088,4037360000,Yahoo Finance via yfinance
2022-11-21,^GSPC,3956.229980,3962.000000,3933.340088,3949.939941,3949.939941,3850690000,Yahoo Finance via yfinance
2022-11-22,^GSPC,3965.510010,4005.879883,3956.879883,4003.580078,4003.580078,3887990000,Yahoo Finance via yfinance
2022-11-23,^GSPC,4000.300049,4033.780029,3998.659912,4027.260010,4027.260010,3279720000,Yahoo Finance via yfinance
2022-11-25,^GSPC,4023.340088,4034.020020,4020.760010,4026.120117,4026.120117,1706460000,Yahoo Finance via yfinance
2022-11-28,^GSPC,4005.360107,4012.270020,3955.770020,3963.939941,3963.939941,3615430000,Yahoo Finance via yfinance
2022-11-29,^GSPC,3964.189941,3976.770020,3937.649902,3957.629883,3957.629883,3546040000,Yahoo Finance via yfinance
2022-11-30,^GSPC,3957.179932,4080.110107,3938.580078,4080.110107,4080.110107,6579360000,Yahoo Finance via yfinance
2022-12-01,^GSPC,4087.139893,4100.509766,4050.870117,4076.570068,4076.570068,4527130000,Yahoo Finance via yfinance
2022-12-02,^GSPC,4040.169922,4080.479980,4026.629883,4071.699951,4071.699951,4012620000,Yahoo Finance via yfinance
2022-12-05,^GSPC,4052.020020,4052.449951,3984.489990,3998.840088,3998.840088,4280820000,Yahoo Finance via yfinance
2022-12-06,^GSPC,3996.629883,4001.510010,3918.389893,3941.260010,3941.260010,4368380000,Yahoo Finance via yfinance
2022-12-07,^GSPC,3933.280029,3957.570068,3922.679932,3933.919922,3933.919922,4118050000,Yahoo Finance via yfinance
2022-12-08,^GSPC,3947.790039,3974.189941,3935.830078,3963.510010,3963.510010,4006900000,Yahoo Finance via yfinance
2022-12-09,^GSPC,3954.169922,3977.020020,3933.040039,3934.379883,3934.379883,3888260000,Yahoo Finance via yfinance
2022-12-12,^GSPC,3939.290039,3990.709961,3935.300049,3990.560059,3990.560059,3904130000,Yahoo Finance via yfinance
2022-12-13,^GSPC,4069.379883,4100.959961,3993.030029,4019.649902,4019.649902,5079360000,Yahoo Finance via yfinance
2022-12-14,^GSPC,4015.540039,4053.760010,3965.649902,3995.320068,3995.320068,4472340000,Yahoo Finance via yfinance
2022-12-15,^GSPC,3958.370117,3958.370117,3879.449951,3895.750000,3895.750000,4493900000,Yahoo Finance via yfinance
2022-12-16,^GSPC,3890.909912,3890.909912,3827.909912,3852.360107,3852.360107,7493660000,Yahoo Finance via yfinance
2022-12-19,^GSPC,3853.790039,3854.860107,3800.040039,3817.659912,3817.659912,3969610000,Yahoo Finance via yfinance
2022-12-20,^GSPC,3810.469971,3838.239990,3795.620117,3821.620117,3821.620117,3985370000,Yahoo Finance via yfinance
2022-12-21,^GSPC,3839.489990,3889.820068,3839.489990,3878.439941,3878.439941,3775200000,Yahoo Finance via yfinance
2022-12-22,^GSPC,3853.260010,3853.260010,3764.489990,3822.389893,3822.389893,3956950000,Yahoo Finance via yfinance
2022-12-23,^GSPC,3815.110107,3845.800049,3797.010010,3844.820068,3844.820068,2819280000,Yahoo Finance via yfinance
2022-12-27,^GSPC,3843.340088,3846.649902,3813.219971,3829.250000,3829.250000,3030300000,Yahoo Finance via yfinance
2022-12-28,^GSPC,3829.560059,3848.320068,3780.780029,3783.219971,3783.219971,3083520000,Yahoo Finance via yfinance
2022-12-29,^GSPC,3805.449951,3858.189941,3805.449951,3849.280029,3849.280029,3003680000,Yahoo Finance via yfinance
2022-12-30,^GSPC,3829.060059,3839.850098,3800.340088,3839.500000,3839.500000,2979870000,Yahoo Finance via yfinance
2023-01-03,^GSPC,3853.290039,3878.459961,3794.330078,3824.139893,3824.139893,3959140000,Yahoo Finance via yfinance
2023-01-04,^GSPC,3840.360107,3873.159912,3815.770020,3852.969971,3852.969971,4414080000,Yahoo Finance via yfinance
2023-01-05,^GSPC,3839.739990,3839.739990,3802.419922,3808.100098,3808.100098,3893450000,Yahoo Finance via yfinance
2023-01-06,^GSPC,3823.370117,3906.189941,3809.560059,3895.080078,3895.080078,3923560000,Yahoo Finance via yfinance
2023-01-09,^GSPC,3910.820068,3950.570068,3890.419922,3892.090088,3892.090088,4311770000,Yahoo Finance via yfinance
2023-01-10,^GSPC,3888.570068,3919.830078,3877.290039,3919.250000,3919.250000,3851030000,Yahoo Finance via yfinance
2023-01-11,^GSPC,3932.350098,3970.070068,3928.540039,3969.610107,3969.610107,4303360000,Yahoo Finance via yfinance
2023-01-12,^GSPC,3977.570068,3997.760010,3937.560059,3983.169922,3983.169922,4440260000,Yahoo Finance via yfinance
2023-01-13,^GSPC,3960.600098,4003.949951,3947.669922,3999.090088,3999.090088,3939700000,Yahoo Finance via yfinance
2023-01-17,^GSPC,3999.280029,4015.389893,3984.570068,3990.969971,3990.969971,4235560000,Yahoo Finance via yfinance
2023-01-18,^GSPC,4002.250000,4014.159912,3926.590088,3928.860107,3928.860107,4298710000,Yahoo Finance via yfinance
2023-01-19,^GSPC,3911.840088,3922.939941,3885.540039,3898.850098,3898.850098,3991500000,Yahoo Finance via yfinance
2023-01-20,^GSPC,3909.040039,3972.959961,3897.860107,3972.610107,3972.610107,4013360000,Yahoo Finance via yfinance
2023-01-23,^GSPC,3978.139893,4039.310059,3971.639893,4019.810059,4019.810059,3945210000,Yahoo Finance via yfinance
2023-01-24,^GSPC,4001.739990,4023.919922,3989.790039,4016.949951,4016.949951,3320430000,Yahoo Finance via yfinance
2023-01-25,^GSPC,3982.709961,4019.550049,3949.060059,4016.219971,4016.219971,3724020000,Yahoo Finance via yfinance
2023-01-26,^GSPC,4036.080078,4061.570068,4013.290039,4060.429932,4060.429932,3809590000,Yahoo Finance via yfinance
2023-01-27,^GSPC,4053.719971,4094.209961,4048.699951,4070.560059,4070.560059,3907760000,Yahoo Finance via yfinance
2023-01-30,^GSPC,4049.270020,4063.850098,4015.550049,4017.770020,4017.770020,3802000000,Yahoo Finance via yfinance
2023-01-31,^GSPC,4020.850098,4077.159912,4020.439941,4076.600098,4076.600098,4679320000,Yahoo Finance via yfinance
2023-02-01,^GSPC,4070.070068,4148.950195,4037.199951,4119.209961,4119.209961,4856930000,Yahoo Finance via yfinance
2023-02-02,^GSPC,4158.680176,4195.439941,4141.879883,4179.759766,4179.759766,5624360000,Yahoo Finance via yfinance
2023-02-03,^GSPC,4136.689941,4182.359863,4123.359863,4136.479980,4136.479980,4694510000,Yahoo Finance via yfinance
2023-02-06,^GSPC,4119.569824,4124.629883,4093.379883,4111.080078,4111.080078,4114240000,Yahoo Finance via yfinance
2023-02-07,^GSPC,4105.350098,4176.540039,4088.389893,4164.000000,4164.000000,4355860000,Yahoo Finance via yfinance
2023-02-08,^GSPC,4153.470215,4156.850098,4111.669922,4117.859863,4117.859863,4029820000,Yahoo Finance via yfinance
2023-02-09,^GSPC,4144.250000,4156.229980,4069.669922,4081.500000,4081.500000,4270200000,Yahoo Finance via yfinance
2023-02-10,^GSPC,4068.919922,4094.360107,4060.790039,4090.459961,4090.459961,3891520000,Yahoo Finance via yfinance
2023-02-13,^GSPC,4096.620117,4138.899902,4092.669922,4137.290039,4137.290039,3448620000,Yahoo Finance via yfinance
2023-02-14,^GSPC,4126.700195,4159.770020,4095.010010,4136.129883,4136.129883,3929200000,Yahoo Finance via yfinance
2023-02-15,^GSPC,4119.500000,4148.109863,4103.979980,4147.600098,4147.600098,4075980000,Yahoo Finance via yfinance
2023-02-16,^GSPC,4114.750000,4136.540039,4089.489990,4090.409912,4090.409912,4143660000,Yahoo Finance via yfinance
2023-02-17,^GSPC,4077.389893,4081.510010,4047.949951,4079.090088,4079.090088,4045480000,Yahoo Finance via yfinance
2023-02-21,^GSPC,4052.350098,4052.350098,3995.189941,3997.340088,3997.340088,4121590000,Yahoo Finance via yfinance
2023-02-22,^GSPC,4001.830078,4017.370117,3976.899902,3991.050049,3991.050049,4079320000,Yahoo Finance via yfinance
2023-02-23,^GSPC,4018.600098,4028.300049,3969.189941,4012.320068,4012.320068,3952940000,Yahoo Finance via yfinance
2023-02-24,^GSPC,3973.239990,3978.250000,3943.080078,3970.040039,3970.040039,3877700000,Yahoo Finance via yfinance
2023-02-27,^GSPC,3992.360107,4018.050049,3973.550049,3982.239990,3982.239990,3836950000,Yahoo Finance via yfinance
2023-02-28,^GSPC,3977.189941,3997.500000,3968.979980,3970.149902,3970.149902,5043400000,Yahoo Finance via yfinance
2023-03-01,^GSPC,3963.340088,3971.729980,3939.050049,3951.389893,3951.389893,4249480000,Yahoo Finance via yfinance
2023-03-02,^GSPC,3938.679932,3990.840088,3928.159912,3981.350098,3981.350098,4244900000,Yahoo Finance via yfinance
2023-03-03,^GSPC,3998.020020,4048.290039,3995.169922,4045.639893,4045.639893,4084730000,Yahoo Finance via yfinance
2023-03-06,^GSPC,4055.149902,4078.489990,4044.610107,4048.419922,4048.419922,4000870000,Yahoo Finance via yfinance
2023-03-07,^GSPC,4048.260010,4050.000000,3980.310059,3986.370117,3986.370117,3922500000,Yahoo Finance via yfinance
2023-03-08,^GSPC,3987.550049,4000.409912,3969.760010,3992.010010,3992.010010,3535570000,Yahoo Finance via yfinance
2023-03-09,^GSPC,3998.659912,4017.810059,3908.699951,3918.320068,3918.320068,4445260000,Yahoo Finance via yfinance
2023-03-10,^GSPC,3912.770020,3934.050049,3846.320068,3861.590088,3861.590088,5518190000,Yahoo Finance via yfinance
2023-03-13,^GSPC,3835.120117,3905.050049,3808.860107,3855.760010,3855.760010,6558020000,Yahoo Finance via yfinance
2023-03-14,^GSPC,3894.010010,3937.290039,3873.629883,3919.290039,3919.290039,5665870000,Yahoo Finance via yfinance
2023-03-15,^GSPC,3876.739990,3894.260010,3838.239990,3891.929932,3891.929932,6594010000,Yahoo Finance via yfinance
2023-03-16,^GSPC,3878.929932,3964.459961,3864.110107,3960.280029,3960.280029,5695790000,Yahoo Finance via yfinance
2023-03-17,^GSPC,3958.689941,3958.909912,3901.270020,3916.639893,3916.639893,9354280000,Yahoo Finance via yfinance
2023-03-20,^GSPC,3917.469971,3956.620117,3916.889893,3951.570068,3951.570068,5347140000,Yahoo Finance via yfinance
2023-03-21,^GSPC,3975.889893,4009.080078,3971.189941,4002.870117,4002.870117,4920240000,Yahoo Finance via yfinance
2023-03-22,^GSPC,4002.040039,4039.489990,3936.169922,3936.969971,3936.969971,4533010000,Yahoo Finance via yfinance
2023-03-23,^GSPC,3959.209961,4007.659912,3919.050049,3948.719971,3948.719971,4991600000,Yahoo Finance via yfinance
2023-03-24,^GSPC,3939.209961,3972.739990,3909.159912,3970.989990,3970.989990,4583970000,Yahoo Finance via yfinance
2023-03-27,^GSPC,3982.929932,4003.830078,3970.489990,3977.530029,3977.530029,4233540000,Yahoo Finance via yfinance
2023-03-28,^GSPC,3974.129883,3979.199951,3951.530029,3971.270020,3971.270020,4014600000,Yahoo Finance via yfinance
2023-03-29,^GSPC,3999.530029,4030.590088,3999.530029,4027.810059,4027.810059,4145250000,Yahoo Finance via yfinance
2023-03-30,^GSPC,4046.739990,4057.850098,4032.100098,4050.830078,4050.830078,3930860000,Yahoo Finance via yfinance
2023-03-31,^GSPC,4056.179932,4110.750000,4056.179932,4109.310059,4109.310059,4525120000,Yahoo Finance via yfinance
2023-04-03,^GSPC,4102.200195,4127.660156,4098.790039,4124.509766,4124.509766,4234700000,Yahoo Finance via yfinance
2023-04-04,^GSPC,4128.029785,4133.129883,4086.870117,4100.600098,4100.600098,4227800000,Yahoo Finance via yfinance
2023-04-05,^GSPC,4094.500000,4099.689941,4072.560059,4090.379883,4090.379883,3968020000,Yahoo Finance via yfinance
2023-04-06,^GSPC,4081.149902,4107.319824,4069.840088,4105.020020,4105.020020,3486690000,Yahoo Finance via yfinance
2023-04-10,^GSPC,4085.199951,4109.500000,4072.550049,4109.109863,4109.109863,3423650000,Yahoo Finance via yfinance
2023-04-11,^GSPC,4110.290039,4124.259766,4102.609863,4108.939941,4108.939941,3665830000,Yahoo Finance via yfinance
2023-04-12,^GSPC,4121.720215,4134.370117,4086.939941,4091.949951,4091.949951,3633120000,Yahoo Finance via yfinance
2023-04-13,^GSPC,4100.040039,4150.259766,4099.399902,4146.220215,4146.220215,3596590000,Yahoo Finance via yfinance
2023-04-14,^GSPC,4140.109863,4163.189941,4113.200195,4137.640137,4137.640137,3575690000,Yahoo Finance via yfinance
2023-04-17,^GSPC,4137.169922,4151.720215,4123.180176,4151.319824,4151.319824,3611180000,Yahoo Finance via yfinance
2023-04-18,^GSPC,4164.259766,4169.479980,4140.359863,4154.870117,4154.870117,3536640000,Yahoo Finance via yfinance
2023-04-19,^GSPC,4139.330078,4162.569824,4134.490234,4154.520020,4154.520020,3572560000,Yahoo Finance via yfinance
2023-04-20,^GSPC,4130.479980,4148.569824,4114.569824,4129.790039,4129.790039,3772080000,Yahoo Finance via yfinance
2023-04-21,^GSPC,4132.140137,4138.020020,4113.859863,4133.520020,4133.520020,3611750000,Yahoo Finance via yfinance
2023-04-24,^GSPC,4132.069824,4142.410156,4117.770020,4137.040039,4137.040039,3290940000,Yahoo Finance via yfinance
2023-04-25,^GSPC,4126.430176,4126.430176,4071.379883,4071.629883,4071.629883,3978640000,Yahoo Finance via yfinance
2023-04-26,^GSPC,4087.780029,4089.669922,4049.350098,4055.989990,4055.989990,3837030000,Yahoo Finance via yfinance
2023-04-27,^GSPC,4075.290039,4138.240234,4075.290039,4135.350098,4135.350098,3750550000,Yahoo Finance via yfinance
2023-04-28,^GSPC,4129.629883,4170.060059,4127.180176,4169.479980,4169.479980,4087800000,Yahoo Finance via yfinance
2023-05-01,^GSPC,4166.790039,4186.919922,4164.120117,4167.870117,4167.870117,3321370000,Yahoo Finance via yfinance
2023-05-02,^GSPC,4164.100098,4164.100098,4089.719971,4119.580078,4119.580078,4486130000,Yahoo Finance via yfinance
2023-05-03,^GSPC,4122.250000,4148.299805,4088.860107,4090.750000,4090.750000,4246510000,Yahoo Finance via yfinance
2023-05-04,^GSPC,4082.550049,4082.610107,4048.280029,4061.219971,4061.219971,4920090000,Yahoo Finance via yfinance
2023-05-05,^GSPC,4084.729980,4147.020020,4084.729980,4136.250000,4136.250000,4186270000,Yahoo Finance via yfinance
2023-05-08,^GSPC,4136.979980,4142.299805,4123.810059,4138.120117,4138.120117,3641640000,Yahoo Finance via yfinance
2023-05-09,^GSPC,4124.250000,4130.350098,4116.649902,4119.169922,4119.169922,3810140000,Yahoo Finance via yfinance
2023-05-10,^GSPC,4143.740234,4154.279785,4098.919922,4137.640137,4137.640137,4057160000,Yahoo Finance via yfinance
2023-05-11,^GSPC,4132.240234,4132.799805,4109.290039,4130.620117,4130.620117,3752900000,Yahoo Finance via yfinance
2023-05-12,^GSPC,4138.540039,4143.740234,4099.120117,4124.080078,4124.080078,3533740000,Yahoo Finance via yfinance
2023-05-15,^GSPC,4126.649902,4141.250000,4110.270020,4136.279785,4136.279785,3562170000,Yahoo Finance via yfinance
2023-05-16,^GSPC,4127.950195,4135.540039,4109.859863,4109.899902,4109.899902,3654200000,Yahoo Finance via yfinance
2023-05-17,^GSPC,4122.850098,4164.669922,4113.620117,4158.770020,4158.770020,4039080000,Yahoo Finance via yfinance
2023-05-18,^GSPC,4157.680176,4202.200195,4153.500000,4198.049805,4198.049805,3980500000,Yahoo Finance via yfinance
2023-05-19,^GSPC,4204.149902,4212.910156,4180.200195,4191.979980,4191.979980,4041900000,Yahoo Finance via yfinance
2023-05-22,^GSPC,4190.779785,4209.220215,4179.680176,4192.629883,4192.629883,3728520000,Yahoo Finance via yfinance
2023-05-23,^GSPC,4176.799805,4185.680176,4142.540039,4145.580078,4145.580078,4155320000,Yahoo Finance via yfinance
2023-05-24,^GSPC,4132.959961,4132.959961,4103.979980,4115.240234,4115.240234,0,Yahoo Finance via yfinance
2023-05-25,^GSPC,4155.709961,4165.740234,4129.729980,4151.279785,4151.279785,4147760000,Yahoo Finance via yfinance
2023-05-26,^GSPC,4156.160156,4212.870117,4156.160156,4205.450195,4205.450195,3715460000,Yahoo Finance via yfinance
2023-05-30,^GSPC,4226.709961,4231.100098,4192.180176,4205.520020,4205.520020,4228510000,Yahoo Finance via yfinance
2023-05-31,^GSPC,4190.740234,4195.439941,4166.149902,4179.830078,4179.830078,5980670000,Yahoo Finance via yfinance
2023-06-01,^GSPC,4183.029785,4232.430176,4171.640137,4221.020020,4221.020020,4391860000,Yahoo Finance via yfinance
2023-06-02,^GSPC,4241.009766,4290.669922,4241.009766,4282.370117,4282.370117,4454200000,Yahoo Finance via yfinance
2023-06-05,^GSPC,4282.990234,4299.279785,4266.819824,4273.790039,4273.790039,3813290000,Yahoo Finance via yfinance
2023-06-06,^GSPC,4271.339844,4288.330078,4263.089844,4283.850098,4283.850098,3996560000,Yahoo Finance via yfinance
2023-06-07,^GSPC,4285.470215,4299.189941,4263.959961,4267.520020,4267.520020,4537800000,Yahoo Finance via yfinance
2023-06-08,^GSPC,4268.689941,4298.009766,4261.069824,4293.930176,4293.930176,3826740000,Yahoo Finance via yfinance
2023-06-09,^GSPC,4304.879883,4322.620117,4291.700195,4298.859863,4298.859863,3786510000,Yahoo Finance via yfinance
2023-06-12,^GSPC,4308.319824,4340.129883,4304.370117,4338.930176,4338.930176,3945670000,Yahoo Finance via yfinance
2023-06-13,^GSPC,4352.609863,4375.370117,4349.310059,4369.009766,4369.009766,4275400000,Yahoo Finance via yfinance
2023-06-14,^GSPC,4366.290039,4391.819824,4337.850098,4372.589844,4372.589844,4252110000,Yahoo Finance via yfinance
2023-06-15,^GSPC,4365.330078,4439.200195,4362.600098,4425.839844,4425.839844,4176690000,Yahoo Finance via yfinance
2023-06-16,^GSPC,4440.950195,4448.470215,4407.439941,4409.589844,4409.589844,6848600000,Yahoo Finance via yfinance
2023-06-20,^GSPC,4396.109863,4400.149902,4367.189941,4388.709961,4388.709961,4055790000,Yahoo Finance via yfinance
2023-06-21,^GSPC,4380.009766,4386.220215,4360.140137,4365.689941,4365.689941,3709330000,Yahoo Finance via yfinance
2023-06-22,^GSPC,4355.399902,4382.250000,4351.819824,4381.890137,4381.890137,3511000000,Yahoo Finance via yfinance
2023-06-23,^GSPC,4354.169922,4366.549805,4341.339844,4348.330078,4348.330078,6053620000,Yahoo Finance via yfinance
2023-06-26,^GSPC,4344.839844,4362.060059,4328.080078,4328.819824,4328.819824,3415030000,Yahoo Finance via yfinance
2023-06-27,^GSPC,4337.359863,4384.419922,4335.000000,4378.410156,4378.410156,3573500000,Yahoo Finance via yfinance
2023-06-28,^GSPC,4367.479980,4390.350098,4360.220215,4376.859863,4376.859863,3739330000,Yahoo Finance via yfinance
2023-06-29,^GSPC,4374.939941,4398.390137,4371.970215,4396.439941,4396.439941,3696660000,Yahoo Finance via yfinance
2023-06-30,^GSPC,4422.439941,4458.479980,4422.439941,4450.379883,4450.379883,3923450000,Yahoo Finance via yfinance
2023-07-03,^GSPC,4450.479980,4456.459961,4442.290039,4455.589844,4455.589844,2034280000,Yahoo Finance via yfinance
2023-07-05,^GSPC,4442.040039,4454.060059,4436.609863,4446.819824,4446.819824,3482620000,Yahoo Finance via yfinance
2023-07-06,^GSPC,4422.620117,4422.620117,4385.049805,4411.589844,4411.589844,3682020000,Yahoo Finance via yfinance
2023-07-07,^GSPC,4404.540039,4440.390137,4397.399902,4398.950195,4398.950195,3630480000,Yahoo Finance via yfinance
2023-07-10,^GSPC,4394.229980,4412.600098,4389.919922,4409.529785,4409.529785,3429600000,Yahoo Finance via yfinance
2023-07-11,^GSPC,4415.549805,4443.640137,4408.459961,4439.259766,4439.259766,3624220000,Yahoo Finance via yfinance
2023-07-12,^GSPC,4467.689941,4488.339844,4463.229980,4472.160156,4472.160156,3920290000,Yahoo Finance via yfinance
2023-07-13,^GSPC,4491.500000,4517.379883,4489.359863,4510.040039,4510.040039,3839530000,Yahoo Finance via yfinance
2023-07-14,^GSPC,4514.609863,4527.759766,4499.560059,4505.419922,4505.419922,3647450000,Yahoo Finance via yfinance
2023-07-17,^GSPC,4508.859863,4532.850098,4504.899902,4522.790039,4522.790039,3538240000,Yahoo Finance via yfinance
2023-07-18,^GSPC,4521.779785,4562.299805,4514.589844,4554.979980,4554.979980,4090010000,Yahoo Finance via yfinance
2023-07-19,^GSPC,4563.870117,4578.430176,4557.479980,4565.720215,4565.720215,4115670000,Yahoo Finance via yfinance
2023-07-20,^GSPC,4554.379883,4564.740234,4527.560059,4534.870117,4534.870117,3761770000,Yahoo Finance via yfinance
2023-07-21,^GSPC,4550.160156,4555.000000,4535.790039,4536.339844,4536.339844,3570190000,Yahoo Finance via yfinance
2023-07-24,^GSPC,4543.390137,4563.410156,4541.290039,4554.640137,4554.640137,3856250000,Yahoo Finance via yfinance
2023-07-25,^GSPC,4555.189941,4580.620117,4552.419922,4567.459961,4567.459961,3812470000,Yahoo Finance via yfinance
2023-07-26,^GSPC,4558.959961,4582.470215,4547.580078,4566.750000,4566.750000,3990290000,Yahoo Finance via yfinance
2023-07-27,^GSPC,4598.259766,4607.069824,4528.560059,4537.410156,4537.410156,4553210000,Yahoo Finance via yfinance
2023-07-28,^GSPC,4565.750000,4590.160156,4564.009766,4582.229980,4582.229980,3981010000,Yahoo Finance via yfinance
2023-07-31,^GSPC,4584.819824,4594.220215,4573.140137,4588.959961,4588.959961,4503600000,Yahoo Finance via yfinance
2023-08-01,^GSPC,4578.830078,4584.620117,4567.529785,4576.729980,4576.729980,4042370000,Yahoo Finance via yfinance
2023-08-02,^GSPC,4550.930176,4550.930176,4505.750000,4513.390137,4513.390137,4270710000,Yahoo Finance via yfinance
2023-08-03,^GSPC,4494.270020,4519.490234,4485.540039,4501.890137,4501.890137,4149120000,Yahoo Finance via yfinance
2023-08-04,^GSPC,4513.959961,4540.339844,4474.549805,4478.029785,4478.029785,4143310000,Yahoo Finance via yfinance
2023-08-07,^GSPC,4491.580078,4519.839844,4491.149902,4518.439941,4518.439941,3493920000,Yahoo Finance via yfinance
2023-08-08,^GSPC,4498.029785,4503.310059,4464.390137,4499.379883,4499.379883,3884910000,Yahoo Finance via yfinance
2023-08-09,^GSPC,4501.569824,4502.439941,4461.330078,4467.709961,4467.709961,3803100000,Yahoo Finance via yfinance
2023-08-10,^GSPC,4487.160156,4527.370117,4457.919922,4468.830078,4468.830078,4504370000,Yahoo Finance via yfinance
2023-08-11,^GSPC,4450.689941,4476.229980,4443.979980,4464.049805,4464.049805,3753290000,Yahoo Finance via yfinance
2023-08-14,^GSPC,4458.129883,4490.330078,4453.439941,4489.720215,4489.720215,3896410000,Yahoo Finance via yfinance
2023-08-15,^GSPC,4478.870117,4478.870117,4432.189941,4437.859863,4437.859863,3832250000,Yahoo Finance via yfinance
2023-08-16,^GSPC,4433.790039,4449.950195,4403.549805,4404.330078,4404.330078,3753910000,Yahoo Finance via yfinance
2023-08-17,^GSPC,4416.319824,4421.169922,4364.830078,4370.359863,4370.359863,3943700000,Yahoo Finance via yfinance
2023-08-18,^GSPC,4344.879883,4381.819824,4335.310059,4369.709961,4369.709961,3940400000,Yahoo Finance via yfinance
2023-08-21,^GSPC,4380.279785,4407.549805,4360.299805,4399.770020,4399.770020,3726850000,Yahoo Finance via yfinance
2023-08-22,^GSPC,4415.330078,4418.589844,4382.770020,4387.549805,4387.549805,3522760000,Yahoo Finance via yfinance
2023-08-23,^GSPC,4396.439941,4443.180176,4396.439941,4436.009766,4436.009766,3837270000,Yahoo Finance via yfinance
2023-08-24,^GSPC,4455.160156,4458.299805,4375.549805,4376.310059,4376.310059,3723470000,Yahoo Finance via yfinance
2023-08-25,^GSPC,4389.379883,4418.459961,4356.290039,4405.709961,4405.709961,3296180000,Yahoo Finance via yfinance
2023-08-28,^GSPC,4426.029785,4439.560059,4414.979980,4433.310059,4433.310059,2957230000,Yahoo Finance via yfinance
2023-08-29,^GSPC,4432.750000,4500.140137,4431.680176,4497.629883,4497.629883,3354820000,Yahoo Finance via yfinance
2023-08-30,^GSPC,4500.339844,4521.649902,4493.589844,4514.870117,4514.870117,3064110000,Yahoo Finance via yfinance
2023-08-31,^GSPC,4517.009766,4532.259766,4507.390137,4507.660156,4507.660156,3946360000,Yahoo Finance via yfinance
2023-09-01,^GSPC,4530.600098,4541.250000,4501.350098,4515.770020,4515.770020,3246260000,Yahoo Finance via yfinance
2023-09-05,^GSPC,4510.060059,4514.290039,4496.009766,4496.830078,4496.830078,3526250000,Yahoo Finance via yfinance
2023-09-06,^GSPC,4490.350098,4490.350098,4442.379883,4465.479980,4465.479980,3418850000,Yahoo Finance via yfinance
2023-09-07,^GSPC,4434.549805,4457.810059,4430.459961,4451.140137,4451.140137,3763760000,Yahoo Finance via yfinance
2023-09-08,^GSPC,4451.299805,4473.529785,4448.379883,4457.490234,4457.490234,3259290000,Yahoo Finance via yfinance
2023-09-11,^GSPC,4480.979980,4490.770020,4467.890137,4487.459961,4487.459961,3369920000,Yahoo Finance via yfinance
2023-09-12,^GSPC,4473.270020,4487.109863,4456.830078,4461.899902,4461.899902,3435740000,Yahoo Finance via yfinance
2023-09-13,^GSPC,4462.649902,4479.390137,4453.520020,4467.439941,4467.439941,3529430000,Yahoo Finance via yfinance
2023-09-14,^GSPC,4487.779785,4511.990234,4478.689941,4505.100098,4505.100098,3648720000,Yahoo Finance via yfinance
2023-09-15,^GSPC,4497.979980,4497.979980,4447.209961,4450.319824,4450.319824,6932230000,Yahoo Finance via yfinance
2023-09-18,^GSPC,4445.129883,4466.359863,4442.109863,4453.529785,4453.529785,3161230000,Yahoo Finance via yfinance
2023-09-19,^GSPC,4445.410156,4449.850098,4416.609863,4443.950195,4443.950195,3614880000,Yahoo Finance via yfinance
2023-09-20,^GSPC,4452.810059,4461.029785,4401.379883,4402.200195,4402.200195,3308450000,Yahoo Finance via yfinance
2023-09-21,^GSPC,4374.359863,4375.700195,4329.169922,4330.000000,4330.000000,3662340000,Yahoo Finance via yfinance
2023-09-22,^GSPC,4341.740234,4357.399902,4316.490234,4320.060059,4320.060059,3349570000,Yahoo Finance via yfinance
2023-09-25,^GSPC,4310.620117,4338.509766,4302.700195,4337.439941,4337.439941,3195650000,Yahoo Finance via yfinance
2023-09-26,^GSPC,4312.879883,4313.009766,4265.979980,4273.529785,4273.529785,3472340000,Yahoo Finance via yfinance
2023-09-27,^GSPC,4282.629883,4292.069824,4238.629883,4274.509766,4274.509766,3875880000,Yahoo Finance via yfinance
2023-09-28,^GSPC,4269.649902,4317.270020,4264.379883,4299.700195,4299.700195,3846230000,Yahoo Finance via yfinance
2023-09-29,^GSPC,4328.180176,4333.149902,4274.859863,4288.049805,4288.049805,3865960000,Yahoo Finance via yfinance
2023-10-02,^GSPC,4284.520020,4300.580078,4260.209961,4288.390137,4288.390137,3938660000,Yahoo Finance via yfinance
2023-10-03,^GSPC,4269.750000,4281.149902,4216.450195,4229.450195,4229.450195,3953830000,Yahoo Finance via yfinance
2023-10-04,^GSPC,4233.830078,4268.500000,4220.479980,4263.750000,4263.750000,3777600000,Yahoo Finance via yfinance
2023-10-05,^GSPC,4259.310059,4267.129883,4225.910156,4258.189941,4258.189941,3581470000,Yahoo Finance via yfinance
2023-10-06,^GSPC,4234.790039,4324.100098,4219.549805,4308.500000,4308.500000,3902030000,Yahoo Finance via yfinance
2023-10-09,^GSPC,4289.020020,4341.729980,4283.790039,4335.660156,4335.660156,3174630000,Yahoo Finance via yfinance
2023-10-10,^GSPC,4339.750000,4385.459961,4339.640137,4358.240234,4358.240234,3520240000,Yahoo Finance via yfinance
2023-10-11,^GSPC,4366.589844,4378.640137,4345.339844,4376.950195,4376.950195,3601660000,Yahoo Finance via yfinance
2023-10-12,^GSPC,4380.939941,4385.850098,4325.430176,4349.609863,4349.609863,3713140000,Yahoo Finance via yfinance
2023-10-13,^GSPC,4360.490234,4377.100098,4311.970215,4327.779785,4327.779785,3566560000,Yahoo Finance via yfinance
2023-10-16,^GSPC,4342.370117,4383.330078,4342.370117,4373.629883,4373.629883,3409960000,Yahoo Finance via yfinance
2023-10-17,^GSPC,4345.229980,4393.569824,4337.540039,4373.200195,4373.200195,3794850000,Yahoo Finance via yfinance
2023-10-18,^GSPC,4357.350098,4364.200195,4303.839844,4314.600098,4314.600098,3686030000,Yahoo Finance via yfinance
2023-10-19,^GSPC,4321.359863,4339.540039,4269.689941,4278.000000,4278.000000,3969730000,Yahoo Finance via yfinance
2023-10-20,^GSPC,4273.850098,4276.560059,4223.029785,4224.160156,4224.160156,4004030000,Yahoo Finance via yfinance
2023-10-23,^GSPC,4210.399902,4255.839844,4189.220215,4217.040039,4217.040039,3776100000,Yahoo Finance via yfinance
2023-10-24,^GSPC,4235.790039,4259.379883,4219.430176,4247.680176,4247.680176,3821820000,Yahoo Finance via yfinance
2023-10-25,^GSPC,4232.419922,4232.419922,4181.419922,4186.770020,4186.770020,3869370000,Yahoo Finance via yfinance
2023-10-26,^GSPC,4175.990234,4183.600098,4127.899902,4137.229980,4137.229980,4277640000,Yahoo Finance via yfinance
2023-10-27,^GSPC,4152.930176,4156.700195,4103.779785,4117.370117,4117.370117,4019500000,Yahoo Finance via yfinance
2023-10-30,^GSPC,4139.390137,4177.470215,4132.939941,4166.819824,4166.819824,3911140000,Yahoo Finance via yfinance
2023-10-31,^GSPC,4171.330078,4195.549805,4153.120117,4193.799805,4193.799805,4249470000,Yahoo Finance via yfinance
2023-11-01,^GSPC,4201.270020,4245.640137,4197.740234,4237.859863,4237.859863,4224900000,Yahoo Finance via yfinance
2023-11-02,^GSPC,4268.259766,4319.720215,4268.259766,4317.779785,4317.779785,4669780000,Yahoo Finance via yfinance
2023-11-03,^GSPC,4334.229980,4373.620117,4334.229980,4358.339844,4358.339844,4570960000,Yahoo Finance via yfinance
2023-11-06,^GSPC,4364.270020,4372.209961,4347.529785,4365.979980,4365.979980,3656340000,Yahoo Finance via yfinance
2023-11-07,^GSPC,4366.209961,4386.259766,4355.410156,4378.379883,4378.379883,3791230000,Yahoo Finance via yfinance
2023-11-08,^GSPC,4384.370117,4391.200195,4359.759766,4382.779785,4382.779785,3729510000,Yahoo Finance via yfinance
2023-11-09,^GSPC,4391.410156,4393.399902,4343.939941,4347.350098,4347.350098,3900780000,Yahoo Finance via yfinance
2023-11-10,^GSPC,4364.149902,4418.029785,4353.339844,4415.240234,4415.240234,3665080000,Yahoo Finance via yfinance
2023-11-13,^GSPC,4406.660156,4421.759766,4393.819824,4411.549805,4411.549805,3326240000,Yahoo Finance via yfinance
2023-11-14,^GSPC,4458.970215,4508.669922,4458.970215,4495.700195,4495.700195,4700350000,Yahoo Finance via yfinance
2023-11-15,^GSPC,4505.299805,4521.169922,4495.310059,4502.879883,4502.879883,4347170000,Yahoo Finance via yfinance
2023-11-16,^GSPC,4497.080078,4511.990234,4487.830078,4508.240234,4508.240234,3964520000,Yahoo Finance via yfinance
2023-11-17,^GSPC,4509.549805,4520.120117,4499.660156,4514.020020,4514.020020,3777240000,Yahoo Finance via yfinance
2023-11-20,^GSPC,4511.700195,4557.109863,4510.359863,4547.379883,4547.379883,3644790000,Yahoo Finance via yfinance
2023-11-21,^GSPC,4538.770020,4542.140137,4525.509766,4538.189941,4538.189941,3511080000,Yahoo Finance via yfinance
2023-11-22,^GSPC,4553.040039,4568.430176,4545.049805,4556.620117,4556.620117,3042810000,Yahoo Finance via yfinance
2023-11-24,^GSPC,4555.839844,4560.310059,4552.799805,4559.339844,4559.339844,1639500000,Yahoo Finance via yfinance
2023-11-27,^GSPC,4554.859863,4560.520020,4546.319824,4550.430176,4550.430176,3403990000,Yahoo Finance via yfinance
2023-11-28,^GSPC,4545.549805,4568.140137,4540.509766,4554.890137,4554.890137,3586240000,Yahoo Finance via yfinance
2023-11-29,^GSPC,4571.839844,4587.640137,4547.149902,4550.580078,4550.580078,4418760000,Yahoo Finance via yfinance
2023-11-30,^GSPC,4554.870117,4569.890137,4537.240234,4567.799805,4567.799805,5399300000,Yahoo Finance via yfinance
2023-12-01,^GSPC,4559.430176,4599.390137,4554.709961,4594.629883,4594.629883,4397120000,Yahoo Finance via yfinance
2023-12-04,^GSPC,4564.370117,4572.370117,4546.720215,4569.779785,4569.779785,4369910000,Yahoo Finance via yfinance
2023-12-05,^GSPC,4557.250000,4578.560059,4551.680176,4567.180176,4567.180176,3909950000,Yahoo Finance via yfinance
2023-12-06,^GSPC,4586.229980,4590.740234,4546.500000,4549.339844,4549.339844,4245680000,Yahoo Finance via yfinance
2023-12-07,^GSPC,4568.839844,4590.919922,4565.220215,4585.589844,4585.589844,3818880000,Yahoo Finance via yfinance
2023-12-08,^GSPC,4576.200195,4609.229980,4574.060059,4604.370117,4604.370117,3707010000,Yahoo Finance via yfinance
2023-12-11,^GSPC,4593.390137,4623.709961,4593.390137,4622.439941,4622.439941,3823210000,Yahoo Finance via yfinance
2023-12-12,^GSPC,4618.299805,4643.930176,4608.089844,4643.700195,4643.700195,3808380000,Yahoo Finance via yfinance
2023-12-13,^GSPC,4646.200195,4709.689941,4643.229980,4707.089844,4707.089844,5063650000,Yahoo Finance via yfinance
2023-12-14,^GSPC,4721.040039,4738.569824,4694.339844,4719.549805,4719.549805,6314040000,Yahoo Finance via yfinance
2023-12-15,^GSPC,4714.229980,4725.529785,4704.689941,4719.189941,4719.189941,8218980000,Yahoo Finance via yfinance
2023-12-18,^GSPC,4725.580078,4749.520020,4725.580078,4740.560059,4740.560059,4060340000,Yahoo Finance via yfinance
2023-12-19,^GSPC,4743.720215,4768.689941,4743.720215,4768.370117,4768.370117,4026970000,Yahoo Finance via yfinance
2023-12-20,^GSPC,4764.729980,4778.009766,4697.819824,4698.350098,4698.350098,4201320000,Yahoo Finance via yfinance
2023-12-21,^GSPC,4724.290039,4748.709961,4708.350098,4746.750000,4746.750000,3431180000,Yahoo Finance via yfinance
2023-12-22,^GSPC,4753.919922,4772.939941,4736.770020,4754.629883,4754.629883,3046770000,Yahoo Finance via yfinance
2023-12-26,^GSPC,4758.859863,4784.720215,4758.450195,4774.750000,4774.750000,2513910000,Yahoo Finance via yfinance
2023-12-27,^GSPC,4773.450195,4785.390137,4768.899902,4781.580078,4781.580078,2748450000,Yahoo Finance via yfinance
2023-12-28,^GSPC,4786.439941,4793.299805,4780.979980,4783.350098,4783.350098,2698860000,Yahoo Finance via yfinance
2023-12-29,^GSPC,4782.879883,4788.430176,4751.990234,4769.830078,4769.830078,3126060000,Yahoo Finance via yfinance
2024-01-02,^GSPC,4745.200195,4754.330078,4722.669922,4742.830078,4742.830078,3743050000,Yahoo Finance via yfinance
2024-01-03,^GSPC,4725.069824,4729.290039,4699.709961,4704.810059,4704.810059,3950760000,Yahoo Finance via yfinance
2024-01-04,^GSPC,4697.419922,4726.779785,4687.529785,4688.680176,4688.680176,3715480000,Yahoo Finance via yfinance
2024-01-05,^GSPC,4690.569824,4721.490234,4682.109863,4697.240234,4697.240234,3844370000,Yahoo Finance via yfinance
2024-01-08,^GSPC,4703.700195,4764.540039,4699.819824,4763.540039,4763.540039,3742320000,Yahoo Finance via yfinance
2024-01-09,^GSPC,4741.930176,4765.470215,4730.350098,4756.500000,4756.500000,3529960000,Yahoo Finance via yfinance
2024-01-10,^GSPC,4759.939941,4790.799805,4756.200195,4783.450195,4783.450195,3498680000,Yahoo Finance via yfinance
2024-01-11,^GSPC,4792.129883,4798.500000,4739.580078,4780.240234,4780.240234,3759890000,Yahoo Finance via yfinance
2024-01-12,^GSPC,4791.180176,4802.399902,4768.979980,4783.830078,4783.830078,3486340000,Yahoo Finance via yfinance
2024-01-16,^GSPC,4772.350098,4782.339844,4747.120117,4765.979980,4765.979980,4260550000,Yahoo Finance via yfinance
2024-01-17,^GSPC,4739.129883,4744.229980,4714.819824,4739.209961,4739.209961,3928600000,Yahoo Finance via yfinance
2024-01-18,^GSPC,4760.100098,4785.790039,4740.569824,4780.939941,4780.939941,4019000000,Yahoo Finance via yfinance
2024-01-19,^GSPC,4796.279785,4842.069824,4785.870117,4839.810059,4839.810059,4287200000,Yahoo Finance via yfinance
2024-01-22,^GSPC,4853.419922,4868.410156,4844.049805,4850.430176,4850.430176,4297610000,Yahoo Finance via yfinance
2024-01-23,^GSPC,4856.799805,4866.479980,4844.370117,4864.600098,4864.600098,3912800000,Yahoo Finance via yfinance
2024-01-24,^GSPC,4888.560059,4903.680176,4865.939941,4868.549805,4868.549805,4330030000,Yahoo Finance via yfinance
2024-01-25,^GSPC,4886.660156,4898.149902,4869.339844,4894.160156,4894.160156,4020430000,Yahoo Finance via yfinance
2024-01-26,^GSPC,4888.910156,4906.689941,4881.470215,4890.970215,4890.970215,3353400000,Yahoo Finance via yfinance
2024-01-29,^GSPC,4892.950195,4929.310059,4887.399902,4927.930176,4927.930176,3525160000,Yahoo Finance via yfinance
2024-01-30,^GSPC,4925.890137,4931.089844,4916.270020,4924.970215,4924.970215,3836130000,Yahoo Finance via yfinance
2024-01-31,^GSPC,4899.189941,4906.750000,4845.149902,4845.649902,4845.649902,4696120000,Yahoo Finance via yfinance
2024-02-01,^GSPC,4861.109863,4906.970215,4853.520020,4906.189941,4906.189941,4386090000,Yahoo Finance via yfinance
2024-02-02,^GSPC,4916.060059,4975.290039,4907.990234,4958.609863,4958.609863,3974350000,Yahoo Finance via yfinance
2024-02-05,^GSPC,4957.189941,4957.189941,4918.089844,4942.810059,4942.810059,4023640000,Yahoo Finance via yfinance
2024-02-06,^GSPC,4950.160156,4957.770020,4934.879883,4954.229980,4954.229980,4440880000,Yahoo Finance via yfinance
2024-02-07,^GSPC,4973.049805,4999.890137,4969.049805,4995.060059,4995.060059,4895590000,Yahoo Finance via yfinance
2024-02-08,^GSPC,4995.160156,5000.399902,4987.089844,4997.910156,4997.910156,4341860000,Yahoo Finance via yfinance
2024-02-09,^GSPC,5004.169922,5030.060059,5000.339844,5026.609863,5026.609863,3912990000,Yahoo Finance via yfinance
2024-02-12,^GSPC,5026.830078,5048.390137,5016.830078,5021.839844,5021.839844,3805740000,Yahoo Finance via yfinance
2024-02-13,^GSPC,4967.939941,4971.299805,4920.310059,4953.169922,4953.169922,4302190000,Yahoo Finance via yfinance
2024-02-14,^GSPC,4976.439941,5002.520020,4956.450195,5000.620117,5000.620117,3845600000,Yahoo Finance via yfinance
2024-02-15,^GSPC,5003.140137,5032.720215,4999.439941,5029.729980,5029.729980,4137970000,Yahoo Finance via yfinance
2024-02-16,^GSPC,5031.129883,5038.700195,4999.520020,5005.569824,5005.569824,3833270000,Yahoo Finance via yfinance
2024-02-20,^GSPC,4989.319824,4993.709961,4955.020020,4975.509766,4975.509766,4034880000,Yahoo Finance via yfinance
2024-02-21,^GSPC,4963.029785,4983.209961,4946.000000,4981.799805,4981.799805,3788390000,Yahoo Finance via yfinance
2024-02-22,^GSPC,5038.830078,5094.390137,5038.830078,5087.029785,5087.029785,4051710000,Yahoo Finance via yfinance
2024-02-23,^GSPC,5100.919922,5111.060059,5081.459961,5088.799805,5088.799805,3672790000,Yahoo Finance via yfinance
2024-02-26,^GSPC,5093.000000,5097.660156,5068.910156,5069.529785,5069.529785,3683930000,Yahoo Finance via yfinance
2024-02-27,^GSPC,5074.600098,5080.689941,5057.290039,5078.180176,5078.180176,3925950000,Yahoo Finance via yfinance
2024-02-28,^GSPC,5067.200195,5077.370117,5058.350098,5069.759766,5069.759766,3789370000,Yahoo Finance via yfinance
2024-02-29,^GSPC,5085.359863,5104.990234,5061.890137,5096.270020,5096.270020,5219740000,Yahoo Finance via yfinance
2024-03-01,^GSPC,5098.509766,5140.330078,5094.160156,5137.080078,5137.080078,4748110000,Yahoo Finance via yfinance
2024-03-04,^GSPC,5130.990234,5149.669922,5127.180176,5130.950195,5130.950195,4758440000,Yahoo Finance via yfinance
2024-03-05,^GSPC,5110.520020,5114.540039,5056.819824,5078.649902,5078.649902,4418410000,Yahoo Finance via yfinance
2024-03-06,^GSPC,5108.029785,5127.970215,5092.220215,5104.759766,5104.759766,4559050000,Yahoo Finance via yfinance
2024-03-07,^GSPC,5132.379883,5165.620117,5128.209961,5157.359863,5157.359863,4137980000,Yahoo Finance via yfinance
2024-03-08,^GSPC,5164.459961,5189.259766,5117.500000,5123.689941,5123.689941,4208870000,Yahoo Finance via yfinance
2024-03-11,^GSPC,5111.959961,5124.660156,5091.140137,5117.939941,5117.939941,3896430000,Yahoo Finance via yfinance
2024-03-12,^GSPC,5134.299805,5179.870117,5114.479980,5175.270020,5175.270020,4080510000,Yahoo Finance via yfinance
2024-03-13,^GSPC,5173.490234,5179.140137,5151.879883,5165.310059,5165.310059,4282890000,Yahoo Finance via yfinance
2024-03-14,^GSPC,5175.140137,5176.850098,5123.299805,5150.479980,5150.479980,4687970000,Yahoo Finance via yfinance
2024-03-15,^GSPC,5123.310059,5136.859863,5104.350098,5117.089844,5117.089844,7753670000,Yahoo Finance via yfinance
2024-03-18,^GSPC,5154.770020,5175.600098,5145.470215,5149.419922,5149.419922,4036220000,Yahoo Finance via yfinance
2024-03-19,^GSPC,5139.089844,5180.310059,5131.589844,5178.509766,5178.509766,4031760000,Yahoo Finance via yfinance
2024-03-20,^GSPC,5181.689941,5226.189941,5171.549805,5224.620117,5224.620117,4064850000,Yahoo Finance via yfinance
2024-03-21,^GSPC,5253.430176,5261.100098,5240.660156,5241.529785,5241.529785,4207730000,Yahoo Finance via yfinance
2024-03-22,^GSPC,5242.479980,5246.089844,5229.870117,5234.180176,5234.180176,3374700000,Yahoo Finance via yfinance
2024-03-25,^GSPC,5219.520020,5229.089844,5216.089844,5218.189941,5218.189941,3331360000,Yahoo Finance via yfinance
2024-03-26,^GSPC,5228.850098,5235.160156,5203.419922,5203.580078,5203.580078,3871790000,Yahoo Finance via yfinance
2024-03-27,^GSPC,5226.310059,5249.259766,5213.919922,5248.490234,5248.490234,3850500000,Yahoo Finance via yfinance
2024-03-28,^GSPC,5248.029785,5264.850098,5245.819824,5254.350098,5254.350098,3998270000,Yahoo Finance via yfinance
2024-04-01,^GSPC,5257.970215,5263.950195,5229.200195,5243.770020,5243.770020,3325930000,Yahoo Finance via yfinance
2024-04-02,^GSPC,5204.290039,5208.339844,5184.049805,5205.810059,5205.810059,3886590000,Yahoo Finance via yfinance
2024-04-03,^GSPC,5194.370117,5228.750000,5194.370117,5211.490234,5211.490234,3703250000,Yahoo Finance via yfinance
2024-04-04,^GSPC,5244.049805,5256.589844,5146.060059,5147.209961,5147.209961,4075680000,Yahoo Finance via yfinance
2024-04-05,^GSPC,5158.950195,5222.180176,5157.209961,5204.339844,5204.339844,3386780000,Yahoo Finance via yfinance
2024-04-08,^GSPC,5211.370117,5219.569824,5197.350098,5202.390137,5202.390137,3278180000,Yahoo Finance via yfinance
2024-04-09,^GSPC,5217.029785,5224.810059,5160.779785,5209.910156,5209.910156,3400680000,Yahoo Finance via yfinance
2024-04-10,^GSPC,5167.879883,5178.430176,5138.700195,5160.640137,5160.640137,3845930000,Yahoo Finance via yfinance
2024-04-11,^GSPC,5172.950195,5211.779785,5138.770020,5199.060059,5199.060059,3509380000,Yahoo Finance via yfinance
2024-04-12,^GSPC,5171.509766,5175.029785,5107.939941,5123.410156,5123.410156,3963220000,Yahoo Finance via yfinance
2024-04-15,^GSPC,5149.669922,5168.430176,5052.470215,5061.819824,5061.819824,3950210000,Yahoo Finance via yfinance
2024-04-16,^GSPC,5064.589844,5079.839844,5039.830078,5051.410156,5051.410156,4006200000,Yahoo Finance via yfinance
2024-04-17,^GSPC,5068.970215,5077.959961,5007.250000,5022.209961,5022.209961,3596130000,Yahoo Finance via yfinance
2024-04-18,^GSPC,5031.520020,5056.660156,5001.890137,5011.120117,5011.120117,3619760000,Yahoo Finance via yfinance
2024-04-19,^GSPC,5005.439941,5019.020020,4953.560059,4967.229980,4967.229980,3878750000,Yahoo Finance via yfinance
2024-04-22,^GSPC,4987.330078,5038.839844,4969.399902,5010.600098,5010.600098,3820250000,Yahoo Finance via yfinance
2024-04-23,^GSPC,5028.850098,5076.120117,5027.959961,5070.549805,5070.549805,3751400000,Yahoo Finance via yfinance
2024-04-24,^GSPC,5084.859863,5089.479980,5047.020020,5071.629883,5071.629883,3656740000,Yahoo Finance via yfinance
2024-04-25,^GSPC,5019.879883,5057.750000,4990.580078,5048.419922,5048.419922,3958050000,Yahoo Finance via yfinance
2024-04-26,^GSPC,5084.649902,5114.620117,5073.140137,5099.959961,5099.959961,3604140000,Yahoo Finance via yfinance
2024-04-29,^GSPC,5114.129883,5123.490234,5088.649902,5116.169922,5116.169922,3447450000,Yahoo Finance via yfinance
2024-04-30,^GSPC,5103.779785,5110.830078,5035.310059,5035.689941,5035.689941,4082470000,Yahoo Finance via yfinance
2024-05-01,^GSPC,5029.029785,5096.120117,5013.450195,5018.390137,5018.390137,4544170000,Yahoo Finance via yfinance
2024-05-02,^GSPC,5049.319824,5073.209961,5011.049805,5064.200195,5064.200195,4381660000,Yahoo Finance via yfinance
2024-05-03,^GSPC,5122.779785,5139.120117,5101.220215,5127.790039,5127.790039,3924990000,Yahoo Finance via yfinance
2024-05-06,^GSPC,5142.419922,5181.000000,5142.419922,5180.740234,5180.740234,3683250000,Yahoo Finance via yfinance
2024-05-07,^GSPC,5187.200195,5200.229980,5178.959961,5187.700195,5187.700195,3987890000,Yahoo Finance via yfinance
2024-05-08,^GSPC,5168.979980,5191.950195,5165.859863,5187.669922,5187.669922,3842100000,Yahoo Finance via yfinance
2024-05-09,^GSPC,5189.029785,5215.299805,5180.410156,5214.080078,5214.080078,3727370000,Yahoo Finance via yfinance
2024-05-10,^GSPC,5225.490234,5239.660156,5209.680176,5222.680176,5222.680176,3617900000,Yahoo Finance via yfinance
2024-05-13,^GSPC,5233.080078,5237.259766,5211.160156,5221.419922,5221.419922,4255710000,Yahoo Finance via yfinance
2024-05-14,^GSPC,5221.100098,5250.370117,5217.979980,5246.680176,5246.680176,4763580000,Yahoo Finance via yfinance
2024-05-15,^GSPC,5263.259766,5311.759766,5263.259766,5308.149902,5308.149902,4360810000,Yahoo Finance via yfinance
2024-05-16,^GSPC,5310.069824,5325.490234,5296.189941,5297.100098,5297.100098,3817470000,Yahoo Finance via yfinance
2024-05-17,^GSPC,5303.100098,5305.450195,5283.589844,5303.270020,5303.270020,3578120000,Yahoo Finance via yfinance
2024-05-20,^GSPC,5305.350098,5325.319824,5302.399902,5308.129883,5308.129883,3420100000,Yahoo Finance via yfinance
2024-05-21,^GSPC,5298.689941,5324.319824,5297.870117,5321.410156,5321.410156,3662240000,Yahoo Finance via yfinance
2024-05-22,^GSPC,5319.279785,5323.180176,5286.009766,5307.009766,5307.009766,3847130000,Yahoo Finance via yfinance
2024-05-23,^GSPC,5340.259766,5341.879883,5256.930176,5267.839844,5267.839844,3869520000,Yahoo Finance via yfinance
2024-05-24,^GSPC,5281.450195,5311.649902,5278.390137,5304.720215,5304.720215,3005510000,Yahoo Finance via yfinance
2024-05-28,^GSPC,5315.910156,5315.910156,5280.890137,5306.040039,5306.040039,3751540000,Yahoo Finance via yfinance
2024-05-29,^GSPC,5278.729980,5282.270020,5262.700195,5266.950195,5266.950195,3552750000,Yahoo Finance via yfinance
2024-05-30,^GSPC,5259.770020,5260.209961,5222.100098,5235.479980,5235.479980,3818750000,Yahoo Finance via yfinance
2024-05-31,^GSPC,5243.209961,5280.330078,5191.680176,5277.509766,5277.509766,5437160000,Yahoo Finance via yfinance
2024-06-03,^GSPC,5297.149902,5302.109863,5234.319824,5283.399902,5283.399902,4046920000,Yahoo Finance via yfinance
2024-06-04,^GSPC,5278.240234,5298.799805,5257.629883,5291.339844,5291.339844,3707900000,Yahoo Finance via yfinance
2024-06-05,^GSPC,5314.479980,5354.160156,5297.640137,5354.029785,5354.029785,3591460000,Yahoo Finance via yfinance
2024-06-06,^GSPC,5357.799805,5362.350098,5335.359863,5352.959961,5352.959961,3609990000,Yahoo Finance via yfinance
2024-06-07,^GSPC,5343.810059,5375.080078,5331.330078,5346.990234,5346.990234,3692760000,Yahoo Finance via yfinance
2024-06-10,^GSPC,5341.220215,5365.790039,5331.520020,5360.790039,5360.790039,3622280000,Yahoo Finance via yfinance
2024-06-11,^GSPC,5353.000000,5375.950195,5327.250000,5375.319824,5375.319824,3568030000,Yahoo Finance via yfinance
2024-06-12,^GSPC,5409.129883,5447.250000,5409.129883,5421.029785,5421.029785,3962840000,Yahoo Finance via yfinance
2024-06-13,^GSPC,5441.930176,5441.930176,5402.509766,5433.740234,5433.740234,3530380000,Yahoo Finance via yfinance
2024-06-14,^GSPC,5424.080078,5432.390137,5403.750000,5431.600098,5431.600098,3438650000,Yahoo Finance via yfinance
2024-06-17,^GSPC,5431.109863,5488.500000,5420.399902,5473.229980,5473.229980,3447840000,Yahoo Finance via yfinance
2024-06-18,^GSPC,5476.149902,5490.379883,5471.319824,5487.029785,5487.029785,3544330000,Yahoo Finance via yfinance
2024-06-20,^GSPC,5499.990234,5505.529785,5455.560059,5473.169922,5473.169922,3847060000,Yahoo Finance via yfinance
2024-06-21,^GSPC,5466.770020,5478.310059,5452.029785,5464.620117,5464.620117,6773800000,Yahoo Finance via yfinance
2024-06-24,^GSPC,5459.580078,5490.660156,5447.589844,5447.870117,5447.870117,3696750000,Yahoo Finance via yfinance
2024-06-25,^GSPC,5460.729980,5472.879883,5446.560059,5469.299805,5469.299805,3591960000,Yahoo Finance via yfinance
2024-06-26,^GSPC,5460.709961,5483.140137,5451.870117,5477.899902,5477.899902,3563920000,Yahoo Finance via yfinance
2024-06-27,^GSPC,5473.589844,5490.810059,5467.540039,5482.870117,5482.870117,3589530000,Yahoo Finance via yfinance
2024-06-28,^GSPC,5488.479980,5523.640137,5451.120117,5460.479980,5460.479980,7199220000,Yahoo Finance via yfinance
2024-07-01,^GSPC,5471.080078,5479.549805,5446.529785,5475.089844,5475.089844,3488760000,Yahoo Finance via yfinance
2024-07-02,^GSPC,5461.839844,5509.689941,5458.430176,5509.009766,5509.009766,3329950000,Yahoo Finance via yfinance
2024-07-03,^GSPC,5507.439941,5539.270020,5507.419922,5537.020020,5537.020020,2179470000,Yahoo Finance via yfinance
2024-07-05,^GSPC,5537.910156,5570.330078,5531.629883,5567.189941,5567.189941,3253080000,Yahoo Finance via yfinance
2024-07-08,^GSPC,5572.750000,5583.109863,5562.509766,5572.850098,5572.850098,3185670000,Yahoo Finance via yfinance
2024-07-09,^GSPC,5584.240234,5590.750000,5574.569824,5576.979980,5576.979980,3232920000,Yahoo Finance via yfinance
2024-07-10,^GSPC,5591.259766,5635.390137,5586.439941,5633.910156,5633.910156,3336100000,Yahoo Finance via yfinance
2024-07-11,^GSPC,5635.209961,5642.450195,5576.529785,5584.540039,5584.540039,4020950000,Yahoo Finance via yfinance
2024-07-12,^GSPC,5590.759766,5655.560059,5590.439941,5615.350098,5615.350098,3700280000,Yahoo Finance via yfinance
2024-07-15,^GSPC,5638.160156,5666.939941,5614.750000,5631.220215,5631.220215,3620470000,Yahoo Finance via yfinance
2024-07-16,^GSPC,5644.089844,5669.669922,5639.020020,5667.200195,5667.200195,4041760000,Yahoo Finance via yfinance
2024-07-17,^GSPC,5610.069824,5622.490234,5584.810059,5588.270020,5588.270020,4246450000,Yahoo Finance via yfinance
2024-07-18,^GSPC,5608.560059,5614.049805,5522.810059,5544.589844,5544.589844,4007510000,Yahoo Finance via yfinance
2024-07-19,^GSPC,5543.370117,5557.500000,5497.040039,5505.000000,5505.000000,3760570000,Yahoo Finance via yfinance
2024-07-22,^GSPC,5544.540039,5570.359863,5529.040039,5564.410156,5564.410156,3375180000,Yahoo Finance via yfinance
2024-07-23,^GSPC,5565.299805,5585.339844,5550.899902,5555.740234,5555.740234,3500210000,Yahoo Finance via yfinance
2024-07-24,^GSPC,5505.839844,5508.040039,5419.979980,5427.129883,5427.129883,3945550000,Yahoo Finance via yfinance
2024-07-25,^GSPC,5428.700195,5491.589844,5390.950195,5399.220215,5399.220215,4592120000,Yahoo Finance via yfinance
2024-07-26,^GSPC,5433.669922,5488.319824,5430.700195,5459.100098,5459.100098,3638770000,Yahoo Finance via yfinance
2024-07-29,^GSPC,5476.549805,5487.740234,5444.439941,5463.540039,5463.540039,3379970000,Yahoo Finance via yfinance
2024-07-30,^GSPC,5478.729980,5489.459961,5401.700195,5436.439941,5436.439941,3777740000,Yahoo Finance via yfinance
2024-07-31,^GSPC,5505.589844,5551.509766,5493.750000,5522.299805,5522.299805,4546910000,Yahoo Finance via yfinance
2024-08-01,^GSPC,5537.839844,5566.160156,5410.419922,5446.680176,5446.680176,4703620000,Yahoo Finance via yfinance
2024-08-02,^GSPC,5376.629883,5383.890137,5302.029785,5346.560059,5346.560059,5156450000,Yahoo Finance via yfinance
2024-08-05,^GSPC,5151.140137,5250.890137,5119.259766,5186.330078,5186.330078,5333250000,Yahoo Finance via yfinance
2024-08-06,^GSPC,5206.419922,5312.339844,5193.560059,5240.029785,5240.029785,4690190000,Yahoo Finance via yfinance
2024-08-07,^GSPC,5293.129883,5330.640137,5195.540039,5199.500000,5199.500000,4558260000,Yahoo Finance via yfinance
2024-08-08,^GSPC,5252.569824,5328.029785,5233.850098,5319.310059,5319.310059,4016830000,Yahoo Finance via yfinance
2024-08-09,^GSPC,5314.660156,5358.669922,5300.839844,5344.160156,5344.160156,3516400000,Yahoo Finance via yfinance
2024-08-12,^GSPC,5351.879883,5371.200195,5324.370117,5344.390137,5344.390137,3360160000,Yahoo Finance via yfinance
2024-08-13,^GSPC,5376.979980,5436.500000,5376.979980,5434.430176,5434.430176,3648980000,Yahoo Finance via yfinance
2024-08-14,^GSPC,5442.359863,5463.220215,5415.910156,5455.209961,5455.209961,3380050000,Yahoo Finance via yfinance
2024-08-15,^GSPC,5501.129883,5546.229980,5501.129883,5543.220215,5543.220215,3723310000,Yahoo Finance via yfinance
2024-08-16,^GSPC,5530.500000,5561.979980,5525.169922,5554.250000,5554.250000,3357690000,Yahoo Finance via yfinance
2024-08-19,^GSPC,5557.229980,5608.299805,5550.740234,5608.250000,5608.250000,3222050000,Yahoo Finance via yfinance
2024-08-20,^GSPC,5602.879883,5620.509766,5585.500000,5597.120117,5597.120117,2994420000,Yahoo Finance via yfinance
2024-08-21,^GSPC,5603.089844,5632.680176,5591.569824,5620.850098,5620.850098,3119670000,Yahoo Finance via yfinance
2024-08-22,^GSPC,5637.770020,5643.220215,5560.950195,5570.640137,5570.640137,2981530000,Yahoo Finance via yfinance
2024-08-23,^GSPC,5602.490234,5641.819824,5585.160156,5634.609863,5634.609863,3291940000,Yahoo Finance via yfinance
2024-08-26,^GSPC,5639.660156,5651.620117,5602.339844,5616.839844,5616.839844,2938570000,Yahoo Finance via yfinance
2024-08-27,^GSPC,5602.890137,5631.180176,5593.479980,5625.799805,5625.799805,2798990000,Yahoo Finance via yfinance
2024-08-28,^GSPC,5624.509766,5627.029785,5560.950195,5592.180176,5592.180176,3053450000,Yahoo Finance via yfinance
2024-08-29,^GSPC,5607.299805,5646.950195,5583.709961,5591.959961,5591.959961,3065640000,Yahoo Finance via yfinance
2024-08-30,^GSPC,5612.740234,5651.370117,5581.790039,5648.399902,5648.399902,4185850000,Yahoo Finance via yfinance
2024-09-03,^GSPC,5623.890137,5623.890137,5504.330078,5528.930176,5528.930176,3866350000,Yahoo Finance via yfinance
2024-09-04,^GSPC,5506.680176,5552.990234,5503.660156,5520.069824,5520.069824,3478140000,Yahoo Finance via yfinance
2024-09-05,^GSPC,5520.080078,5546.299805,5480.540039,5503.410156,5503.410156,3521650000,Yahoo Finance via yfinance
2024-09-06,^GSPC,5507.330078,5522.470215,5402.620117,5408.419922,5408.419922,3822800000,Yahoo Finance via yfinance
2024-09-09,^GSPC,5442.069824,5484.200195,5434.490234,5471.049805,5471.049805,3825940000,Yahoo Finance via yfinance
2024-09-10,^GSPC,5490.509766,5497.910156,5441.720215,5495.520020,5495.520020,3848180000,Yahoo Finance via yfinance
2024-09-11,^GSPC,5496.419922,5560.410156,5406.959961,5554.129883,5554.129883,3839450000,Yahoo Finance via yfinance
2024-09-12,^GSPC,5557.479980,5600.709961,5535.500000,5595.759766,5595.759766,3655070000,Yahoo Finance via yfinance
2024-09-13,^GSPC,5603.339844,5636.270020,5601.649902,5626.020020,5626.020020,3500790000,Yahoo Finance via yfinance
2024-09-16,^GSPC,5615.209961,5636.049805,5604.529785,5633.089844,5633.089844,3437070000,Yahoo Finance via yfinance
2024-09-17,^GSPC,5655.509766,5670.810059,5614.049805,5634.580078,5634.580078,3443600000,Yahoo Finance via yfinance
2024-09-18,^GSPC,5641.680176,5689.750000,5615.080078,5618.259766,5618.259766,3691390000,Yahoo Finance via yfinance
2024-09-19,^GSPC,5702.629883,5733.569824,5686.419922,5713.640137,5713.640137,4024530000,Yahoo Finance via yfinance
2024-09-20,^GSPC,5709.640137,5715.140137,5674.490234,5702.549805,5702.549805,7867260000,Yahoo Finance via yfinance
2024-09-23,^GSPC,5711.899902,5725.359863,5704.220215,5718.569824,5718.569824,3529550000,Yahoo Finance via yfinance
2024-09-24,^GSPC,5727.660156,5735.319824,5698.990234,5732.930176,5732.930176,3872710000,Yahoo Finance via yfinance
2024-09-25,^GSPC,5733.649902,5741.029785,5712.060059,5722.259766,5722.259766,3624910000,Yahoo Finance via yfinance
2024-09-26,^GSPC,5762.220215,5767.370117,5721.009766,5745.370117,5745.370117,4391180000,Yahoo Finance via yfinance
2024-09-27,^GSPC,5755.359863,5763.779785,5727.339844,5738.169922,5738.169922,3898530000,Yahoo Finance via yfinance
2024-09-30,^GSPC,5726.520020,5765.140137,5703.529785,5762.479980,5762.479980,4425730000,Yahoo Finance via yfinance
2024-10-01,^GSPC,5757.729980,5757.729980,5681.279785,5708.750000,5708.750000,4025180000,Yahoo Finance via yfinance
2024-10-02,^GSPC,5698.140137,5719.629883,5674.000000,5709.540039,5709.540039,3829050000,Yahoo Finance via yfinance
2024-10-03,^GSPC,5698.189941,5718.779785,5677.370117,5699.939941,5699.939941,3597450000,Yahoo Finance via yfinance
2024-10-04,^GSPC,5737.479980,5753.209961,5702.830078,5751.069824,5751.069824,3479400000,Yahoo Finance via yfinance
2024-10-07,^GSPC,5737.799805,5739.339844,5686.850098,5695.939941,5695.939941,3637790000,Yahoo Finance via yfinance
2024-10-08,^GSPC,5719.140137,5757.600098,5714.560059,5751.129883,5751.129883,3393400000,Yahoo Finance via yfinance
2024-10-09,^GSPC,5751.799805,5796.799805,5745.020020,5792.040039,5792.040039,3650340000,Yahoo Finance via yfinance
2024-10-10,^GSPC,5778.359863,5795.029785,5764.759766,5780.049805,5780.049805,3208790000,Yahoo Finance via yfinance
2024-10-11,^GSPC,5775.089844,5822.129883,5775.089844,5815.029785,5815.029785,3208720000,Yahoo Finance via yfinance
2024-10-14,^GSPC,5829.810059,5871.410156,5829.569824,5859.850098,5859.850098,3005250000,Yahoo Finance via yfinance
2024-10-15,^GSPC,5866.740234,5870.359863,5804.479980,5815.259766,5815.259766,3882120000,Yahoo Finance via yfinance
2024-10-16,^GSPC,5816.580078,5846.520020,5808.339844,5842.470215,5842.470215,3467230000,Yahoo Finance via yfinance
2024-10-17,^GSPC,5875.620117,5878.459961,5840.250000,5841.470215,5841.470215,3480010000,Yahoo Finance via yfinance
2024-10-18,^GSPC,5859.430176,5872.169922,5846.109863,5864.669922,5864.669922,3374490000,Yahoo Finance via yfinance
2024-10-21,^GSPC,5857.819824,5866.919922,5824.790039,5853.979980,5853.979980,3407010000,Yahoo Finance via yfinance
2024-10-22,^GSPC,5832.700195,5863.040039,5821.169922,5851.200195,5851.200195,3342080000,Yahoo Finance via yfinance
2024-10-23,^GSPC,5834.500000,5834.850098,5762.410156,5797.419922,5797.419922,3532650000,Yahoo Finance via yfinance
2024-10-24,^GSPC,5817.799805,5817.799805,5784.919922,5809.859863,5809.859863,3543030000,Yahoo Finance via yfinance
2024-10-25,^GSPC,5826.750000,5862.819824,5799.979980,5808.120117,5808.120117,3501280000,Yahoo Finance via yfinance
2024-10-28,^GSPC,5833.930176,5842.919922,5823.080078,5823.520020,5823.520020,3691280000,Yahoo Finance via yfinance
2024-10-29,^GSPC,5819.680176,5847.189941,5802.169922,5832.919922,5832.919922,3879100000,Yahoo Finance via yfinance
2024-10-30,^GSPC,5832.649902,5850.939941,5811.279785,5813.669922,5813.669922,3851120000,Yahoo Finance via yfinance
2024-10-31,^GSPC,5775.339844,5775.339844,5702.859863,5705.450195,5705.450195,4425660000,Yahoo Finance via yfinance
2024-11-01,^GSPC,5723.220215,5772.520020,5723.220215,5728.799805,5728.799805,3796450000,Yahoo Finance via yfinance
2024-11-04,^GSPC,5725.149902,5741.430176,5696.509766,5712.689941,5712.689941,3602060000,Yahoo Finance via yfinance
2024-11-05,^GSPC,5722.430176,5783.439941,5722.100098,5782.759766,5782.759766,3768310000,Yahoo Finance via yfinance
2024-11-06,^GSPC,5864.890137,5936.140137,5864.890137,5929.040039,5929.040039,6329530000,Yahoo Finance via yfinance
2024-11-07,^GSPC,5947.209961,5983.839844,5947.209961,5973.100098,5973.100098,4925740000,Yahoo Finance via yfinance
2024-11-08,^GSPC,5976.759766,6012.450195,5976.759766,5995.540039,5995.540039,4666740000,Yahoo Finance via yfinance
2024-11-11,^GSPC,6008.859863,6017.310059,5986.689941,6001.350098,6001.350098,4333000000,Yahoo Finance via yfinance
2024-11-12,^GSPC,6003.600098,6009.919922,5960.080078,5983.990234,5983.990234,4243400000,Yahoo Finance via yfinance
2024-11-13,^GSPC,5985.750000,6008.189941,5965.910156,5985.379883,5985.379883,4220180000,Yahoo Finance via yfinance
2024-11-14,^GSPC,5989.680176,5993.879883,5942.279785,5949.169922,5949.169922,4184570000,Yahoo Finance via yfinance
2024-11-15,^GSPC,5912.790039,5915.319824,5853.009766,5870.620117,5870.620117,4590960000,Yahoo Finance via yfinance
2024-11-18,^GSPC,5874.169922,5908.120117,5865.950195,5893.620117,5893.620117,3983860000,Yahoo Finance via yfinance
2024-11-19,^GSPC,5870.049805,5923.509766,5855.290039,5916.979980,5916.979980,4036940000,Yahoo Finance via yfinance
2024-11-20,^GSPC,5914.339844,5920.669922,5860.560059,5917.109863,5917.109863,3772620000,Yahoo Finance via yfinance
2024-11-21,^GSPC,5940.580078,5963.319824,5887.259766,5948.709961,5948.709961,4230120000,Yahoo Finance via yfinance
2024-11-22,^GSPC,5944.359863,5972.899902,5944.359863,5969.339844,5969.339844,4141420000,Yahoo Finance via yfinance
2024-11-25,^GSPC,5992.279785,6020.750000,5963.910156,5987.370117,5987.370117,5633150000,Yahoo Finance via yfinance
2024-11-26,^GSPC,6000.029785,6025.419922,5992.270020,6021.629883,6021.629883,3835170000,Yahoo Finance via yfinance
2024-11-27,^GSPC,6014.109863,6020.160156,5984.870117,5998.740234,5998.740234,3363340000,Yahoo Finance via yfinance
2024-11-29,^GSPC,6003.979980,6044.169922,6003.979980,6032.379883,6032.379883,2444420000,Yahoo Finance via yfinance
2024-12-02,^GSPC,6040.109863,6053.580078,6035.330078,6047.149902,6047.149902,4412470000,Yahoo Finance via yfinance
2024-12-03,^GSPC,6042.970215,6052.069824,6033.390137,6049.879883,6049.879883,4095000000,Yahoo Finance via yfinance
2024-12-04,^GSPC,6069.390137,6089.839844,6061.060059,6086.490234,6086.490234,4003390000,Yahoo Finance via yfinance
2024-12-05,^GSPC,6089.029785,6094.549805,6072.899902,6075.109863,6075.109863,4212020000,Yahoo Finance via yfinance
2024-12-06,^GSPC,6081.379883,6099.970215,6079.979980,6090.270020,6090.270020,3924830000,Yahoo Finance via yfinance
2024-12-09,^GSPC,6083.009766,6088.509766,6048.629883,6052.850098,6052.850098,4556460000,Yahoo Finance via yfinance
2024-12-10,^GSPC,6057.589844,6065.399902,6029.890137,6034.910156,6034.910156,4048410000,Yahoo Finance via yfinance
2024-12-11,^GSPC,6060.149902,6092.589844,6060.149902,6084.189941,6084.189941,4269950000,Yahoo Finance via yfinance
2024-12-12,^GSPC,6074.290039,6079.680176,6051.250000,6051.250000,6051.250000,3678010000,Yahoo Finance via yfinance
2024-12-13,^GSPC,6068.169922,6078.580078,6035.770020,6051.089844,6051.089844,3584960000,Yahoo Finance via yfinance
2024-12-16,^GSPC,6063.790039,6085.189941,6059.140137,6074.080078,6074.080078,4391100000,Yahoo Finance via yfinance
2024-12-17,^GSPC,6052.549805,6057.680176,6035.189941,6050.609863,6050.609863,4544500000,Yahoo Finance via yfinance
2024-12-18,^GSPC,6047.649902,6070.669922,5867.790039,5872.160156,5872.160156,5246960000,Yahoo Finance via yfinance
2024-12-19,^GSPC,5912.709961,5935.520020,5866.069824,5867.080078,5867.080078,4896880000,Yahoo Finance via yfinance
2024-12-20,^GSPC,5842.000000,5982.060059,5832.299805,5930.850098,5930.850098,8223220000,Yahoo Finance via yfinance
2024-12-23,^GSPC,5940.250000,5978.250000,5902.569824,5974.069824,5974.069824,3593280000,Yahoo Finance via yfinance
2024-12-24,^GSPC,5984.629883,6040.100098,5981.439941,6040.040039,6040.040039,1757720000,Yahoo Finance via yfinance
2024-12-26,^GSPC,6024.970215,6049.750000,6007.370117,6037.589844,6037.589844,2904530000,Yahoo Finance via yfinance
2024-12-27,^GSPC,6006.169922,6006.169922,5932.950195,5970.839844,5970.839844,3159610000,Yahoo Finance via yfinance
2024-12-30,^GSPC,5920.669922,5940.790039,5869.160156,5906.939941,5906.939941,3433250000,Yahoo Finance via yfinance
2024-12-31,^GSPC,5919.740234,5929.740234,5868.859863,5881.629883,5881.629883,3128350000,Yahoo Finance via yfinance
2025-01-02,^GSPC,5903.259766,5935.089844,5829.529785,5868.549805,5868.549805,3621680000,Yahoo Finance via yfinance
2025-01-03,^GSPC,5891.069824,5949.339844,5888.660156,5942.470215,5942.470215,3667340000,Yahoo Finance via yfinance
2025-01-06,^GSPC,5982.810059,6021.040039,5960.009766,5975.379883,5975.379883,4940120000,Yahoo Finance via yfinance
2025-01-07,^GSPC,5993.259766,6000.680176,5890.680176,5909.029785,5909.029785,4517330000,Yahoo Finance via yfinance
2025-01-08,^GSPC,5910.660156,5927.890137,5874.779785,5918.250000,5918.250000,4441740000,Yahoo Finance via yfinance
2025-01-10,^GSPC,5890.350098,5890.350098,5807.779785,5827.040039,5827.040039,4751930000,Yahoo Finance via yfinance
2025-01-13,^GSPC,5782.020020,5838.609863,5773.310059,5836.220215,5836.220215,4421200000,Yahoo Finance via yfinance
2025-01-14,^GSPC,5859.270020,5871.919922,5805.419922,5842.910156,5842.910156,4142280000,Yahoo Finance via yfinance
2025-01-15,^GSPC,5905.209961,5960.609863,5905.209961,5949.910156,5949.910156,4544570000,Yahoo Finance via yfinance
2025-01-16,^GSPC,5963.609863,5964.689941,5930.720215,5937.339844,5937.339844,4285810000,Yahoo Finance via yfinance
2025-01-17,^GSPC,5995.399902,6014.959961,5978.439941,5996.660156,5996.660156,4366830000,Yahoo Finance via yfinance
2025-01-21,^GSPC,6014.120117,6051.509766,6006.879883,6049.240234,6049.240234,4702920000,Yahoo Finance via yfinance
2025-01-22,^GSPC,6081.390137,6100.810059,6076.129883,6086.370117,6086.370117,4323040000,Yahoo Finance via yfinance
2025-01-23,^GSPC,6076.319824,6118.729980,6074.669922,6118.709961,6118.709961,4432250000,Yahoo Finance via yfinance
2025-01-24,^GSPC,6121.430176,6128.180176,6088.740234,6101.240234,6101.240234,4214250000,Yahoo Finance via yfinance
2025-01-27,^GSPC,5969.040039,6017.169922,5962.919922,6012.279785,6012.279785,5198750000,Yahoo Finance via yfinance
2025-01-28,^GSPC,6026.970215,6074.540039,5994.629883,6067.700195,6067.700195,4473640000,Yahoo Finance via yfinance
2025-01-29,^GSPC,6057.700195,6062.830078,6012.959961,6039.310059,6039.310059,4115310000,Yahoo Finance via yfinance
2025-01-30,^GSPC,6050.750000,6086.640137,6027.459961,6071.169922,6071.169922,4634620000,Yahoo Finance via yfinance
2025-01-31,^GSPC,6096.790039,6120.910156,6030.930176,6040.529785,6040.529785,4843770000,Yahoo Finance via yfinance
2025-02-03,^GSPC,5969.649902,6022.129883,5923.930176,5994.569824,5994.569824,4797210000,Yahoo Finance via yfinance
2025-02-04,^GSPC,5998.140137,6042.479980,5990.870117,6037.879883,6037.879883,4410160000,Yahoo Finance via yfinance
2025-02-05,^GSPC,6020.450195,6062.859863,6007.060059,6061.479980,6061.479980,4756250000,Yahoo Finance via yfinance
2025-02-06,^GSPC,6072.220215,6084.029785,6046.830078,6083.569824,6083.569824,4847120000,Yahoo Finance via yfinance
2025-02-07,^GSPC,6083.129883,6101.279785,6019.959961,6025.990234,6025.990234,4766900000,Yahoo Finance via yfinance
2025-02-10,^GSPC,6046.399902,6073.379883,6044.839844,6066.439941,6066.439941,4458760000,Yahoo Finance via yfinance
2025-02-11,^GSPC,6049.319824,6076.279785,6042.339844,6068.500000,6068.500000,4324880000,Yahoo Finance via yfinance
2025-02-12,^GSPC,6025.080078,6063.000000,6003.000000,6051.970215,6051.970215,4627960000,Yahoo Finance via yfinance
2025-02-13,^GSPC,6060.589844,6116.910156,6050.950195,6115.069824,6115.069824,4763800000,Yahoo Finance via yfinance
2025-02-14,^GSPC,6115.520020,6127.470215,6107.620117,6114.629883,6114.629883,4335190000,Yahoo Finance via yfinance
2025-02-18,^GSPC,6121.600098,6129.629883,6099.509766,6129.580078,6129.580078,4684980000,Yahoo Finance via yfinance
2025-02-19,^GSPC,6117.759766,6147.430176,6111.149902,6144.149902,6144.149902,4562330000,Yahoo Finance via yfinance
2025-02-20,^GSPC,6134.500000,6134.500000,6084.589844,6117.520020,6117.520020,4813690000,Yahoo Finance via yfinance
2025-02-21,^GSPC,6114.100098,6114.819824,6008.560059,6013.129883,6013.129883,5434560000,Yahoo Finance via yfinance
2025-02-24,^GSPC,6026.689941,6043.649902,5977.830078,5983.250000,5983.250000,4990120000,Yahoo Finance via yfinance
2025-02-25,^GSPC,5982.729980,5992.649902,5908.490234,5955.250000,5955.250000,5374690000,Yahoo Finance via yfinance
2025-02-26,^GSPC,5970.870117,6009.819824,5932.689941,5956.060059,5956.060059,4869580000,Yahoo Finance via yfinance
2025-02-27,^GSPC,5981.879883,5993.689941,5858.779785,5861.569824,5861.569824,5057680000,Yahoo Finance via yfinance
2025-02-28,^GSPC,5856.740234,5959.399902,5837.660156,5954.500000,5954.500000,6441140000,Yahoo Finance via yfinance
2025-03-03,^GSPC,5968.330078,5986.089844,5810.910156,5849.720215,5849.720215,5613850000,Yahoo Finance via yfinance
2025-03-04,^GSPC,5811.979980,5865.080078,5732.589844,5778.149902,5778.149902,6138110000,Yahoo Finance via yfinance
2025-03-05,^GSPC,5781.359863,5860.589844,5742.350098,5842.629883,5842.629883,5285970000,Yahoo Finance via yfinance
2025-03-06,^GSPC,5785.870117,5812.080078,5711.640137,5738.520020,5738.520020,5165080000,Yahoo Finance via yfinance
2025-03-07,^GSPC,5726.009766,5783.009766,5666.290039,5770.200195,5770.200195,5705140000,Yahoo Finance via yfinance
2025-03-10,^GSPC,5705.370117,5705.370117,5564.020020,5614.560059,5614.560059,6409370000,Yahoo Finance via yfinance
2025-03-11,^GSPC,5603.649902,5636.299805,5528.410156,5572.069824,5572.069824,6221240000,Yahoo Finance via yfinance
2025-03-12,^GSPC,5624.839844,5642.189941,5546.089844,5599.299805,5599.299805,5219830000,Yahoo Finance via yfinance
2025-03-13,^GSPC,5594.450195,5597.779785,5504.649902,5521.520020,5521.520020,5018980000,Yahoo Finance via yfinance
2025-03-14,^GSPC,5563.850098,5645.270020,5563.850098,5638.939941,5638.939941,4863180000,Yahoo Finance via yfinance
2025-03-17,^GSPC,5635.600098,5703.520020,5631.120117,5675.120117,5675.120117,5031770000,Yahoo Finance via yfinance
2025-03-18,^GSPC,5654.529785,5654.529785,5597.759766,5614.660156,5614.660156,4666270000,Yahoo Finance via yfinance
2025-03-19,^GSPC,5632.370117,5715.330078,5622.200195,5675.290039,5675.290039,4660090000,Yahoo Finance via yfinance
2025-03-20,^GSPC,5646.919922,5711.149902,5632.330078,5662.890137,5662.890137,4678420000,Yahoo Finance via yfinance
2025-03-21,^GSPC,5630.729980,5670.839844,5603.100098,5667.560059,5667.560059,9367460000,Yahoo Finance via yfinance
2025-03-24,^GSPC,5718.080078,5775.140137,5718.080078,5767.569824,5767.569824,4517990000,Yahoo Finance via yfinance
2025-03-25,^GSPC,5775.959961,5786.950195,5760.419922,5776.649902,5776.649902,4467340000,Yahoo Finance via yfinance
2025-03-26,^GSPC,5771.660156,5783.620117,5694.410156,5712.200195,5712.200195,4183140000,Yahoo Finance via yfinance
2025-03-27,^GSPC,5695.640137,5732.279785,5670.939941,5693.310059,5693.310059,4403460000,Yahoo Finance via yfinance
2025-03-28,^GSPC,5679.200195,5685.890137,5572.419922,5580.939941,5580.939941,4513330000,Yahoo Finance via yfinance
2025-03-31,^GSPC,5527.910156,5627.560059,5488.729980,5611.850098,5611.850098,5257250000,Yahoo Finance via yfinance
2025-04-01,^GSPC,5597.529785,5650.569824,5558.520020,5633.069824,5633.069824,4434500000,Yahoo Finance via yfinance
2025-04-02,^GSPC,5580.759766,5695.310059,5571.479980,5670.970215,5670.970215,4243830000,Yahoo Finance via yfinance
2025-04-03,^GSPC,5492.740234,5499.529785,5390.830078,5396.520020,5396.520020,7210470000,Yahoo Finance via yfinance
2025-04-04,^GSPC,5292.140137,5292.140137,5069.899902,5074.080078,5074.080078,8853500000,Yahoo Finance via yfinance
2025-04-07,^GSPC,4953.790039,5246.569824,4835.040039,5062.250000,5062.250000,8691980000,Yahoo Finance via yfinance
2025-04-08,^GSPC,5193.569824,5267.470215,4910.419922,4982.770020,4982.770020,7408140000,Yahoo Finance via yfinance
2025-04-09,^GSPC,4965.279785,5481.339844,4948.430176,5456.899902,5456.899902,9489600000,Yahoo Finance via yfinance
2025-04-10,^GSPC,5353.149902,5353.149902,5115.270020,5268.049805,5268.049805,6677140000,Yahoo Finance via yfinance
2025-04-11,^GSPC,5255.560059,5381.459961,5220.770020,5363.359863,5363.359863,5602550000,Yahoo Finance via yfinance
2025-04-14,^GSPC,5441.959961,5459.459961,5358.020020,5405.970215,5405.970215,5031440000,Yahoo Finance via yfinance
2025-04-15,^GSPC,5411.990234,5450.410156,5386.439941,5396.629883,5396.629883,4317110000,Yahoo Finance via yfinance
2025-04-16,^GSPC,5335.750000,5367.240234,5220.790039,5275.700195,5275.700195,4607750000,Yahoo Finance via yfinance
2025-04-17,^GSPC,5305.450195,5328.310059,5255.580078,5282.700195,5282.700195,4714880000,Yahoo Finance via yfinance
2025-04-21,^GSPC,5232.939941,5232.939941,5101.629883,5158.200195,5158.200195,4226340000,Yahoo Finance via yfinance
2025-04-22,^GSPC,5207.669922,5309.609863,5207.669922,5287.759766,5287.759766,4666950000,Yahoo Finance via yfinance
2025-04-23,^GSPC,5395.919922,5469.689941,5356.169922,5375.859863,5375.859863,5371390000,Yahoo Finance via yfinance
2025-04-24,^GSPC,5381.379883,5489.399902,5371.959961,5484.770020,5484.770020,4697710000,Yahoo Finance via yfinance
2025-04-25,^GSPC,5489.729980,5528.109863,5455.859863,5525.209961,5525.209961,4236580000,Yahoo Finance via yfinance
2025-04-28,^GSPC,5529.220215,5553.660156,5468.640137,5528.750000,5528.750000,4257880000,Yahoo Finance via yfinance
2025-04-29,^GSPC,5508.870117,5571.950195,5505.700195,5560.830078,5560.830078,4747150000,Yahoo Finance via yfinance
2025-04-30,^GSPC,5499.439941,5581.839844,5433.240234,5569.060059,5569.060059,5449490000,Yahoo Finance via yfinance
2025-05-01,^GSPC,5625.140137,5658.910156,5597.350098,5604.140137,5604.140137,4935270000,Yahoo Finance via yfinance
2025-05-02,^GSPC,5645.879883,5700.700195,5642.279785,5686.669922,5686.669922,4854380000,Yahoo Finance via yfinance
2025-05-05,^GSPC,5655.319824,5683.379883,5634.479980,5650.379883,5650.379883,4358260000,Yahoo Finance via yfinance
2025-05-06,^GSPC,5605.870117,5649.580078,5586.040039,5606.910156,5606.910156,4717260000,Yahoo Finance via yfinance
2025-05-07,^GSPC,5614.180176,5654.729980,5578.640137,5631.279785,5631.279785,4987440000,Yahoo Finance via yfinance
2025-05-08,^GSPC,5663.600098,5720.100098,5635.379883,5663.939941,5663.939941,5627400000,Yahoo Finance via yfinance
2025-05-09,^GSPC,5679.649902,5691.689941,5644.149902,5659.910156,5659.910156,4645090000,Yahoo Finance via yfinance
2025-05-12,^GSPC,5807.200195,5845.370117,5786.080078,5844.189941,5844.189941,6014580000,Yahoo Finance via yfinance
2025-05-13,^GSPC,5854.149902,5906.640137,5845.020020,5886.549805,5886.549805,5516290000,Yahoo Finance via yfinance
2025-05-14,^GSPC,5896.740234,5906.549805,5872.109863,5892.580078,5892.580078,5233450000,Yahoo Finance via yfinance
2025-05-15,^GSPC,5869.819824,5924.209961,5865.160156,5916.930176,5916.930176,4991290000,Yahoo Finance via yfinance
2025-05-16,^GSPC,5929.089844,5958.620117,5907.359863,5958.379883,5958.379883,4850850000,Yahoo Finance via yfinance
2025-05-19,^GSPC,5902.879883,5968.609863,5895.689941,5963.600098,5963.600098,4144010000,Yahoo Finance via yfinance
2025-05-20,^GSPC,5944.660156,5953.060059,5909.259766,5940.459961,5940.459961,4416850000,Yahoo Finance via yfinance
2025-05-21,^GSPC,5910.180176,5938.370117,5830.910156,5844.609863,5844.609863,5254250000,Yahoo Finance via yfinance
2025-05-22,^GSPC,5841.259766,5878.080078,5825.819824,5842.009766,5842.009766,5157050000,Yahoo Finance via yfinance
2025-05-23,^GSPC,5781.890137,5829.509766,5767.410156,5802.819824,5802.819824,4662820000,Yahoo Finance via yfinance
2025-05-27,^GSPC,5854.069824,5924.330078,5854.069824,5921.540039,5921.540039,5366380000,Yahoo Finance via yfinance
2025-05-28,^GSPC,5925.540039,5939.919922,5881.879883,5888.549805,5888.549805,4665050000,Yahoo Finance via yfinance
2025-05-29,^GSPC,5939.959961,5943.129883,5873.799805,5912.169922,5912.169922,4569750000,Yahoo Finance via yfinance
2025-05-30,^GSPC,5903.669922,5922.140137,5843.660156,5911.689941,5911.689941,6378540000,Yahoo Finance via yfinance
2025-06-02,^GSPC,5896.680176,5937.399902,5861.430176,5935.939941,5935.939941,4832240000,Yahoo Finance via yfinance
2025-06-03,^GSPC,5938.560059,5981.350098,5929.000000,5970.370117,5970.370117,5026680000,Yahoo Finance via yfinance
2025-06-04,^GSPC,5978.939941,5990.479980,5966.109863,5970.810059,5970.810059,4767050000,Yahoo Finance via yfinance
2025-06-05,^GSPC,5985.669922,5999.700195,5921.200195,5939.299805,5939.299805,5091850000,Yahoo Finance via yfinance
2025-06-06,^GSPC,5987.060059,6016.870117,5978.629883,6000.359863,6000.359863,4355710000,Yahoo Finance via yfinance
2025-06-09,^GSPC,6004.629883,6021.310059,5994.180176,6005.879883,6005.879883,4642360000,Yahoo Finance via yfinance
2025-06-10,^GSPC,6009.910156,6043.009766,6000.279785,6038.810059,6038.810059,4882880000,Yahoo Finance via yfinance
2025-06-11,^GSPC,6049.379883,6059.399902,6002.319824,6022.240234,6022.240234,5111550000,Yahoo Finance via yfinance
2025-06-12,^GSPC,6009.899902,6045.430176,6003.879883,6045.259766,6045.259766,4669500000,Yahoo Finance via yfinance
2025-06-13,^GSPC,6000.560059,6026.160156,5963.209961,5976.970215,5976.970215,5258910000,Yahoo Finance via yfinance
2025-06-16,^GSPC,6004.000000,6050.830078,6004.000000,6033.109863,6033.109863,5111710000,Yahoo Finance via yfinance
2025-06-17,^GSPC,6012.149902,6023.250000,5974.799805,5982.720215,5982.720215,4955700000,Yahoo Finance via yfinance
2025-06-18,^GSPC,5987.930176,6018.250000,5971.890137,5980.870117,5980.870117,5106470000,Yahoo Finance via yfinance
2025-06-20,^GSPC,5999.669922,6018.200195,5952.560059,5967.839844,5967.839844,7451500000,Yahoo Finance via yfinance
2025-06-23,^GSPC,5969.669922,6028.770020,5943.229980,6025.169922,6025.169922,5597000000,Yahoo Finance via yfinance
2025-06-24,^GSPC,6061.209961,6101.759766,6059.250000,6092.180176,6092.180176,5443690000,Yahoo Finance via yfinance
2025-06-25,^GSPC,6104.229980,6108.509766,6080.089844,6092.160156,6092.160156,5171110000,Yahoo Finance via yfinance
2025-06-26,^GSPC,6112.089844,6146.520020,6107.270020,6141.020020,6141.020020,5308140000,Yahoo Finance via yfinance
2025-06-27,^GSPC,6150.700195,6187.680176,6132.350098,6173.069824,6173.069824,7889350000,Yahoo Finance via yfinance
2025-06-30,^GSPC,6193.359863,6215.080078,6174.970215,6204.950195,6204.950195,5782900000,Yahoo Finance via yfinance
2025-07-01,^GSPC,6187.250000,6210.779785,6177.970215,6198.009766,6198.009766,6275310000,Yahoo Finance via yfinance
2025-07-02,^GSPC,6193.879883,6227.600098,6188.290039,6227.419922,6227.419922,5645710000,Yahoo Finance via yfinance
2025-07-03,^GSPC,6246.459961,6284.649902,6246.459961,6279.350098,6279.350098,3378110000,Yahoo Finance via yfinance
2025-07-07,^GSPC,6259.040039,6262.069824,6201.000000,6229.979980,6229.979980,5236740000,Yahoo Finance via yfinance
2025-07-08,^GSPC,6234.029785,6242.700195,6217.750000,6225.520020,6225.520020,5739030000,Yahoo Finance via yfinance
2025-07-09,^GSPC,6243.330078,6269.160156,6231.430176,6263.259766,6263.259766,4813340000,Yahoo Finance via yfinance
2025-07-10,^GSPC,6266.799805,6290.220215,6251.439941,6280.459961,6280.459961,5367350000,Yahoo Finance via yfinance
2025-07-11,^GSPC,6255.680176,6269.439941,6237.600098,6259.750000,6259.750000,4656210000,Yahoo Finance via yfinance
2025-07-14,^GSPC,6255.149902,6273.310059,6239.220215,6268.560059,6268.560059,4722250000,Yahoo Finance via yfinance
2025-07-15,^GSPC,6295.290039,6302.040039,6241.680176,6243.759766,6243.759766,5133670000,Yahoo Finance via yfinance
2025-07-16,^GSPC,6254.500000,6268.120117,6201.589844,6263.700195,6263.700195,5177460000,Yahoo Finance via yfinance
2025-07-17,^GSPC,6263.399902,6304.689941,6262.270020,6297.359863,6297.359863,5512290000,Yahoo Finance via yfinance
2025-07-18,^GSPC,6312.950195,6315.609863,6285.270020,6296.790039,6296.790039,5184700000,Yahoo Finance via yfinance
2025-07-21,^GSPC,6304.740234,6336.080078,6303.790039,6305.600098,6305.600098,5010840000,Yahoo Finance via yfinance
2025-07-22,^GSPC,6306.600098,6316.120117,6281.709961,6309.620117,6309.620117,5662040000,Yahoo Finance via yfinance
2025-07-23,^GSPC,6326.899902,6360.640137,6317.490234,6358.910156,6358.910156,5642510000,Yahoo Finance via yfinance
2025-07-24,^GSPC,6368.600098,6381.310059,6360.569824,6363.350098,6363.350098,5282720000,Yahoo Finance via yfinance
2025-07-25,^GSPC,6370.009766,6395.819824,6368.529785,6388.640137,6388.640137,4470720000,Yahoo Finance via yfinance
2025-07-28,^GSPC,6397.689941,6401.069824,6375.790039,6389.770020,6389.770020,4565620000,Yahoo Finance via yfinance
2025-07-29,^GSPC,6405.620117,6409.259766,6363.919922,6370.859863,6370.859863,5076120000,Yahoo Finance via yfinance
2025-07-30,^GSPC,6381.229980,6396.540039,6336.379883,6362.899902,6362.899902,5375070000,Yahoo Finance via yfinance
2025-07-31,^GSPC,6427.020020,6427.020020,6327.640137,6339.390137,6339.390137,6077080000,Yahoo Finance via yfinance
2025-08-01,^GSPC,6287.279785,6287.279785,6212.689941,6238.009766,6238.009766,5827150000,Yahoo Finance via yfinance
2025-08-04,^GSPC,6271.709961,6330.689941,6271.709961,6329.939941,6329.939941,4842580000,Yahoo Finance via yfinance
2025-08-05,^GSPC,6336.629883,6346.000000,6289.370117,6299.189941,6299.189941,5517410000,Yahoo Finance via yfinance
2025-08-06,^GSPC,6309.299805,6352.830078,6301.109863,6345.060059,6345.060059,5408560000,Yahoo Finance via yfinance
2025-08-07,^GSPC,6374.319824,6389.709961,6310.319824,6340.000000,6340.000000,5306090000,Yahoo Finance via yfinance
2025-08-08,^GSPC,6355.220215,6395.160156,6355.220215,6389.450195,6389.450195,4769910000,Yahoo Finance via yfinance
2025-08-11,^GSPC,6389.669922,6407.250000,6364.060059,6373.450195,6373.450195,4652400000,Yahoo Finance via yfinance
2025-08-12,^GSPC,6395.169922,6446.549805,6385.759766,6445.759766,6445.759766,5135300000,Yahoo Finance via yfinance
2025-08-13,^GSPC,6462.669922,6480.279785,6445.020020,6466.580078,6466.580078,5195950000,Yahoo Finance via yfinance
2025-08-14,^GSPC,6453.459961,6473.919922,6441.069824,6468.540039,6468.540039,4462050000,Yahoo Finance via yfinance
2025-08-15,^GSPC,6477.379883,6481.339844,6441.850098,6449.799805,6449.799805,4575060000,Yahoo Finance via yfinance
2025-08-18,^GSPC,6445.020020,6455.350098,6437.700195,6449.149902,6449.149902,4162290000,Yahoo Finance via yfinance
2025-08-19,^GSPC,6446.240234,6456.479980,6400.220215,6411.370117,6411.370117,4377440000,Yahoo Finance via yfinance
2025-08-20,^GSPC,6406.620117,6408.399902,6343.859863,6395.779785,6395.779785,4470390000,Yahoo Finance via yfinance
2025-08-21,^GSPC,6380.830078,6393.649902,6352.709961,6370.169922,6370.169922,4013560000,Yahoo Finance via yfinance
2025-08-22,^GSPC,6384.589844,6478.890137,6384.589844,6466.910156,6466.910156,5046860000,Yahoo Finance via yfinance
2025-08-25,^GSPC,6457.669922,6466.890137,6438.060059,6439.319824,6439.319824,4059070000,Yahoo Finance via yfinance
2025-08-26,^GSPC,6435.490234,6468.370117,6429.209961,6465.939941,6465.939941,4867680000,Yahoo Finance via yfinance
2025-08-27,^GSPC,6462.259766,6487.060059,6457.839844,6481.399902,6481.399902,4143680000,Yahoo Finance via yfinance
2025-08-28,^GSPC,6483.839844,6508.229980,6466.959961,6501.859863,6501.859863,4283760000,Yahoo Finance via yfinance
2025-08-29,^GSPC,6489.279785,6491.759766,6444.569824,6460.259766,6460.259766,4234840000,Yahoo Finance via yfinance
2025-09-02,^GSPC,6401.509766,6416.540039,6360.580078,6415.540039,6415.540039,4784000000,Yahoo Finance via yfinance
2025-09-03,^GSPC,6445.819824,6453.669922,6416.169922,6448.259766,6448.259766,4465360000,Yahoo Finance via yfinance
2025-09-04,^GSPC,6456.600098,6502.540039,6445.979980,6502.080078,6502.080078,4670770000,Yahoo Finance via yfinance
2025-09-05,^GSPC,6529.080078,6532.649902,6443.979980,6481.500000,6481.500000,5066120000,Yahoo Finance via yfinance
2025-09-08,^GSPC,6498.089844,6508.669922,6483.290039,6495.149902,6495.149902,5211500000,Yahoo Finance via yfinance
2025-09-09,^GSPC,6503.330078,6518.229980,6483.080078,6512.609863,6512.609863,4798350000,Yahoo Finance via yfinance
2025-09-10,^GSPC,6550.290039,6555.970215,6516.339844,6532.040039,6532.040039,5253010000,Yahoo Finance via yfinance
2025-09-11,^GSPC,6554.410156,6592.890137,6545.799805,6587.470215,6587.470215,5426460000,Yahoo Finance via yfinance
2025-09-12,^GSPC,6590.660156,6600.209961,6579.490234,6584.290039,6584.290039,4641640000,Yahoo Finance via yfinance
2025-09-15,^GSPC,6603.490234,6619.620117,6602.069824,6615.279785,6615.279785,5045020000,Yahoo Finance via yfinance
2025-09-16,^GSPC,6624.129883,6626.990234,6600.109863,6606.759766,6606.759766,5359510000,Yahoo Finance via yfinance
2025-09-17,^GSPC,6604.870117,6624.390137,6551.149902,6600.350098,6600.350098,5805340000,Yahoo Finance via yfinance
2025-09-18,^GSPC,6626.850098,6656.799805,6611.890137,6631.959961,6631.959961,5292400000,Yahoo Finance via yfinance
2025-09-19,^GSPC,6647.109863,6671.819824,6630.310059,6664.359863,6664.359863,9125960000,Yahoo Finance via yfinance
2025-09-22,^GSPC,6654.279785,6698.879883,6648.069824,6693.750000,6693.750000,5642620000,Yahoo Finance via yfinance
2025-09-23,^GSPC,6692.439941,6699.520020,6645.580078,6656.919922,6656.919922,5633620000,Yahoo Finance via yfinance
2025-09-24,^GSPC,6669.790039,6672.660156,6621.759766,6637.970215,6637.970215,5459180000,Yahoo Finance via yfinance
2025-09-25,^GSPC,6608.189941,6619.000000,6569.220215,6604.720215,6604.720215,5874670000,Yahoo Finance via yfinance
2025-09-26,^GSPC,6615.379883,6648.970215,6604.430176,6643.700195,6643.700195,5103110000,Yahoo Finance via yfinance
2025-09-29,^GSPC,6661.580078,6677.310059,6644.490234,6661.209961,6661.209961,5358760000,Yahoo Finance via yfinance
2025-09-30,^GSPC,6656.189941,6691.250000,6641.000000,6688.459961,6688.459961,6057210000,Yahoo Finance via yfinance
2025-10-01,^GSPC,6664.919922,6718.479980,6656.200195,6711.200195,6711.200195,6037950000,Yahoo Finance via yfinance
2025-10-02,^GSPC,6731.310059,6731.939941,6693.229980,6715.350098,6715.350098,5416130000,Yahoo Finance via yfinance
2025-10-03,^GSPC,6722.140137,6750.870117,6705.669922,6715.790039,6715.790039,5713110000,Yahoo Finance via yfinance
2025-10-06,^GSPC,6733.859863,6749.520020,6717.779785,6740.279785,6740.279785,5604460000,Yahoo Finance via yfinance
2025-10-07,^GSPC,6746.140137,6754.490234,6699.959961,6714.589844,6714.589844,5546150000,Yahoo Finance via yfinance
2025-10-08,^GSPC,6723.870117,6755.640137,6718.089844,6753.720215,6753.720215,5383130000,Yahoo Finance via yfinance
2025-10-09,^GSPC,6760.500000,6764.580078,6716.169922,6735.109863,6735.109863,5385020000,Yahoo Finance via yfinance
2025-10-10,^GSPC,6740.490234,6762.399902,6550.779785,6552.509766,6552.509766,6596610000,Yahoo Finance via yfinance
2025-10-13,^GSPC,6622.529785,6668.680176,6620.709961,6654.720215,6654.720215,5303960000,Yahoo Finance via yfinance
2025-10-14,^GSPC,6602.490234,6680.700195,6555.069824,6644.310059,6644.310059,5666920000,Yahoo Finance via yfinance
2025-10-15,^GSPC,6688.270020,6724.120117,6612.109863,6671.060059,6671.060059,5633060000,Yahoo Finance via yfinance
2025-10-16,^GSPC,6689.020020,6709.339844,6593.990234,6629.069824,6629.069824,6048180000,Yahoo Finance via yfinance
2025-10-17,^GSPC,6613.270020,6678.879883,6603.759766,6664.009766,6664.009766,5358120000,Yahoo Finance via yfinance
2025-10-20,^GSPC,6690.049805,6744.350098,6690.049805,6735.129883,6735.129883,4672170000,Yahoo Finance via yfinance
2025-10-21,^GSPC,6736.750000,6752.160156,6722.029785,6735.350098,6735.350098,5245020000,Yahoo Finance via yfinance
2025-10-22,^GSPC,6741.339844,6741.750000,6655.689941,6699.399902,6699.399902,5710010000,Yahoo Finance via yfinance
2025-10-23,^GSPC,6703.649902,6749.529785,6700.140137,6738.439941,6738.439941,5565750000,Yahoo Finance via yfinance
2025-10-24,^GSPC,6772.069824,6807.109863,6772.069824,6791.689941,6791.689941,5058220000,Yahoo Finance via yfinance
2025-10-27,^GSPC,6845.459961,6877.279785,6843.939941,6875.160156,6875.160156,5290650000,Yahoo Finance via yfinance
2025-10-28,^GSPC,6897.740234,6911.299805,6870.729980,6890.890137,6890.890137,5695930000,Yahoo Finance via yfinance
2025-10-29,^GSPC,6910.950195,6920.339844,6851.910156,6890.589844,6890.589844,6280130000,Yahoo Finance via yfinance
2025-10-30,^GSPC,6860.500000,6880.750000,6820.689941,6822.339844,6822.339844,6052700000,Yahoo Finance via yfinance
2025-10-31,^GSPC,6879.169922,6879.169922,6814.259766,6840.200195,6840.200195,6398280000,Yahoo Finance via yfinance
2025-11-03,^GSPC,6882.319824,6882.319824,6820.620117,6851.970215,6851.970215,6065720000,Yahoo Finance via yfinance
2025-11-04,^GSPC,6788.520020,6820.209961,6766.709961,6771.549805,6771.549805,5739510000,Yahoo Finance via yfinance
2025-11-05,^GSPC,6769.770020,6829.779785,6763.109863,6796.290039,6796.290039,5939600000,Yahoo Finance via yfinance
2025-11-06,^GSPC,6787.589844,6796.680176,6707.509766,6720.319824,6720.319824,6051900000,Yahoo Finance via yfinance
2025-11-07,^GSPC,6696.180176,6730.109863,6631.439941,6728.799805,6728.799805,5926070000,Yahoo Finance via yfinance
2025-11-10,^GSPC,6785.359863,6841.319824,6770.560059,6832.430176,6832.430176,5366050000,Yahoo Finance via yfinance
2025-11-11,^GSPC,6815.640137,6855.129883,6806.870117,6846.609863,6846.609863,4983490000,Yahoo Finance via yfinance
2025-11-12,^GSPC,6867.770020,6869.910156,6829.620117,6850.919922,6850.919922,5293610000,Yahoo Finance via yfinance
2025-11-13,^GSPC,6826.470215,6828.049805,6724.720215,6737.490234,6737.490234,5473720000,Yahoo Finance via yfinance
2025-11-14,^GSPC,6672.140137,6774.310059,6646.870117,6734.109863,6734.109863,5042660000,Yahoo Finance via yfinance
2025-11-17,^GSPC,6713.609863,6754.500000,6638.899902,6672.410156,6672.410156,5204220000,Yahoo Finance via yfinance
2025-11-18,^GSPC,6641.189941,6666.629883,6574.319824,6617.319824,6617.319824,5159390000,Yahoo Finance via yfinance
2025-11-19,^GSPC,6625.839844,6689.750000,6603.500000,6642.160156,6642.160156,5021610000,Yahoo Finance via yfinance
2025-11-20,^GSPC,6737.930176,6770.350098,6534.049805,6538.759766,6538.759766,5596080000,Yahoo Finance via yfinance
2025-11-21,^GSPC,6555.770020,6660.049805,6521.919922,6602.990234,6602.990234,5929930000,Yahoo Finance via yfinance
2025-11-24,^GSPC,6636.540039,6715.750000,6630.700195,6705.120117,6705.120117,6039740000,Yahoo Finance via yfinance
2025-11-25,^GSPC,6697.029785,6776.399902,6659.979980,6765.879883,6765.879883,5003330000,Yahoo Finance via yfinance
2025-11-26,^GSPC,6793.549805,6831.439941,6783.870117,6812.609863,6812.609863,4485000000,Yahoo Finance via yfinance
2025-11-28,^GSPC,6822.520020,6850.859863,6819.750000,6849.089844,6849.089844,2558540000,Yahoo Finance via yfinance
2025-12-01,^GSPC,6812.299805,6843.649902,6799.939941,6812.629883,6812.629883,4549370000,Yahoo Finance via yfinance
2025-12-02,^GSPC,6830.959961,6851.549805,6806.709961,6829.370117,6829.370117,4582290000,Yahoo Finance via yfinance
2025-12-03,^GSPC,6815.290039,6862.419922,6810.430176,6849.720215,6849.720215,4736780000,Yahoo Finance via yfinance
2025-12-04,^GSPC,6866.470215,6866.470215,6827.120117,6857.120117,6857.120117,4872440000,Yahoo Finance via yfinance
2025-12-05,^GSPC,6866.319824,6895.779785,6858.290039,6870.399902,6870.399902,4944560000,Yahoo Finance via yfinance
2025-12-08,^GSPC,6875.200195,6878.270020,6827.189941,6846.509766,6846.509766,4757130000,Yahoo Finance via yfinance
2025-12-09,^GSPC,6840.609863,6864.919922,6837.430176,6840.509766,6840.509766,4508050000,Yahoo Finance via yfinance
2025-12-10,^GSPC,6833.490234,6900.669922,6824.689941,6886.680176,6886.680176,5526570000,Yahoo Finance via yfinance
2025-12-11,^GSPC,6861.299805,6903.459961,6833.450195,6901.000000,6901.000000,5021060000,Yahoo Finance via yfinance
2025-12-12,^GSPC,6886.850098,6899.850098,6801.790039,6827.410156,6827.410156,4910160000,Yahoo Finance via yfinance
2025-12-15,^GSPC,6860.189941,6861.589844,6801.490234,6816.509766,6816.509766,4975600000,Yahoo Finance via yfinance
2025-12-16,^GSPC,6800.120117,6819.270020,6759.740234,6800.259766,6800.259766,4983180000,Yahoo Finance via yfinance
2025-12-17,^GSPC,6802.879883,6812.259766,6720.430176,6721.430176,6721.430176,5122120000,Yahoo Finance via yfinance
2025-12-18,^GSPC,6778.060059,6816.129883,6758.500000,6774.759766,6774.759766,5101190000,Yahoo Finance via yfinance
2025-12-19,^GSPC,6792.620117,6840.020020,6792.620117,6834.500000,6834.500000,8554470000,Yahoo Finance via yfinance
2025-12-22,^GSPC,6865.209961,6882.029785,6855.740234,6878.490234,6878.490234,4465030000,Yahoo Finance via yfinance
2025-12-23,^GSPC,6872.410156,6910.879883,6868.810059,6909.790039,6909.790039,3820560000,Yahoo Finance via yfinance
2025-12-24,^GSPC,6904.910156,6937.319824,6904.910156,6932.049805,6932.049805,1798270000,Yahoo Finance via yfinance
2025-12-26,^GSPC,6936.020020,6945.770020,6921.600098,6929.939941,6929.939941,2586550000,Yahoo Finance via yfinance
2025-12-29,^GSPC,6903.600098,6920.209961,6888.759766,6905.740234,6905.740234,3541750000,Yahoo Finance via yfinance
2025-12-30,^GSPC,6900.439941,6913.250000,6893.470215,6896.240234,6896.240234,3309930000,Yahoo Finance via yfinance
2025-12-31,^GSPC,6898.819824,6901.419922,6844.549805,6845.500000,6845.500000,3261830000,Yahoo Finance via yfinance
2026-01-02,^GSPC,6878.109863,6894.870117,6824.310059,6858.470215,6858.470215,4184120000,Yahoo Finance via yfinance
2026-01-05,^GSPC,6892.189941,6920.379883,6891.560059,6902.049805,6902.049805,5771930000,Yahoo Finance via yfinance
2026-01-06,^GSPC,6908.029785,6948.689941,6904.020020,6944.819824,6944.819824,5509680000,Yahoo Finance via yfinance
2026-01-07,^GSPC,6945.069824,6965.689941,6919.189941,6920.930176,6920.930176,5214480000,Yahoo Finance via yfinance
2026-01-08,^GSPC,6914.109863,6931.279785,6899.330078,6921.459961,6921.459961,5333200000,Yahoo Finance via yfinance
2026-01-09,^GSPC,6927.830078,6978.359863,6917.640137,6966.279785,6966.279785,5163900000,Yahoo Finance via yfinance
2026-01-12,^GSPC,6944.120117,6986.330078,6934.069824,6977.270020,6977.270020,5019040000,Yahoo Finance via yfinance
2026-01-13,^GSPC,6977.410156,6985.830078,6938.770020,6963.740234,6963.740234,5091730000,Yahoo Finance via yfinance
2026-01-14,^GSPC,6937.410156,6941.299805,6885.740234,6926.600098,6926.600098,5530830000,Yahoo Finance via yfinance
2026-01-15,^GSPC,6969.459961,6979.339844,6937.930176,6944.470215,6944.470215,5114050000,Yahoo Finance via yfinance
2026-01-16,^GSPC,6960.540039,6967.299805,6925.089844,6940.009766,6940.009766,5356550000,Yahoo Finance via yfinance
2026-01-20,^GSPC,6865.240234,6871.169922,6789.049805,6796.859863,6796.859863,5769500000,Yahoo Finance via yfinance
2026-01-21,^GSPC,6810.709961,6910.390137,6804.959961,6875.620117,6875.620117,5835520000,Yahoo Finance via yfinance
2026-01-22,^GSPC,6914.439941,6934.750000,6893.620117,6913.350098,6913.350098,5307580000,Yahoo Finance via yfinance
2026-01-23,^GSPC,6907.850098,6932.959961,6895.500000,6915.609863,6915.609863,4871930000,Yahoo Finance via yfinance
2026-01-26,^GSPC,6923.229980,6964.660156,6921.600098,6950.229980,6950.229980,4968050000,Yahoo Finance via yfinance
2026-01-27,^GSPC,6965.959961,6988.819824,6958.830078,6978.600098,6978.600098,5331720000,Yahoo Finance via yfinance
2026-01-28,^GSPC,7002.000000,7002.279785,6963.459961,6978.029785,6978.029785,5507670000,Yahoo Finance via yfinance
2026-01-29,^GSPC,6977.740234,6992.839844,6870.799805,6969.009766,6969.009766,6877780000,Yahoo Finance via yfinance
2026-01-30,^GSPC,6947.270020,6964.089844,6893.479980,6939.029785,6939.029785,6697340000,Yahoo Finance via yfinance
2026-02-02,^GSPC,6916.640137,6991.919922,6914.339844,6976.439941,6976.439941,5772050000,Yahoo Finance via yfinance
2026-02-03,^GSPC,6985.450195,6993.080078,6862.049805,6917.810059,6917.810059,7017660000,Yahoo Finance via yfinance
2026-02-04,^GSPC,6924.500000,6936.089844,6838.799805,6882.720215,6882.720215,7475750000,Yahoo Finance via yfinance
2026-02-05,^GSPC,6837.390137,6857.850098,6780.129883,6798.399902,6798.399902,6989120000,Yahoo Finance via yfinance
2026-02-06,^GSPC,6816.740234,6944.890137,6816.740234,6932.299805,6932.299805,6283680000,Yahoo Finance via yfinance
2026-02-09,^GSPC,6917.259766,6980.100098,6905.870117,6964.819824,6964.819824,5650260000,Yahoo Finance via yfinance
2026-02-10,^GSPC,6974.490234,6986.830078,6937.529785,6941.810059,6941.810059,5595950000,Yahoo Finance via yfinance
2026-02-11,^GSPC,6976.479980,6993.479980,6911.970215,6941.470215,6941.470215,6175510000,Yahoo Finance via yfinance
2026-02-12,^GSPC,6957.540039,6973.220215,6824.040039,6832.759766,6832.759766,7118700000,Yahoo Finance via yfinance
2026-02-13,^GSPC,6834.270020,6881.959961,6794.549805,6836.169922,6836.169922,5718360000,Yahoo Finance via yfinance
2026-02-17,^GSPC,6819.859863,6866.990234,6775.500000,6843.220215,6843.220215,5418480000,Yahoo Finance via yfinance
2026-02-18,^GSPC,6855.479980,6909.120117,6849.660156,6881.310059,6881.310059,5098160000,Yahoo Finance via yfinance
2026-02-19,^GSPC,6861.339844,6879.120117,6833.060059,6861.890137,6861.890137,5151690000,Yahoo Finance via yfinance
2026-02-20,^GSPC,6843.259766,6915.859863,6836.330078,6909.509766,6909.509766,5432480000,Yahoo Finance via yfinance
2026-02-23,^GSPC,6901.250000,6916.959961,6819.819824,6837.750000,6837.750000,5638350000,Yahoo Finance via yfinance
2026-02-24,^GSPC,6837.370117,6899.169922,6815.430176,6890.069824,6890.069824,5266090000,Yahoo Finance via yfinance
2026-02-25,^GSPC,6915.149902,6952.509766,6915.149902,6946.129883,6946.129883,5328060000,Yahoo Finance via yfinance
2026-02-26,^GSPC,6944.740234,6947.250000,6859.729980,6908.859863,6908.859863,5889550000,Yahoo Finance via yfinance
2026-02-27,^GSPC,6856.540039,6882.959961,6831.740234,6878.879883,6878.879883,6665660000,Yahoo Finance via yfinance
2026-03-02,^GSPC,6824.359863,6901.009766,6796.850098,6881.620117,6881.620117,6079080000,Yahoo Finance via yfinance
2026-03-03,^GSPC,6800.259766,6840.049805,6710.419922,6816.629883,6816.629883,6442080000,Yahoo Finance via yfinance
2026-03-04,^GSPC,6831.689941,6885.939941,6811.640137,6869.500000,6869.500000,5252170000,Yahoo Finance via yfinance
2026-03-05,^GSPC,6851.080078,6870.430176,6770.779785,6830.709961,6830.709961,5989300000,Yahoo Finance via yfinance
2026-03-06,^GSPC,6769.029785,6773.419922,6711.560059,6740.020020,6740.020020,5793120000,Yahoo Finance via yfinance
2026-03-09,^GSPC,6699.799805,6810.439941,6636.040039,6795.990234,6795.990234,6709410000,Yahoo Finance via yfinance
2026-03-10,^GSPC,6796.560059,6845.080078,6759.740234,6781.479980,6781.479980,5944950000,Yahoo Finance via yfinance
2026-03-11,^GSPC,6790.089844,6811.149902,6745.589844,6775.799805,6775.799805,5511090000,Yahoo Finance via yfinance
2026-03-12,^GSPC,6740.879883,6740.879883,6670.399902,6672.620117,6672.620117,6292170000,Yahoo Finance via yfinance
2026-03-13,^GSPC,6673.490234,6733.299805,6623.919922,6632.189941,6632.189941,5337120000,Yahoo Finance via yfinance
2026-03-16,^GSPC,6674.370117,6729.790039,6674.370117,6699.379883,6699.379883,5176290000,Yahoo Finance via yfinance
2026-03-17,^GSPC,6722.350098,6754.299805,6710.799805,6716.089844,6716.089844,5063390000,Yahoo Finance via yfinance
2026-03-18,^GSPC,6697.160156,6705.180176,6621.660156,6624.700195,6624.700195,5275480000,Yahoo Finance via yfinance
2026-03-19,^GSPC,6583.120117,6636.740234,6557.819824,6606.490234,6606.490234,5973390000,Yahoo Finance via yfinance
2026-03-20,^GSPC,6594.660156,6594.660156,6473.520020,6506.479980,6506.479980,10025820000,Yahoo Finance via yfinance
2026-03-23,^GSPC,6574.959961,6651.620117,6565.549805,6581.000000,6581.000000,6020650000,Yahoo Finance via yfinance
2026-03-24,^GSPC,6552.089844,6595.750000,6525.109863,6556.370117,6556.370117,5278580000,Yahoo Finance via yfinance
2026-03-25,^GSPC,6598.350098,6633.939941,6568.410156,6591.899902,6591.899902,4936720000,Yahoo Finance via yfinance
2026-03-26,^GSPC,6555.859863,6573.220215,6473.790039,6477.160156,6477.160156,4845560000,Yahoo Finance via yfinance
2026-03-27,^GSPC,6453.890137,6453.890137,6356.080078,6368.850098,6368.850098,5303490000,Yahoo Finance via yfinance
2026-03-30,^GSPC,6403.370117,6427.310059,6316.910156,6343.720215,6343.720215,5458640000,Yahoo Finance via yfinance
2026-03-31,^GSPC,6395.879883,6539.049805,6395.879883,6528.520020,6528.520020,6396100000,Yahoo Finance via yfinance
2026-04-01,^GSPC,6556.560059,6609.669922,6554.290039,6575.319824,6575.319824,5637260000,Yahoo Finance via yfinance
2026-04-02,^GSPC,6512.609863,6601.910156,6474.939941,6582.689941,6582.689941,4740740000,Yahoo Finance via yfinance
2026-04-06,^GSPC,6587.660156,6618.129883,6579.720215,6611.830078,6611.830078,3906440000,Yahoo Finance via yfinance
2026-04-07,^GSPC,6601.930176,6618.259766,6534.549805,6616.850098,6616.850098,4555680000,Yahoo Finance via yfinance
2026-04-08,^GSPC,6754.359863,6793.500000,6740.279785,6782.810059,6782.810059,5904880000,Yahoo Finance via yfinance
2026-04-09,^GSPC,6783.689941,6835.310059,6761.549805,6824.660156,6824.660156,4912410000,Yahoo Finance via yfinance
2026-04-10,^GSPC,6839.240234,6845.770020,6808.459961,6816.890137,6816.890137,4393220000,Yahoo Finance via yfinance
2026-04-13,^GSPC,6806.470215,6887.000000,6790.020020,6886.240234,6886.240234,4785840000,Yahoo Finance via yfinance
2026-04-14,^GSPC,6910.200195,6969.419922,6905.169922,6967.379883,6967.379883,5032380000,Yahoo Finance via yfinance
2026-04-15,^GSPC,6978.169922,7026.240234,6967.129883,7022.950195,7022.950195,5278610000,Yahoo Finance via yfinance
2026-04-16,^GSPC,7037.779785,7051.229980,7008.520020,7041.279785,7041.279785,5173650000,Yahoo Finance via yfinance
2026-04-17,^GSPC,7074.549805,7147.520020,7074.549805,7126.060059,7126.060059,6145300000,Yahoo Finance via yfinance
2026-04-20,^GSPC,7117.049805,7122.649902,7084.410156,7109.140137,7109.140137,4661130000,Yahoo Finance via yfinance
2026-04-21,^GSPC,7122.640137,7137.270020,7050.200195,7064.009766,7064.009766,5160270000,Yahoo Finance via yfinance
2026-04-22,^GSPC,7102.910156,7138.640137,7102.910156,7137.899902,7137.899902,4919460000,Yahoo Finance via yfinance
2026-04-23,^GSPC,7118.799805,7147.779785,7046.549805,7108.399902,7108.399902,5307260000,Yahoo Finance via yfinance
2026-04-24,^GSPC,7136.479980,7168.589844,7112.819824,7165.080078,7165.080078,4608830000,Yahoo Finance via yfinance
2026-04-27,^GSPC,7152.720215,7178.740234,7146.720215,7173.910156,7173.910156,4783750000,Yahoo Finance via yfinance
2026-04-28,^GSPC,7133.740234,7152.520020,7115.169922,7138.799805,7138.799805,4900650000,Yahoo Finance via yfinance
2026-04-29,^GSPC,7131.609863,7145.629883,7107.859863,7135.950195,7135.950195,5123100000,Yahoo Finance via yfinance
2026-04-30,^GSPC,7161.750000,7219.830078,7126.149902,7209.009766,7209.009766,5723790000,Yahoo Finance via yfinance
2026-05-01,^GSPC,7234.540039,7272.520020,7229.319824,7230.120117,7230.120117,4847390000,Yahoo Finance via yfinance
2026-05-04,^GSPC,7228.379883,7244.540039,7174.120117,7200.750000,7200.750000,5215480000,Yahoo Finance via yfinance
2026-05-05,^GSPC,7233.620117,7273.259766,7233.620117,7259.220215,7259.220215,5279760000,Yahoo Finance via yfinance
2026-05-06,^GSPC,7294.140137,7369.220215,7294.140137,7365.120117,7365.120117,6579640000,Yahoo Finance via yfinance
2026-05-07,^GSPC,7376.779785,7385.020020,7321.250000,7337.109863,7337.109863,6237040000,Yahoo Finance via yfinance
2026-05-08,^GSPC,7362.970215,7401.500000,7362.970215,7398.930176,7398.930176,5302740000,Yahoo Finance via yfinance
2026-05-11,^GSPC,7385.310059,7428.970215,7384.200195,7412.839844,7412.839844,5821910000,Yahoo Finance via yfinance
2026-05-12,^GSPC,7390.629883,7409.569824,7338.540039,7400.959961,7400.959961,5624790000,Yahoo Finance via yfinance
2026-05-13,^GSPC,7409.120117,7460.040039,7375.129883,7444.250000,7444.250000,5716600000,Yahoo Finance via yfinance
2026-05-14,^GSPC,7454.399902,7517.120117,7454.399902,7501.240234,7501.240234,5267050000,Yahoo Finance via yfinance
2026-05-15,^GSPC,7445.109863,7454.850098,7397.500000,7408.500000,7408.500000,5582070000,Yahoo Finance via yfinance
2026-05-18,^GSPC,7415.069824,7434.060059,7353.169922,7403.049805,7403.049805,5489500000,Yahoo Finance via yfinance
2026-05-19,^GSPC,7375.750000,7395.319824,7333.680176,7353.609863,7353.609863,5441140000,Yahoo Finance via yfinance
2026-05-20,^GSPC,7369.189941,7435.689941,7357.459961,7432.970215,7432.970215,5384150000,Yahoo Finance via yfinance
2026-05-21,^GSPC,7410.779785,7465.959961,7389.479980,7445.720215,7445.720215,5440620000,Yahoo Finance via yfinance
2026-05-22,^GSPC,7468.819824,7506.319824,7463.290039,7473.470215,7473.470215,4952440000,Yahoo Finance via yfinance
2026-05-26,^GSPC,7511.790039,7539.089844,7501.100098,7519.120117,7519.120117,5496060000,Yahoo Finance via yfinance
2026-05-27,^GSPC,7526.009766,7530.720215,7499.720215,7520.359863,7520.359863,5524250000,Yahoo Finance via yfinance
2026-05-28,^GSPC,7519.819824,7568.720215,7508.040039,7563.629883,7563.629883,5494860000,Yahoo Finance via yfinance
2026-05-29,^GSPC,7579.330078,7599.379883,7563.549805,7580.060059,7580.060059,7858290000,Yahoo Finance via yfinance
2026-06-01,^GSPC,7582.290039,7617.660156,7562.609863,7599.959961,7599.959961,6583960000,Yahoo Finance via yfinance
2026-06-02,^GSPC,7595.399902,7620.899902,7582.990234,7609.779785,7609.779785,5904410000,Yahoo Finance via yfinance
2026-06-03,^GSPC,7605.310059,7605.350098,7551.220215,7553.680176,7553.680176,5753860000,Yahoo Finance via yfinance
2026-06-04,^GSPC,7516.540039,7598.189941,7516.540039,7584.310059,7584.310059,5398910000,Yahoo Finance via yfinance
2026-06-05,^GSPC,7537.359863,7541.810059,7368.629883,7383.740234,7383.740234,5591290000,Yahoo Finance via yfinance
2026-06-08,^GSPC,7440.569824,7466.810059,7395.129883,7405.729980,7405.729980,4898180000,Yahoo Finance via yfinance
2026-06-09,^GSPC,7438.660156,7483.149902,7237.850098,7386.649902,7386.649902,6006390000,Yahoo Finance via yfinance
2026-06-10,^GSPC,7350.540039,7396.560059,7265.930176,7266.990234,7266.990234,5247300000,Yahoo Finance via yfinance
2026-06-11,^GSPC,7287.669922,7412.680176,7257.330078,7394.299805,7394.299805,5658920000,Yahoo Finance via yfinance
2026-06-12,^GSPC,7410.850098,7456.399902,7363.009766,7431.459961,7431.459961,4950530000,Yahoo Finance via yfinance
2026-06-15,^GSPC,7516.750000,7577.919922,7516.750000,7554.290039,7554.290039,5674670000,Yahoo Finance via yfinance
2026-06-16,^GSPC,7548.779785,7564.959961,7508.680176,7511.350098,7511.350098,5286210000,Yahoo Finance via yfinance
2026-06-17,^GSPC,7524.500000,7532.169922,7402.609863,7420.100098,7420.100098,5883740000,Yahoo Finance via yfinance
2026-06-18,^GSPC,7487.359863,7511.069824,7468.319824,7500.580078,7500.580078,9061110000,Yahoo Finance via yfinance
2026-06-22,^GSPC,7500.439941,7530.009766,7460.009766,7472.790039,7472.790039,5976740000,Yahoo Finance via yfinance
2026-06-23,^GSPC,7366.509766,7424.169922,7347.600098,7365.459961,7365.459961,5640530000,Yahoo Finance via yfinance
2026-06-24,^GSPC,7370.879883,7428.060059,7336.819824,7358.220215,7358.220215,5994860000,Yahoo Finance via yfinance
2026-06-25,^GSPC,7404.910156,7419.080078,7323.500000,7357.490234,7357.490234,5565760000,Yahoo Finance via yfinance
2026-06-26,^GSPC,7312.740234,7392.950195,7294.180176,7354.020020,7354.020020,9105600000,Yahoo Finance via yfinance
2026-06-29,^GSPC,7391.879883,7444.319824,7348.879883,7440.430176,7440.430176,5794570000,Yahoo Finance via yfinance
2026-06-30,^GSPC,7441.270020,7508.290039,7438.040039,7499.359863,7499.359863,6037540000,Yahoo Finance via yfinance
2026-07-01,^GSPC,7478.839844,7521.810059,7449.629883,7483.229980,7483.229980,5782730000,Yahoo Finance via yfinance
2026-07-02,^GSPC,7495.140137,7540.750000,7427.549805,7483.240234,7483.240234,5463520000,Yahoo Finance via yfinance
2026-07-06,^GSPC,7506.959961,7551.310059,7500.970215,7537.430176,7537.430176,4971110000,Yahoo Finance via yfinance
2026-07-07,^GSPC,7516.629883,7536.060059,7478.629883,7503.850098,7503.850098,5049590000,Yahoo Finance via yfinance
2026-07-08,^GSPC,7476.540039,7488.509766,7421.819824,7482.709961,7482.709961,5102020000,Yahoo Finance via yfinance
2026-07-09,^GSPC,7491.600098,7546.890137,7481.729980,7543.640137,7543.640137,4442950000,Yahoo Finance via yfinance
2026-07-10,^GSPC,7547.640137,7579.930176,7508.160156,7575.390137,7575.390137,4006370000,Yahoo Finance via yfinance
2026-07-13,^GSPC,7547.529785,7565.370117,7506.410156,7515.339844,7515.339844,4729990000,Yahoo Finance via yfinance
2026-07-14,^GSPC,7536.700195,7557.439941,7513.229980,7543.589844,7543.589844,4836950000,Yahoo Finance via yfinance
2026-07-15,^GSPC,7571.720215,7581.500000,7526.950195,7572.399902,7572.399902,5236550000,Yahoo Finance via yfinance
2026-07-16,^GSPC,7558.799805,7570.740234,7504.020020,7533.770020,7533.770020,5365300000,Yahoo Finance via yfinance
2026-07-17,^GSPC,7447.520020,7498.470215,7431.259766,7457.689941,7457.689941,5303290000,Yahoo Finance via yfinance
2026-07-20,^GSPC,7489.180176,7513.229980,7440.529785,7443.279785,7443.279785,5152910000,Yahoo Finance via yfinance
2026-07-21,^GSPC,7489.950195,7515.310059,7467.859863,7509.200195,7509.200195,5149030000,Yahoo Finance via yfinance
2026-07-22,^GSPC,7497.470215,7525.939941,7485.850098,7498.959961,7498.959961,4890390000,Yahoo Finance via yfinance
2026-07-23,^GSPC,7418.290039,7450.120117,7376.000000,7408.299805,7408.299805,5515210000,Yahoo Finance via yfinance
2026-07-24,^GSPC,7406.299805,7460.979980,7396.529785,7411.979980,7411.979980,4860620000,Yahoo Finance via yfinance
2026-07-27,^GSPC,7464.200195,7480.569824,7382.740234,7413.180176,7413.180176,5038290000,Yahoo Finance via yfinance
2026-07-28,^GSPC,7395.549805,7452.089844,7382.950195,7428.779785,7428.779785,5590890000,Yahoo Finance via yfinance
2026-07-29,^GSPC,7418.160156,7450.839844,7313.919922,7316.149902,7316.149902,5836350000,Yahoo Finance via yfinance
2026-07-30,^GSPC,7390.450195,7448.750000,7370.979980,7437.629883,7437.629883,5594430000,Yahoo Finance via yfinance
2026-07-31,^GSPC,7462.129883,7512.040039,7399.830078,7489.720215,7489.720215,5391020000,Yahoo Finance via yfinance
2026-08-03,^GSPC,7504.779785,7610.040039,7504.779785,7600.500000,7600.500000,5201470000,Yahoo Finance via yfinance
2026-08-04,^GSPC,7630.620117,7758.209961,7629.100098,7736.520020,7736.520020,5906940000,Yahoo Finance via yfinance
2026-08-05,^GSPC,7771.620117,7793.680176,7720.169922,7723.549805,7723.549805,3159366000,Yahoo Finance via yfinance
